CXSMILES,HLM,KSOL,LogD,MDR1-MDCKII,MLM,Molecule Name,Set,SMILES_CLEAN,OPENADMET_CANONICAL_SMILES,LOG_CLint_HLM,LOG_CLint_MLM,LOG_MDR1,LOG_KSOL
CNCCN1C[C@@]2(C(=O)N(C3=CN=CC4=CC=CC=C34)C[C@@H]2C)C2=CC(F)=CC=C2C1=O,3.0,396.0,0.0,0.669,2.0,ASAP-0013407,Train,CNCCN1C[C@@]2(C(=O)N(C3=CN=CC4=CC=CC=C34)C[C@@H]2C)C2=CC(F)=CC=C2C1=O,CNCCN1C[C@@]2(C(=O)N(c3cncc4ccccc34)C[C@@H]2C)c2cc(F)ccc2C1=O,0.47712125471966244,0.3010299956639812,-0.17457388223217687,2.597695185925512
O=C(NCC(F)F)[C@H](NC1=CC=C2CNCC2=C1)C1=CC(Br)=CC2=C1NC=N2 |&1:7|,,,0.4,0.5,,ASAP-0031884,Train,O=C(NCC(F)F)[C@H](NC1=CC=C2CNCC2=C1)C1=CC(Br)=CC2=C1NC=N2,O=C(NCC(F)F)[C@H](Nc1ccc2c(c1)CNC2)c1cc(Br)cc2nc[nH]c12,,,-0.3010299956639812,
CC1=CC=CC=C1OCC(=O)NC1=CN=CC(C2=CN=C3NC=CC3=C2)=C1,113.0,6.0,,2.06,,ASAP-0010877,Train,CC1=CC=CC=C1OCC(=O)NC1=CN=CC(C2=CN=C3NC=CC3=C2)=C1,Cc1ccccc1OCC(=O)Nc1cncc(-c2cnc3[nH]ccc3c2)c1,2.0530784434834195,,0.31386722036915343,0.7781512503836436
NCC1=CC=CC(NC(=O)C2=CC(OCC3=CC=CC=C3)=CC=C2CNC(=O)OCC2=CC=CC=C2)=C1,21.0,14.0,2.8,1.75,,ASAP-0016784,Train,NCC1=CC=CC(NC(=O)C2=CC(OCC3=CC=CC=C3)=CC=C2CNC(=O)OCC2=CC=CC=C2)=C1,NCc1cccc(NC(=O)c2cc(OCc3ccccc3)ccc2CNC(=O)OCc2ccccc2)c1,1.3222192947339193,,0.24303804868629444,1.146128035678238
CC(C)NC[C@H](O)COC1=CC=C(CC(N)=O)C=C1 |&1:5|,,,,0.7,,ASAP-0000767,Train,CC(C)NC[C@H](O)COC1=CC=C(CC(N)=O)C=C1,CC(C)NC[C@H](O)COc1ccc(CC(N)=O)cc1,,,-0.1549019599857432,
C[C@H]1CN(C2=CN=CC3=CC=CC=C23)C(=O)[C@@]12CN(CCN1CCOCC1)C(=O)C1=CC=C(F)C=C12,96.0,392.0,1.4,9.99,165.0,ASAP-0011445,Train,C[C@H]1CN(C2=CN=CC3=CC=CC=C23)C(=O)[C@@]12CN(CCN1CCOCC1)C(=O)C1=CC=C(F)C=C12,C[C@H]1CN(c2cncc3ccccc23)C(=O)[C@@]12CN(CCN1CCOCC1)C(=O)c1ccc(F)cc12,1.9822712330395684,2.2174839442139063,0.9995654882259823,2.593286067020457
"C[C@H]1CN(C2=CN=CC3=CC=CC=C23)C(=O)[C@@]12CN(CC1=NN=NN1C)C(=O)C1=CC=C(F)C=C12 |a:1,16|",58.0,372.0,1.5,3.02,172.0,ASAP-0013721,Train,C[C@H]1CN(C2=CN=CC3=CC=CC=C23)C(=O)[C@@]12CN(CC1=NN=NN1C)C(=O)C1=CC=C(F)C=C12,C[C@H]1CN(c2cncc3ccccc23)C(=O)[C@@]12CN(Cc1nnnn1C)C(=O)c1ccc(F)cc12,1.7634279935629373,2.2355284469075487,0.48000694295715063,2.5705429398818973
CC1=CC(C2=NOC(C(F)(F)F)=N2)=CC=C1OCCCC1=CN=CO1,10.5,3.0,,1.58,48.2,ASAP-0017294,Train,CC1=CC(C2=NOC(C(F)(F)F)=N2)=CC=C1OCCCC1=CN=CO1,Cc1cc(-c2noc(C(F)(F)F)n2)ccc1OCCCc1cnco1,1.021189299069938,1.6830470382388496,0.19865708695442263,0.47712125471966244
O=C(NC1=CC(Cl)=CC(C(=O)NC2=CC=C3CNCC3=C2)=C1)OCC1=CC=CC=C1,12.7,35.0,2.8,1.25,,ASAP-0020915,Train,O=C(NC1=CC(Cl)=CC(C(=O)NC2=CC=C3CNCC3=C2)=C1)OCC1=CC=CC=C1,O=C(Nc1cc(Cl)cc(C(=O)Nc2ccc3c(c2)CNC3)c1)OCc1ccccc1,1.1038037209559568,,0.09691001300805642,1.5440680443502757
C=CC(=O)N1CCCC2=CC=C(N(CC3=CC=CC(Cl)=C3)C(=O)CC3=CN=CC4=C(F)C=CC=C34)C=C21,752.0,,,,1920.0,ASAP-0022456,Train,C=CC(=O)N1CCCC2=CC=C(N(CC3=CC=CC(Cl)=C3)C(=O)CC3=CN=CC4=C(F)C=CC=C34)C=C21,C=CC(=O)N1CCCc2ccc(N(Cc3cccc(Cl)c3)C(=O)Cc3cncc4c(F)cccc34)cc21,2.876217840591642,3.2833012287035497,,
ClC1=CC=C(C2=NN=C(SC3=CC(C4=CC=CC=C4)=NC4=NC=NN34)O2)C=C1,,2.0,4.2,0.00871,,ASAP-0023182,Train,ClC1=CC=C(C2=NN=C(SC3=CC(C4=CC=CC=C4)=NC4=NC=NN34)O2)C=C1,Clc1ccc(-c2nnc(Sc3cc(-c4ccccc4)nc4ncnn34)o2)cc1,,,-2.0599818449923366,0.3010299956639812
O=C(C1=CC=C2COB(O)C2=C1)N1CCN[C@H](C2=CC=CC=C2)C1 |&1:16|,4.0,,0.8,5.2,12.0,ASAP-0014817,Train,O=C(C1=CC=C2COB(O)C2=C1)N1CCN[C@H](C2=CC=CC=C2)C1,O=C(c1ccc2c(c1)B(O)OC2)N1CCN[C@H](c2ccccc2)C1,0.6020599913279624,1.0791812460476249,0.7160033436347992,
O=C(CC1=CN=CC2=CC=CC=C12)N1CCC[C@]2(C=CC3=CC=CC=C3O2)C1 |&1:17|,,266.0,,14.8,,ASAP-0029324,Train,O=C(CC1=CN=CC2=CC=CC=C12)N1CCC[C@]2(C=CC3=CC=CC=C3O2)C1,O=C(Cc1cncc2ccccc12)N1CCC[C@]2(C=Cc3ccccc3O2)C1,,,1.1702617153949575,2.424881636631067
C=CC(=O)NC1=CC=CC(N(CC2=CC=CC(Cl)=C2)C(=O)CC2=CN=CC3=CC=CC=C23)=C1,1070.0,24.7,3.8,8.0,2380.0,ASAP-0000175,Train,C=CC(=O)NC1=CC=CC(N(CC2=CC=CC(Cl)=C2)C(=O)CC2=CN=CC3=CC=CC=C23)=C1,C=CC(=O)Nc1cccc(N(Cc2cccc(Cl)c2)C(=O)Cc2cncc3ccccc23)c1,3.0293837776852097,3.376576957056512,0.9030899869919435,1.3926969532596658
COC1=CC=C([C@H](NC(=O)C2=C3C=CNC3=NC=N2)C(C)C2=NN=NN2)C=C1 |&1:6|,2.0,,0.0,1.13,1.0,ASAP-0010744,Train,COC1=CC=C([C@H](NC(=O)C2=C3C=CNC3=NC=N2)C(C)C2=NN=NN2)C=C1,COc1ccc([C@H](NC(=O)c2ncnc3[nH]ccc23)C(C)c2nnn[nH]2)cc1,0.3010299956639812,0.0,0.05307844348341968,
CC1=NN(C)C=C1C1=CC2=C(N[C@H](C3=CC=C4CCCS(=O)(=O)C4=C3)C(C)C)N=CN=C2N1 |o1:12|,273.0,65.0,3.1,4.36,202.0,ASAP-0011446,Train,CC1=NN(C)C=C1C1=CC2=C(N[C@H](C3=CC=C4CCCS(=O)(=O)C4=C3)C(C)C)N=CN=C2N1,Cc1nn(C)cc1-c1cc2c(N[C@H](c3ccc4c(c3)S(=O)(=O)CCC4)C(C)C)ncnc2[nH]1,2.436162647040756,2.305351369446624,0.6394864892685861,1.8129133566428555
O=C(CC1=CN=CC2=CC=CC=C12)N1CCC[C@H]1C=CC1=CC=CS1 |&1:17|,,361.0,,15.1,,ASAP-0029365,Train,O=C(CC1=CN=CC2=CC=CC=C12)N1CCC[C@H]1C=CC1=CC=CS1,O=C(Cc1cncc2ccccc12)N1CCC[C@H]1C=Cc1cccs1,,,1.1789769472931695,2.5575072019056577
CNS(=O)(=O)[C@H]1CCCN(C(=O)CC2=CN=CC3=CC=CC=C23)C1 |&1:5|,,380.0,,3.87,,ASAP-0029282,Train,CNS(=O)(=O)[C@H]1CCCN(C(=O)CC2=CN=CC3=CC=CC=C23)C1,CNS(=O)(=O)[C@H]1CCCN(C(=O)Cc2cncc3ccccc23)C1,,,0.5877109650189114,2.57978359661681
"NCC1=CC=CC([C@H]2C[C@@H]2C2=CC(Cl)=CC(NC(=O)OCC3=CC=CC=C3)=C2)=C1 |&1:7,9|",11.4,50.0,,1.66,,ASAP-0021039,Train,NCC1=CC=CC([C@H]2C[C@@H]2C2=CC(Cl)=CC(NC(=O)OCC3=CC=CC=C3)=C2)=C1,NCc1cccc([C@H]2C[C@@H]2c2cc(Cl)cc(NC(=O)OCc3ccccc3)c2)c1,1.0569048513364727,,0.22010808804005508,1.6989700043360187
"O=C(CC1=CN=CC2=CC=CC=C12)N1[C@H]2CC[C@H]1C1=NC=CC=C12 |&1:14,&2:17|",,377.0,,19.3,,ASAP-0029289,Train,O=C(CC1=CN=CC2=CC=CC=C12)N1[C@H]2CC[C@H]1C1=NC=CC=C12,O=C(Cc1cncc2ccccc12)N1[C@H]2CC[C@H]1c1ncccc12,,,1.2855573090077739,2.576341350205793
"C[C@H](C(=O)O)[C@H](NC(=O)C1=NC=NC2=C1C=CN2)C1=CC=C(Br)C=C1 |&1:1,&2:5|",5.0,386.0,0.5,1.4,4.0,ASAP-0008445,Train,C[C@H](C(=O)O)[C@H](NC(=O)C1=NC=NC2=C1C=CN2)C1=CC=C(Br)C=C1,C[C@H](C(=O)O)[C@H](NC(=O)c1ncnc2[nH]ccc12)c1ccc(Br)cc1,0.6989700043360189,0.6020599913279624,0.146128035678238,2.586587304671755
COC(=O)NC1=NC2=CC=C(C(=O)C3=CC=CC=C3)C=C2N1,,,2.9,,,ASAP-0000688,Train,COC(=O)NC1=NC2=CC=C(C(=O)C3=CC=CC=C3)C=C2N1,COC(=O)Nc1nc2ccc(C(=O)c3ccccc3)cc2[nH]1,,,,
O=C(NCC(F)(F)F)C1=CC(Cl)=C(F)C=C1NS(=O)(=O)C1=CC=C(OC2=CC=CC=C2Cl)C=C1,70.0,14.0,,2.4,,ASAP-0016843,Train,O=C(NCC(F)(F)F)C1=CC(Cl)=C(F)C=C1NS(=O)(=O)C1=CC=C(OC2=CC=CC=C2Cl)C=C1,O=C(NCC(F)(F)F)c1cc(Cl)c(F)cc1NS(=O)(=O)c1ccc(Oc2ccccc2Cl)cc1,1.845098040014257,,0.38021124171160603,1.146128035678238
"CN1CC[C@H](NC(=O)C2=CC=CC(B(O)O)=C2)[C@H]1C1=CC=C(Cl)C=C1 |&1:4,17|",21.0,,2.8,14.9,53.0,ASAP-0014724,Train,CN1CC[C@H](NC(=O)C2=CC=CC(B(O)O)=C2)[C@H]1C1=CC=C(Cl)C=C1,CN1CC[C@H](NC(=O)c2cccc(B(O)O)c2)[C@H]1c1ccc(Cl)cc1,1.3222192947339193,1.724275869600789,1.173186268412274,
CC1=CC(C2=CC=C([C@H](NC(=O)OCC3=CC=CC=C3)C(=O)NC3=CC=CC(CN)=C3)C=C2)=CS1 |&1:8|,29.5,8.0,,1.19,,ASAP-0016768,Train,CC1=CC(C2=CC=C([C@H](NC(=O)OCC3=CC=CC=C3)C(=O)NC3=CC=CC(CN)=C3)C=C2)=CS1,Cc1cc(-c2ccc([C@H](NC(=O)OCc3ccccc3)C(=O)Nc3cccc(CN)c3)cc2)cs1,1.469822015978163,,0.07554696139253074,0.9030899869919435
CC(C)[C@H](NC1=NC=NC2=C1C=C(C1=CN(CC(=O)N(C)C)N=C1)N2)C1=CC=C2OCCOC2=C1 |&1:3|,142.0,210.0,2.3,1.14,59.0,ASAP-0008485,Train,CC(C)[C@H](NC1=NC=NC2=C1C=C(C1=CN(CC(=O)N(C)C)N=C1)N2)C1=CC=C2OCCOC2=C1,CC(C)[C@H](Nc1ncnc2[nH]c(-c3cnn(CC(=O)N(C)C)c3)cc12)c1ccc2c(c1)OCCO2,2.1522883443830563,1.7708520116421442,0.05690485133647256,2.322219294733919
CC(C)[C@H](NC1=NC=NC2=C1C=C(C1=CC=C3N=NN(C)C3=C1)N2)C1=CC=C2CCCS(=O)(=O)C2=C1 |&1:3|,752.0,6.0,3.4,0.827,219.0,ASAP-0011201,Train,CC(C)[C@H](NC1=NC=NC2=C1C=C(C1=CC=C3N=NN(C)C3=C1)N2)C1=CC=C2CCCS(=O)(=O)C2=C1,CC(C)[C@H](Nc1ncnc2[nH]c(-c3ccc4nnn(C)c4c3)cc12)c1ccc2c(c1)S(=O)(=O)CCC2,2.876217840591642,2.3404441148401185,-0.08249449044745336,0.7781512503836436
CC1=CC(C2=NOC(C(F)(F)F)=N2)=CC=C1OCCCC1=NN=C(C(F)F)O1,,6.0,,1.93,19.0,ASAP-0017312,Train,CC1=CC(C2=NOC(C(F)(F)F)=N2)=CC=C1OCCCC1=NN=C(C(F)F)O1,Cc1cc(-c2noc(C(F)(F)F)n2)ccc1OCCCc1nnc(C(F)F)o1,,1.2787536009528289,0.28555730900777376,0.7781512503836436
CC(C)[C@H](NC1=NC=NC2=C1C=C(C1=CN(CC(=O)N(C)C)N=C1)N2)C1=CC=C2OCCOC2=C1 |o1:3|,500.0,19.0,2.9,2.05,35.0,ASAP-0013833,Train,CC(C)[C@H](NC1=NC=NC2=C1C=C(C1=CN(CC(=O)N(C)C)N=C1)N2)C1=CC=C2OCCOC2=C1,CC(C)[C@H](Nc1ncnc2[nH]c(-c3cnn(CC(=O)N(C)C)c3)cc12)c1ccc2c(c1)OCCO2,2.6989700043360187,1.5440680443502757,0.31175386105575426,1.2787536009528289
CNC(=O)C1=CC=CC(C2=CC3=C(N[C@H](C4=CC=C5CCCS(=O)(=O)C5=C4)C(C)C)N=CN=C3N2)=C1 |o1:14|,455.0,15.0,3.7,0.627,882.0,ASAP-0012344,Train,CNC(=O)C1=CC=CC(C2=CC3=C(N[C@H](C4=CC=C5CCCS(=O)(=O)C5=C4)C(C)C)N=CN=C3N2)=C1,CNC(=O)c1cccc(-c2cc3c(N[C@H](c4ccc5c(c4)S(=O)(=O)CCC5)C(C)C)ncnc3[nH]2)c1,2.6580113966571126,2.94546858513182,-0.20273245916928356,1.1760912590556813
C[C@H]1CN(C2=CN=CC3=CC=CC=C23)C(=O)[C@@]12CN(CC1=NC=CN1)C(=O)C1=CC=C(F)C=C12,90.0,373.0,2.1,4.92,316.0,ASAP-0013274,Train,C[C@H]1CN(C2=CN=CC3=CC=CC=C23)C(=O)[C@@]12CN(CC1=NC=CN1)C(=O)C1=CC=C(F)C=C12,C[C@H]1CN(c2cncc3ccccc23)C(=O)[C@@]12CN(Cc1ncc[nH]1)C(=O)c1ccc(F)cc12,1.954242509439325,2.499687082618404,0.6919651027673603,2.571708831808688
NCC1=CC=CC(NC(=O)C2=CC=CN3C=C(CN4CCCC4)N=C23)=C1,,332.0,0.2,5.25,,ASAP-0022474,Train,NCC1=CC=CC(NC(=O)C2=CC=CN3C=C(CN4CCCC4)N=C23)=C1,NCc1cccc(NC(=O)c2cccn3cc(CN4CCCC4)nc23)c1,,,0.7201593034059569,2.5211380837040362
NCC1=CC=CC(NC(=O)[C@@H](NC(=O)OCC2=CC=CC=C2)C2=CC=C(OCC3=CC=CC=C3)C=C2)=C1 |a:10|,11.0,23.0,3.2,1.53,1.0,ASAP-0015367,Train,NCC1=CC=CC(NC(=O)[C@@H](NC(=O)OCC2=CC=CC=C2)C2=CC=C(OCC3=CC=CC=C3)C=C2)=C1,NCc1cccc(NC(=O)[C@@H](NC(=O)OCc2ccccc2)c2ccc(OCc3ccccc3)cc2)c1,1.0413926851582251,0.0,0.1846914308175988,1.3617278360175928
"CNC(=O)CN1C[C@@]2(C(=O)N(C3=CN=CC4=CC=CC=C34)C[C@@H]2CNC2=CC=C(Cl)N=N2)C2=CC(Cl)=CC=C2C1=O |a:7,22|",70.0,390.0,2.1,0.5,75.0,ASAP-0014544,Train,CNC(=O)CN1C[C@@]2(C(=O)N(C3=CN=CC4=CC=CC=C34)C[C@@H]2CNC2=CC=C(Cl)N=N2)C2=CC(Cl)=CC=C2C1=O,CNC(=O)CN1C[C@@]2(C(=O)N(c3cncc4ccccc34)C[C@@H]2CNc2ccc(Cl)nn2)c2cc(Cl)ccc2C1=O,1.845098040014257,1.8750612633917,-0.3010299956639812,2.591064607026499
CN(C)C(=O)C1=NOC(CCCN2C=CC3=CC(C4=NOC(C(F)(F)F)=N4)=CC=C32)=C1,28.9,8.0,,1.02,26.4,ASAP-0017622,Train,CN(C)C(=O)C1=NOC(CCCN2C=CC3=CC(C4=NOC(C(F)(F)F)=N4)=CC=C32)=C1,CN(C)C(=O)c1cc(CCCn2ccc3cc(-c4noc(C(F)(F)F)n4)ccc32)on1,1.4608978427565478,1.421603926869831,0.00860017176191757,0.9030899869919435
CC(C)[C@H](NC1=NC=NC2=C1C=C(C1=CN(CC(=O)N(C)C)N=C1)N2)C1=CC=C2CCCS(=O)(=O)C2=C1 |o1:3|,92.0,361.0,2.2,1.17,124.0,ASAP-0013744,Train,CC(C)[C@H](NC1=NC=NC2=C1C=C(C1=CN(CC(=O)N(C)C)N=C1)N2)C1=CC=C2CCCS(=O)(=O)C2=C1,CC(C)[C@H](Nc1ncnc2[nH]c(-c3cnn(CC(=O)N(C)C)c3)cc12)c1ccc2c(c1)S(=O)(=O)CCC2,1.9637878273455553,2.093421685162235,0.06818586174616162,2.5575072019056577
COCCNC(=O)C1=CNC2=NC=NC(N[C@H](C3=CC=C4CCCS(=O)(=O)C4=C3)C(C)C)=C12 |&1:16|,540.0,378.0,2.8,1.62,888.0,ASAP-0008650,Train,COCCNC(=O)C1=CNC2=NC=NC(N[C@H](C3=CC=C4CCCS(=O)(=O)C4=C3)C(C)C)=C12,COCCNC(=O)c1c[nH]c2ncnc(N[C@H](c3ccc4c(c3)S(=O)(=O)CCC4)C(C)C)c12,2.7323937598229686,2.948412965778601,0.20951501454263097,2.5774917998372255
CNC(=O)CN1C[C@@]2(C(=O)N(C3=CN=CC4=CC=CC=C34)C[C@@H]2CS(=O)(=O)N(C)C)C2=CC(Cl)=CC=C2C1=O,194.0,382.0,1.6,1.0,123.0,ASAP-0013302,Train,CNC(=O)CN1C[C@@]2(C(=O)N(C3=CN=CC4=CC=CC=C34)C[C@@H]2CS(=O)(=O)N(C)C)C2=CC(Cl)=CC=C2C1=O,CNC(=O)CN1C[C@@]2(C(=O)N(c3cncc4ccccc34)C[C@@H]2CS(=O)(=O)N(C)C)c2cc(Cl)ccc2C1=O,2.287801729930226,2.089905111439398,0.0,2.582063362911709
O=C(O)C[C@H](NC(=O)C1=NC=NC2=C1C=CN2)C1=CC=C(Br)C=C1 |&1:4|,6.0,,0.22,2.6,1.0,ASAP-0000136,Train,O=C(O)C[C@H](NC(=O)C1=NC=NC2=C1C=CN2)C1=CC=C(Br)C=C1,O=C(O)C[C@H](NC(=O)c1ncnc2[nH]ccc12)c1ccc(Br)cc1,0.7781512503836436,0.0,0.414973347970818,
CNC(=O)[C@H](NC1=CC(CN)=CC(C(=O)O)=C1)C1=CC(Cl)=CC(C2CC2)=C1 |&1:4|,,335.0,0.0,0.94,,ASAP-0028981,Train,CNC(=O)[C@H](NC1=CC(CN)=CC(C(=O)O)=C1)C1=CC(Cl)=CC(C2CC2)=C1,CNC(=O)[C@H](Nc1cc(CN)cc(C(=O)O)c1)c1cc(Cl)cc(C2CC2)c1,,,-0.026872146400301365,2.525044807036845
CC(C)[C@H](NC1=NC=NC2=C1C=C(C1=C(C#N)N(C)N=C1)N2)C1=CC=C2CCCS(=O)(=O)C2=C1 |o1:3|,516.0,26.0,3.7,1.82,709.0,ASAP-0011147,Train,CC(C)[C@H](NC1=NC=NC2=C1C=C(C1=C(C#N)N(C)N=C1)N2)C1=CC=C2CCCS(=O)(=O)C2=C1,CC(C)[C@H](Nc1ncnc2[nH]c(-c3cnn(C)c3C#N)cc12)c1ccc2c(c1)S(=O)(=O)CCC2,2.7126497016272113,2.8506462351830666,0.2600713879850748,1.414973347970818
O=C(O)C1=CC(Cl)=CC=C1S(=O)(=O)NC1CCN(C2=NC(C3CC3)=CC(C(F)(F)F)=N2)CC1,26.3,380.0,2.8,3.65,,ASAP-0017673,Train,O=C(O)C1=CC(Cl)=CC=C1S(=O)(=O)NC1CCN(C2=NC(C3CC3)=CC(C(F)(F)F)=N2)CC1,O=C(O)c1cc(Cl)ccc1S(=O)(=O)NC1CCN(c2nc(C3CC3)cc(C(F)(F)F)n2)CC1,1.4199557484897578,,0.5622928644564748,2.57978359661681
CC1=NN=C(SC2=CC(C3=CC=CC=C3)=NC3=NC=NN23)O1,,60.0,1.8,0.0448,465.0,ASAP-0027841,Train,CC1=NN=C(SC2=CC(C3=CC=CC=C3)=NC3=NC=NN23)O1,Cc1nnc(Sc2cc(-c3ccccc3)nc3ncnn23)o1,,2.667452952889954,-1.348721986001856,1.7781512503836436
CC(C)C1=NC([C@H]2CCCN(C(=O)CC3=CN=CC4=CC=CC=C34)C2)=NO1 |&1:6|,,380.0,,22.7,,ASAP-0029315,Train,CC(C)C1=NC([C@H]2CCCN(C(=O)CC3=CN=CC4=CC=CC=C34)C2)=NO1,CC(C)c1nc([C@H]2CCCN(C(=O)Cc3cncc4ccccc34)C2)no1,,,1.3560258571931227,2.57978359661681
O=C1NC(=O)[C@H](CC2=NC3=C(COCC3)S2)C2=CC=CC=C12 |&1:5|,20.3,356.0,0.6,5.44,67.5,ASAP-0020930,Train,O=C1NC(=O)[C@H](CC2=NC3=C(COCC3)S2)C2=CC=CC=C12,O=C1NC(=O)[C@H](Cc2nc3c(s2)COCC3)c2ccccc21,1.307496037913213,1.8293037728310249,0.7355988996981799,2.5514499979728753
CCOC1=CC=CC(C2=CC=C(S(=O)(=O)NC3=CC=C(Cl)C=C3C(=O)O)C=C2)=C1,119.0,392.0,2.8,6.22,,ASAP-0017501,Train,CCOC1=CC=CC(C2=CC=C(S(=O)(=O)NC3=CC=C(Cl)C=C3C(=O)O)C=C2)=C1,CCOc1cccc(-c2ccc(S(=O)(=O)Nc3ccc(Cl)cc3C(=O)O)cc2)c1,2.0755469613925306,,0.7937903846908186,2.593286067020457
"CNC(=O)CN1C[C@@]2(C(=O)N(C3=CN=CC4=CC=CC=C34)C[C@@H]2CS(=O)(=O)NC)C2=CC(Cl)=CC=C2C1=O |a:7,22|",83.0,,1.3,0.142,69.0,ASAP-0013717,Train,CNC(=O)CN1C[C@@]2(C(=O)N(C3=CN=CC4=CC=CC=C34)C[C@@H]2CS(=O)(=O)NC)C2=CC(Cl)=CC=C2C1=O,CNC(=O)CN1C[C@@]2(C(=O)N(c3cncc4ccccc34)C[C@@H]2CS(=O)(=O)NC)c2cc(Cl)ccc2C1=O,1.919078092376074,1.8388490907372552,-0.8477116556169435,
O=C(NCC(F)F)[C@H](NC1=CC=C2CNCC2=C1)C1=CC(Cl)=CC2=C1OC=C2 |&1:7|,,187.0,0.6,2.1,,ASAP-0031402,Train,O=C(NCC(F)F)[C@H](NC1=CC=C2CNCC2=C1)C1=CC(Cl)=CC2=C1OC=C2,O=C(NCC(F)F)[C@H](Nc1ccc2c(c1)CNC2)c1cc(Cl)cc2ccoc12,,,0.3222192947339193,2.271841606536499
CC(C)NC[C@H](O)COC1=CC=CC2=CC=CC=C12 |&1:5|,25.5,,,,63.0,ASAP-0000690,Train,CC(C)NC[C@H](O)COC1=CC=CC2=CC=CC=C12,CC(C)NC[C@H](O)COc1cccc2ccccc12,1.4065401804339552,1.7993405494535817,,
CC1=C(C(=O)NC2=CC([C@H]3CCOC3)=CC=N2)C=C(C2CC2)N1C |&1:9|,57.7,,3.0,27.2,,ASAP-0029521,Train,CC1=C(C(=O)NC2=CC([C@H]3CCOC3)=CC=N2)C=C(C2CC2)N1C,Cc1c(C(=O)Nc2cc([C@H]3CCOC3)ccn2)cc(C2CC2)n1C,1.7611758131557314,,1.4345689040341987,
CN1N=CC(C2=CC3=C(N[C@H](C4=CC=C5OCCOC5=C4)C(C)(C)C)N=CN=C3N2)=C1C#N |&1:10|,85.0,25.0,2.9,2.79,199.0,ASAP-0008484,Train,CN1N=CC(C2=CC3=C(N[C@H](C4=CC=C5OCCOC5=C4)C(C)(C)C)N=CN=C3N2)=C1C#N,Cn1ncc(-c2cc3c(N[C@H](c4ccc5c(c4)OCCO5)C(C)(C)C)ncnc3[nH]2)c1C#N,1.9294189257142926,2.298853076409707,0.44560420327359757,1.3979400086720377
CNC(=O)CN1C[C@@]2(C(=O)N(C3=CN=CC4=CC=CC=C34)C[C@@H]2C)C2=CC(Cl)=CC=C2C1=O,23.0,378.0,1.94,2.7,75.0,ASAP-0000733,Train,CNC(=O)CN1C[C@@]2(C(=O)N(C3=CN=CC4=CC=CC=C34)C[C@@H]2C)C2=CC(Cl)=CC=C2C1=O,CNC(=O)CN1C[C@@]2(C(=O)N(c3cncc4ccccc34)C[C@@H]2C)c2cc(Cl)ccc2C1=O,1.3617278360175928,1.8750612633917,0.43136376415898736,2.5774917998372255
"CC[C@H]1C[C@@H](C(F)(F)F)CCN1C(=O)CC1=CN=CC2=CC=CC=C12 |&1:2,4|",,219.0,,20.0,,ASAP-0029363,Train,CC[C@H]1C[C@@H](C(F)(F)F)CCN1C(=O)CC1=CN=CC2=CC=CC=C12,CC[C@H]1C[C@@H](C(F)(F)F)CCN1C(=O)Cc1cncc2ccccc12,,,1.3010299956639813,2.3404441148401185
CCNC(=O)CN1C[C@@]2(C(=O)N(C3=CN=CC4=CC=CC=C34)C[C@@H]2C)C2=CC(F)=CC=C2C1=O,65.0,,1.5,2.79,232.0,ASAP-0011343,Train,CCNC(=O)CN1C[C@@]2(C(=O)N(C3=CN=CC4=CC=CC=C34)C[C@@H]2C)C2=CC(F)=CC=C2C1=O,CCNC(=O)CN1C[C@@]2(C(=O)N(c3cncc4ccccc34)C[C@@H]2C)c2cc(F)ccc2C1=O,1.8129133566428555,2.3654879848909,0.44560420327359757,
CC1=CC(C2=NOC(C(F)(F)F)=N2)=CC=C1OCCCC1=CC(C(=O)N2CC[C@](C)(O)C2)=NO1 |&1:28|,,16.0,4.4,2.25,,ASAP-0017303,Train,CC1=CC(C2=NOC(C(F)(F)F)=N2)=CC=C1OCCCC1=CC(C(=O)N2CC[C@](C)(O)C2)=NO1,Cc1cc(-c2noc(C(F)(F)F)n2)ccc1OCCCc1cc(C(=O)N2CC[C@](C)(O)C2)no1,,,0.3521825181113625,1.2041199826559248
CCON=CC1=CC=C(OCCC2CCN(C3=CC=C(C)N=N3)CC2)C=C1,17.7,8.0,4.4,7.2,38.3,ASAP-0017298,Train,CCON=CC1=CC=C(OCCC2CCN(C3=CC=C(C)N=N3)CC2)C=C1,CCON=Cc1ccc(OCCC2CCN(c3ccc(C)nn3)CC2)cc1,1.2479732663618066,1.5831987739686226,0.8573324964312685,0.9030899869919435
CNC(=O)CN1C[C@@]2(C(=O)N(C3=CN=CC4=CC=CC=C34)C[C@@H]2C)C2=C(C=CC(F)=C2)C1=O,1.0,,1.07,1.7,23.0,ASAP-0000272,Train,CNC(=O)CN1C[C@@]2(C(=O)N(C3=CN=CC4=CC=CC=C34)C[C@@H]2C)C2=C(C=CC(F)=C2)C1=O,CNC(=O)CN1C[C@@]2(C(=O)N(c3cncc4ccccc34)C[C@@H]2C)c2cc(F)ccc2C1=O,0.0,1.3617278360175928,0.2304489213782739,
"CNC(=O)CN1C[C@@]2(C(=O)N(C3=CN=CC4=CC=CC=C34)C[C@@H]2CNC2=CN=CS2)C2=CC(Cl)=CC=C2C1=O |a:7,22|",39.0,397.0,1.8,0.6,77.0,ASAP-0013892,Train,CNC(=O)CN1C[C@@]2(C(=O)N(C3=CN=CC4=CC=CC=C34)C[C@@H]2CNC2=CN=CS2)C2=CC(Cl)=CC=C2C1=O,CNC(=O)CN1C[C@@]2(C(=O)N(c3cncc4ccccc34)C[C@@H]2CNc2cncs2)c2cc(Cl)ccc2C1=O,1.591064607026499,1.8864907251724818,-0.2218487496163564,2.598790506763115
NCC1=CC=CC(NC(=O)C2=CC(Cl)=CC(NC(=O)OCC3=CC=CC=C3)=C2)=C1,,89.0,2.7,2.11,,ASAP-0016806,Train,NCC1=CC=CC(NC(=O)C2=CC(Cl)=CC(NC(=O)OCC3=CC=CC=C3)=C2)=C1,NCc1cccc(NC(=O)c2cc(Cl)cc(NC(=O)OCc3ccccc3)c2)c1,,,0.3242824552976926,1.9493900066449128
CN(C)C(=O)C1=NOC(CCCOC2=CC=C(F)C=C2)=C1,42.6,208.0,2.6,34.4,281.0,ASAP-0020843,Train,CN(C)C(=O)C1=NOC(CCCOC2=CC=C(F)C=C2)=C1,CN(C)C(=O)c1cc(CCCOc2ccc(F)cc2)on1,1.6294095991027189,2.44870631990508,1.5365584425715302,2.3180633349627615
CN1C(SC2=CC(C3=NOC=C3)=NC3=NC=NN23)=NN=C1C1=CC=C(Cl)C=C1,,8.0,2.0,0.392,,ASAP-0023443,Train,CN1C(SC2=CC(C3=NOC=C3)=NC3=NC=NN23)=NN=C1C1=CC=C(Cl)C=C1,Cn1c(Sc2cc(-c3ccon3)nc3ncnn23)nnc1-c1ccc(Cl)cc1,,,-0.4067139329795427,0.9030899869919435
CNC(=O)[C@H](NC1=CC(CN)=CC(C2=NNN=N2)=C1)C1=CC(Cl)=CC(C2CC2)=C1 |&1:4|,,352.0,1.5,0.302,,ASAP-0028903,Train,CNC(=O)[C@H](NC1=CC(CN)=CC(C2=NNN=N2)=C1)C1=CC(Cl)=CC(C2CC2)=C1,CNC(=O)[C@H](Nc1cc(CN)cc(-c2nn[nH]n2)c1)c1cc(Cl)cc(C2CC2)c1,,,-0.5199930570428494,2.546542663478131
CNC(=O)C1=CNC2=NC=NC(N[C@H](C3=CC=C4CCCS(=O)(=O)C4=C3)C(C)C)=C12 |&1:13|,131.0,390.0,2.5,2.23,192.0,ASAP-0008641,Train,CNC(=O)C1=CNC2=NC=NC(N[C@H](C3=CC=C4CCCS(=O)(=O)C4=C3)C(C)C)=C12,CNC(=O)c1c[nH]c2ncnc(N[C@H](c3ccc4c(c3)S(=O)(=O)CCC4)C(C)C)c12,2.1172712956557644,2.2833012287035497,0.34830486304816066,2.591064607026499
CC(C)[C@H](NC1=NC=NC2=C1C=C(C(=O)N[C@H]1CCN(C)C1)N2)C1=CC=C2CCCS(=O)(=O)C2=C1 |o1:3|,11.0,396.0,1.4,0.175,1.0,ASAP-0012334,Train,CC(C)[C@H](NC1=NC=NC2=C1C=C(C(=O)N[C@H]1CCN(C)C1)N2)C1=CC=C2CCCS(=O)(=O)C2=C1,CC(C)[C@H](Nc1ncnc2[nH]c(C(=O)N[C@H]3CCN(C)C3)cc12)c1ccc2c(c1)S(=O)(=O)CCC2,1.0413926851582251,0.0,-0.7569619513137056,2.597695185925512
O=C1NC(=O)[C@H](CC2=CC=CC(Cl)=C2)C2=CC=CC=C12 |&1:5|,170.0,291.0,,8.65,16.7,ASAP-0016664,Train,O=C1NC(=O)[C@H](CC2=CC=CC(Cl)=C2)C2=CC=CC=C12,O=C1NC(=O)[C@H](Cc2cccc(Cl)c2)c2ccccc21,2.230448921378274,1.2227164711475833,0.9370161074648142,2.4638929889859074
"C=C[C@H]1CN2CC[C@H]1C[C@@H]2[C@@H](O)C1=CC=NC2=CC=C(OC)C=C12 |a:2,7,9,10|",,,,13.9,,ASAP-0000769,Train,C=C[C@H]1CN2CC[C@H]1C[C@@H]2[C@@H](O)C1=CC=NC2=CC=C(OC)C=C12,C=C[C@H]1CN2CC[C@H]1C[C@@H]2[C@@H](O)c1ccnc2ccc(OC)cc12,,,1.1430148002540952,
CC(C)[C@H](NC1=NC=NC2=C1C=C(C(=O)N[C@@H]1CCN(C)C1)N2)C1=CC=C2CCCS(=O)(=O)C2=C1 |o1:3|,20.0,392.0,1.6,2.94,11.0,ASAP-0011198,Train,CC(C)[C@H](NC1=NC=NC2=C1C=C(C(=O)N[C@@H]1CCN(C)C1)N2)C1=CC=C2CCCS(=O)(=O)C2=C1,CC(C)[C@H](Nc1ncnc2[nH]c(C(=O)N[C@@H]3CCN(C)C3)cc12)c1ccc2c(c1)S(=O)(=O)CCC2,1.3010299956639813,1.0413926851582251,0.46834733041215726,2.593286067020457
CC(C)[C@H](NC1=NC=NC2=C1C=C(C1=C(C#N)N(C)N=C1)N2)C1=CC=C2OCCOC2=C1 |&1:3|,74.0,17.0,3.0,4.2,218.0,ASAP-0008275,Train,CC(C)[C@H](NC1=NC=NC2=C1C=C(C1=C(C#N)N(C)N=C1)N2)C1=CC=C2OCCOC2=C1,CC(C)[C@H](Nc1ncnc2[nH]c(-c3cnn(C)c3C#N)cc12)c1ccc2c(c1)OCCO2,1.8692317197309762,2.3384564936046046,0.6232492903979004,1.2304489213782739
C[C@H]1CN(C2=CN=CC3=CC=CC=C23)C(=O)[C@@]12CN(CC(=O)NCC1CC1)C(=O)C1=CC=C(F)C=C12,293.0,370.0,1.9,2.7,832.0,ASAP-0011059,Train,C[C@H]1CN(C2=CN=CC3=CC=CC=C23)C(=O)[C@@]12CN(CC(=O)NCC1CC1)C(=O)C1=CC=C(F)C=C12,C[C@H]1CN(c2cncc3ccccc23)C(=O)[C@@]12CN(CC(=O)NCC1CC1)C(=O)c1ccc(F)cc12,2.4668676203541096,2.920123326290724,0.43136376415898736,2.568201724066995
NCC1=CC=CC(NC(=O)[C@H](NC(=O)OCC2=CC=CC=C2)C2CCCCC2)=C1 |&1:10|,5.29,,2.0,1.58,,ASAP-0016121,Train,NCC1=CC=CC(NC(=O)[C@H](NC(=O)OCC2=CC=CC=C2)C2CCCCC2)=C1,NCc1cccc(NC(=O)[C@H](NC(=O)OCc2ccccc2)C2CCCCC2)c1,0.7234556720351858,,0.19865708695442263,
C[C@H]1CN(C2=CN=CC3=CC=CC=C23)C(=O)[C@@]12CN(CCN1CCOCC1)C(=O)C1=CC=C(Cl)C=C12,172.0,385.0,1.8,19.3,368.0,ASAP-0011513,Train,C[C@H]1CN(C2=CN=CC3=CC=CC=C23)C(=O)[C@@]12CN(CCN1CCOCC1)C(=O)C1=CC=C(Cl)C=C12,C[C@H]1CN(c2cncc3ccccc23)C(=O)[C@@]12CN(CCN1CCOCC1)C(=O)c1ccc(Cl)cc12,2.2355284469075487,2.5658478186735176,1.2855573090077739,2.5854607295085006
CC1=CC=C(NC(=O)C2=CC(Cl)=CC(NC(=O)OCC3=CC=CC=C3)=C2)C=C1CN,,,,0.0873,,ASAP-0021119,Train,CC1=CC=C(NC(=O)C2=CC(Cl)=CC(NC(=O)OCC3=CC=CC=C3)=C2)C=C1CN,Cc1ccc(NC(=O)c2cc(Cl)cc(NC(=O)OCc3ccccc3)c2)cc1CN,,,-1.0589857562944303,
O=C(NC1=CC(Cl)=CC(C(=O)NC2=CC=CC(C3=NN=NN3)=C2)=C1)OCC1=CC=CC=C1,,65.0,3.7,5.06,,ASAP-0023270,Train,O=C(NC1=CC(Cl)=CC(C(=O)NC2=CC=CC(C3=NN=NN3)=C2)=C1)OCC1=CC=CC=C1,O=C(Nc1cc(Cl)cc(C(=O)Nc2cccc(-c3nnn[nH]3)c2)c1)OCc1ccccc1,,,0.7041505168397991,1.8129133566428555
C1=CC=C(C2=NC3=NC=NN3C(SC3=NN=C(N4CCOCC4)S3)=C2)C=C1,290.0,4.0,2.1,0.14,624.0,ASAP-0027763,Train,C1=CC=C(C2=NC3=NC=NN3C(SC3=NN=C(N4CCOCC4)S3)=C2)C=C1,c1ccc(-c2cc(Sc3nnc(N4CCOCC4)s3)n3ncnc3n2)cc1,2.462397997898956,2.795184589682424,-0.8538719643217619,0.6020599913279624
CC1=CC(C2=NOC(C(F)(F)F)=N2)=CC=C1OCCCC1=NN=CO1,,21.0,4.0,12.1,12.9,ASAP-0017440,Train,CC1=CC(C2=NOC(C(F)(F)F)=N2)=CC=C1OCCCC1=NN=CO1,Cc1cc(-c2noc(C(F)(F)F)n2)ccc1OCCCc1nnco1,,1.110589710299249,1.08278537031645,1.3222192947339193
CC(C)[C@H](NC1=NC=NC2=C1C=C(C1=CN(CC(N)=O)N=C1)N2)C1=CC=C2OCCOC2=N1 |o1:3|,18.0,395.0,2.4,0.47,9.0,ASAP-0012315,Train,CC(C)[C@H](NC1=NC=NC2=C1C=C(C1=CN(CC(N)=O)N=C1)N2)C1=CC=C2OCCOC2=N1,CC(C)[C@H](Nc1ncnc2[nH]c(-c3cnn(CC(N)=O)c3)cc12)c1ccc2c(n1)OCCO2,1.255272505103306,0.9542425094393249,-0.3279021420642826,2.59659709562646
CNC(=O)C1=CC2=C(N[C@H](C3=CC=C4OCCOC4=C3)C(C)C)N=CN=C2N1 |&1:9|,79.0,380.0,2.76,1.96,55.0,ASAP-0008348,Train,CNC(=O)C1=CC2=C(N[C@H](C3=CC=C4OCCOC4=C3)C(C)C)N=CN=C2N1,CNC(=O)c1cc2c(N[C@H](c3ccc4c(c3)OCCO4)C(C)C)ncnc2[nH]1,1.8976270912904414,1.7403626894942439,0.292256071356476,2.57978359661681
CN1N=CC2=C(C(=O)NC3=CC=C4CNCC4=C3)C=C(Br)C=C21,,392.0,1.0,4.66,,ASAP-0029092,Train,CN1N=CC2=C(C(=O)NC3=CC=C4CNCC4=C3)C=C(Br)C=C21,Cn1ncc2c(C(=O)Nc3ccc4c(c3)CNC4)cc(Br)cc21,,,0.6683859166900001,2.593286067020457
C[C@H]1CN(C2=CN=CC3=CC=CC=C23)C(=O)[C@@]12CN(CC(=O)NCC1=CC=NN1C)C(=O)C1=CC=C(Cl)C=C12,364.0,375.0,2.0,0.844,365.0,ASAP-0000774,Train,C[C@H]1CN(C2=CN=CC3=CC=CC=C23)C(=O)[C@@]12CN(CC(=O)NCC1=CC=NN1C)C(=O)C1=CC=C(Cl)C=C12,C[C@H]1CN(c2cncc3ccccc23)C(=O)[C@@]12CN(CC(=O)NCc1ccnn1C)C(=O)c1ccc(Cl)cc12,2.561101383649056,2.5622928644564746,-0.07365755337434496,2.574031267727719
"CC1=NOC(CN2C[C@@]3(C(=O)N(C4=CN=CC5=CC=CC=C45)C[C@@H]3C)C3=CC(F)=CC=C3C2=O)=C1 |a:8,23|",80.0,392.0,2.1,12.5,240.0,ASAP-0013722,Train,CC1=NOC(CN2C[C@@]3(C(=O)N(C4=CN=CC5=CC=CC=C45)C[C@@H]3C)C3=CC(F)=CC=C3C2=O)=C1,Cc1cc(CN2C[C@@]3(C(=O)N(c4cncc5ccccc45)C[C@@H]3C)c3cc(F)ccc3C2=O)on1,1.9030899869919435,2.380211241711606,1.0969100130080565,2.593286067020457
CC(C)[C@H](NC1=NC=NC2=C1C=C(C1=CN(C)N=C1)N2)C1=CC=C2CCCS(=O)(=O)C2=C1 |&1:3|,141.0,94.0,3.3,1.73,155.0,ASAP-0008678,Train,CC(C)[C@H](NC1=NC=NC2=C1C=C(C1=CN(C)N=C1)N2)C1=CC=C2CCCS(=O)(=O)C2=C1,CC(C)[C@H](Nc1ncnc2[nH]c(-c3cnn(C)c3)cc12)c1ccc2c(c1)S(=O)(=O)CCC2,2.1492191126553797,2.1903316981702914,0.2380461031287954,1.9731278535996986
NCC1=CC=CC(NC(=O)C[C@H](NC(=O)OCC2=CC=CC=C2)C2=CC=C(OCC3=CC=CC=C3)C=C2)=C1 |&1:11|,17.0,17.0,,1.04,,ASAP-0016554,Train,NCC1=CC=CC(NC(=O)C[C@H](NC(=O)OCC2=CC=CC=C2)C2=CC=C(OCC3=CC=CC=C3)C=C2)=C1,NCc1cccc(NC(=O)C[C@H](NC(=O)OCc2ccccc2)c2ccc(OCc3ccccc3)cc2)c1,1.2304489213782739,,0.01703333929878037,1.2304489213782739
CCC1=C(C2=CC=C(Cl)C=C2)SC(C(=O)NC2=CC=CC(CN)=C2)=C1,,7.0,4.3,0.995,,ASAP-0022528,Train,CCC1=C(C2=CC=C(Cl)C=C2)SC(C(=O)NC2=CC=CC(CN)=C2)=C1,CCc1cc(C(=O)Nc2cccc(CN)c2)sc1-c1ccc(Cl)cc1,,,-0.002176919254274547,0.8450980400142568
CC(C)[C@H](NC1=NC=NC2=C1C=C(C1=C(C#N)N(C)N=C1)N2)C1=CC=C2OCC(=O)NC2=C1 |o1:3|,52.0,19.0,3.4,2.35,147.0,ASAP-0013256,Train,CC(C)[C@H](NC1=NC=NC2=C1C=C(C1=C(C#N)N(C)N=C1)N2)C1=CC=C2OCC(=O)NC2=C1,CC(C)[C@H](Nc1ncnc2[nH]c(-c3cnn(C)c3C#N)cc12)c1ccc2c(c1)NC(=O)CO2,1.7160033436347992,2.167317334748176,0.37106786227173627,1.2787536009528289
CC(C)(C)[C@H](NC1=NC=NC2=C1C=C(C1=CN(CC(N)=O)N=C1)N2)C1=CC=C2OCCOC2=N1 |&1:4|,36.0,48.0,2.7,0.822,31.0,ASAP-0008648,Train,CC(C)(C)[C@H](NC1=NC=NC2=C1C=C(C1=CN(CC(N)=O)N=C1)N2)C1=CC=C2OCCOC2=N1,CC(C)(C)[C@H](Nc1ncnc2[nH]c(-c3cnn(CC(N)=O)c3)cc12)c1ccc2c(n1)OCCO2,1.5563025007672873,1.4913616938342726,-0.08512818245994963,1.6812412373755872
CC(C)[C@H](NC1=NC=NC2=C1C=CN2)C1=CC=C2CCCS(=O)(=O)C2=C1 |o1:3|,57.0,374.0,2.7,5.5,207.0,ASAP-0008674,Train,CC(C)[C@H](NC1=NC=NC2=C1C=CN2)C1=CC=C2CCCS(=O)(=O)C2=C1,CC(C)[C@H](Nc1ncnc2[nH]ccc12)c1ccc2c(c1)S(=O)(=O)CCC2,1.7558748556724915,2.315970345456918,0.7403626894942439,2.5728716022004803
O=C(NC1=CC=C2CNCC2=C1)C1=CC(F)=CC(C2=CNN=C2)=C1,36.3,184.0,0.7,1.62,553.0,ASAP-0031004,Train,O=C(NC1=CC=C2CNCC2=C1)C1=CC(F)=CC(C2=CNN=C2)=C1,O=C(Nc1ccc2c(c1)CNC2)c1cc(F)cc(-c2cn[nH]c2)c1,1.5599066250361124,2.7427251313046983,0.20951501454263097,2.2648178230095364
CNC(=O)CN1C=C(C2=CC3=C(N[C@H](C4=CC=C5CCCS(=O)(=O)C5=C4)C(C)C)N=CN=C3N2)C=N1 |o1:13|,92.0,323.0,2.4,0.396,111.0,ASAP-0011171,Train,CNC(=O)CN1C=C(C2=CC3=C(N[C@H](C4=CC=C5CCCS(=O)(=O)C5=C4)C(C)C)N=CN=C3N2)C=N1,CNC(=O)Cn1cc(-c2cc3c(N[C@H](c4ccc5c(c4)S(=O)(=O)CCC5)C(C)C)ncnc3[nH]2)cn1,1.9637878273455553,2.0453229787866576,-0.40230481407448765,2.509202522331103
CC(C)[C@H](NC1=NC=NC2=C1C(C(=O)NC1CC1)=CN2)C1=CC=C2CCCS(=O)(=O)C2=C1 |&1:3|,29.0,257.0,3.1,2.46,234.0,ASAP-0008647,Train,CC(C)[C@H](NC1=NC=NC2=C1C(C(=O)NC1CC1)=CN2)C1=CC=C2CCCS(=O)(=O)C2=C1,CC(C)[C@H](Nc1ncnc2[nH]cc(C(=O)NC3CC3)c12)c1ccc2c(c1)S(=O)(=O)CCC2,1.462397997898956,2.369215857410143,0.39093510710337914,2.4099331233312946
CCNC(=O)C1=CC2=C(N[C@H](C3=CC=C4OCCOC4=C3)C(C)C)N=CN=C2N1 |o1:10|,1330.0,13.0,3.6,2.9,72.0,ASAP-0013827,Train,CCNC(=O)C1=CC2=C(N[C@H](C3=CC=C4OCCOC4=C3)C(C)C)N=CN=C2N1,CCNC(=O)c1cc2c(N[C@H](c3ccc4c(c3)OCCO4)C(C)C)ncnc2[nH]1,3.123851640967086,1.8573324964312685,0.4623979978989561,1.1139433523068367
CC(C)[C@H](NC1=NC=NC2=C1C=C(C1=C(C#N)N(C)N=C1)N2)C1=CC=C2OCC(=O)NC2=N1 |o1:3|,137.0,28.0,3.7,9.35,131.0,ASAP-0011177,Train,CC(C)[C@H](NC1=NC=NC2=C1C=C(C1=C(C#N)N(C)N=C1)N2)C1=CC=C2OCC(=O)NC2=N1,CC(C)[C@H](Nc1ncnc2[nH]c(-c3cnn(C)c3C#N)cc12)c1ccc2c(n1)NC(=O)CO2,2.1367205671564067,2.1172712956557644,0.9708116108725178,1.4471580313422192
CNC(=O)CN1C=C(C2=CC3=C(N[C@H](C4=CC=C5CCCS(=O)(=O)C5=C4)C(C)C)N=CN=C3N2)C=N1 |&1:13|,94.0,306.0,2.4,0.47,77.0,ASAP-0010723,Train,CNC(=O)CN1C=C(C2=CC3=C(N[C@H](C4=CC=C5CCCS(=O)(=O)C5=C4)C(C)C)N=CN=C3N2)C=N1,CNC(=O)Cn1cc(-c2cc3c(N[C@H](c4ccc5c(c4)S(=O)(=O)CCC5)C(C)C)ncnc3[nH]2)cn1,1.9731278535996986,1.8864907251724818,-0.3279021420642826,2.48572142648158
O=C(NC1=CC=C2CNCC2=C1)C1=CC(Br)=CC2=C1N=C(C1=CC=CC=C1)N2,12.8,,3.6,0.0942,43.8,ASAP-0029352,Train,O=C(NC1=CC=C2CNCC2=C1)C1=CC(Br)=CC2=C1N=C(C1=CC=CC=C1)N2,O=C(Nc1ccc2c(c1)CNC2)c1cc(Br)cc2[nH]c(-c3ccccc3)nc12,1.1072099696478683,1.6414741105040995,-1.0259490972071226,
O=C(CC1=CN=CC2=CC=CC=C12)N1CCC(N2C(=O)NC3=CC=CC=C32)CC1,,371.0,,4.78,,ASAP-0029319,Train,O=C(CC1=CN=CC2=CC=CC=C12)N1CCC(N2C(=O)NC3=CC=CC=C32)CC1,O=C(Cc1cncc2ccccc12)N1CCC(n2c(=O)[nH]c3ccccc32)CC1,,,0.6794278966121189,2.569373909615046
"C[C@H](C(=O)O)[C@@H](NC(=O)C1=NC=NC2=C1C=CN2)C1=CC=C(Br)C=C1 |o1:1,5|",3.0,358.0,0.6,0.682,4.0,ASAP-0014722,Train,C[C@H](C(=O)O)[C@@H](NC(=O)C1=NC=NC2=C1C=CN2)C1=CC=C(Br)C=C1,C[C@H](C(=O)O)[C@@H](NC(=O)c1ncnc2[nH]ccc12)c1ccc(Br)cc1,0.47712125471966244,0.6020599913279624,-0.16621562534352105,2.5538830266438746
O=C(NC1=CC2=C(CNC2)C(C2=CCS(=O)(=O)CC2)=C1)C1=CC(F)=CC2=C1C=NN2,,141.0,-0.1,1.3,96.9,ASAP-0031155,Train,O=C(NC1=CC2=C(CNC2)C(C2=CCS(=O)(=O)CC2)=C1)C1=CC(F)=CC2=C1C=NN2,O=C(Nc1cc2c(c(C3=CCS(=O)(=O)CC3)c1)CNC2)c1cc(F)cc2[nH]ncc12,,1.9863237770507653,0.11394335230683679,2.1492191126553797
CN1C=NC(CN2C[C@]3(CCN(C4=CN=CC5=CC=CC=C45)C3=O)C3=CC(Cl)=CC=C3C2=O)=N1 |o1:8|,26.0,,1.6,3.2,51.0,ASAP-0013308,Train,CN1C=NC(CN2C[C@]3(CCN(C4=CN=CC5=CC=CC=C45)C3=O)C3=CC(Cl)=CC=C3C2=O)=N1,Cn1cnc(CN2C[C@]3(CCN(c4cncc5ccccc45)C3=O)c3cc(Cl)ccc3C2=O)n1,1.414973347970818,1.7075701760979363,0.505149978319906,
CN(C)C(=O)C1=NOC(CCCOC2=CC=C(CCC3CCNCC3)C=C2)=C1,,398.0,0.5,12.8,29.4,ASAP-0020818,Train,CN(C)C(=O)C1=NOC(CCCOC2=CC=C(CCC3CCNCC3)C=C2)=C1,CN(C)C(=O)c1cc(CCCOc2ccc(CCC3CCNCC3)cc2)on1,,1.4683473304121573,1.1072099696478683,2.5998830720736876
COC1=CC=C(CNC(=O)NC2=CNC(=O)C3=CC=NC=C23)C=N1,,311.0,0.7,1.31,,ASAP-0016164,Train,COC1=CC=C(CNC(=O)NC2=CNC(=O)C3=CC=NC=C23)C=N1,COc1ccc(CNC(=O)Nc2c[nH]c(=O)c3ccncc23)cn1,,,0.11727129565576427,2.4927603890268375
O=C(O)CC1=CC=CC=C1NC1=C(Cl)C=CC=C1Cl,216.0,,,,386.0,ASAP-0000691,Train,O=C(O)CC1=CC=CC=C1NC1=C(Cl)C=CC=C1Cl,O=C(O)Cc1ccccc1Nc1c(Cl)cccc1Cl,2.3344537511509307,2.586587304671755,,
O=C(CC1=CN=CC2=CC=CC=C12)N1CC[C@]2(CC=CCO2)C1 |&1:16|,,382.0,,19.2,,ASAP-0029271,Train,O=C(CC1=CN=CC2=CC=CC=C12)N1CC[C@]2(CC=CCO2)C1,O=C(Cc1cncc2ccccc12)N1CC[C@]2(CC=CCO2)C1,,,1.2833012287035497,2.582063362911709
CC(C)[C@@H](NC1=NC=NC2=C1C=C(C1=C(C#N)N(C)N=C1)N2)C1=CC=C2OCCOC2=C1,47.0,20.0,3.4,5.11,129.0,ASAP-0011033,Train,CC(C)[C@@H](NC1=NC=NC2=C1C=C(C1=C(C#N)N(C)N=C1)N2)C1=CC=C2OCCOC2=C1,CC(C)[C@@H](Nc1ncnc2[nH]c(-c3cnn(C)c3C#N)cc12)c1ccc2c(c1)OCCO2,1.6720978579357175,2.110589710299249,0.7084209001347127,1.3010299956639813
C[C@]1(C2=CC=CC=C2)CCCN(C(=O)CC2=CN=CC3=CC=CC=C23)C1 |&1:1|,,350.0,,15.7,,ASAP-0029342,Train,C[C@]1(C2=CC=CC=C2)CCCN(C(=O)CC2=CN=CC3=CC=CC=C23)C1,C[C@]1(c2ccccc2)CCCN(C(=O)Cc2cncc3ccccc23)C1,,,1.1958996524092338,2.5440680443502757
CNC(=O)C1=CC2=C(N[C@H](C3=CC=C4CCCS(=O)(=O)C4=C3)C(C)C)N=CN=C2N1 |o1:9|,682.0,397.0,2.4,0.377,23.0,ASAP-0012346,Train,CNC(=O)C1=CC2=C(N[C@H](C3=CC=C4CCCS(=O)(=O)C4=C3)C(C)C)N=CN=C2N1,CNC(=O)c1cc2c(N[C@H](c3ccc4c(c3)S(=O)(=O)CCC4)C(C)C)ncnc2[nH]1,2.833784374656479,1.3617278360175928,-0.42365864979420714,2.598790506763115
NC(=O)[C@H]1CCCN(C(=O)CC2=CC=CC3=C2C=CO3)C1 |&1:3|,,376.0,1.0,8.5,,ASAP-0031848,Train,NC(=O)[C@H]1CCCN(C(=O)CC2=CC=CC3=C2C=CO3)C1,NC(=O)[C@H]1CCCN(C(=O)Cc2cccc3occc23)C1,,,0.9294189257142927,2.575187844927661
CCNC(=O)C1=CC2=C(N[C@H](C3=CC=C4CCCS(=O)(=O)C4=C3)C(C)C)N=CN=C2N1 |o1:10|,109.0,337.0,2.7,0.717,64.0,ASAP-0012325,Train,CCNC(=O)C1=CC2=C(N[C@H](C3=CC=C4CCCS(=O)(=O)C4=C3)C(C)C)N=CN=C2N1,CCNC(=O)c1cc2c(N[C@H](c3ccc4c(c3)S(=O)(=O)CCC4)C(C)C)ncnc2[nH]1,2.037426497940624,1.806179973983887,-0.1444808443321999,2.5276299008713385
CC(C)[C@H](NC1=NC=NC2=C1C=CN2)C1=CC=C2CCCS(=O)(=O)C2=C1 |&1:3|,37.0,385.0,2.5,3.3,138.0,ASAP-0008327,Train,CC(C)[C@H](NC1=NC=NC2=C1C=CN2)C1=CC=C2CCCS(=O)(=O)C2=C1,CC(C)[C@H](Nc1ncnc2[nH]ccc12)c1ccc2c(c1)S(=O)(=O)CCC2,1.568201724066995,2.1398790864012365,0.5185139398778874,2.5854607295085006
CNC(=O)C1=CC2=C(N[C@H](C3=CC=C4OCC(=O)NC4=C3)C(C)C)N=CN=C2N1 |o1:9|,175.0,380.0,2.9,1.21,33.0,ASAP-0011219,Train,CNC(=O)C1=CC2=C(N[C@H](C3=CC=C4OCC(=O)NC4=C3)C(C)C)N=CN=C2N1,CNC(=O)c1cc2c(N[C@H](c3ccc4c(c3)NC(=O)CO4)C(C)C)ncnc2[nH]1,2.2430380486862944,1.5185139398778875,0.08278537031645007,2.57978359661681
CC(C)[C@H](NC1=NC=NC2=C1C=C(C1=C(C#N)N(C)N=C1)N2)C1=CC=C2OCCOC2=N1 |o1:3|,369.0,50.0,3.9,14.6,371.0,ASAP-0010716,Train,CC(C)[C@H](NC1=NC=NC2=C1C=C(C1=C(C#N)N(C)N=C1)N2)C1=CC=C2OCCOC2=N1,CC(C)[C@H](Nc1ncnc2[nH]c(-c3cnn(C)c3C#N)cc12)c1ccc2c(n1)OCCO2,2.56702636615906,2.569373909615046,1.1643528557844371,1.6989700043360187
CC(C)CNC(=O)C1=CC(Cl)=C(F)C=C1NS(=O)(=O)C1=CC=C(OC2=CC=CC=C2Cl)C=C1,198.0,4.0,,2.39,,ASAP-0016818,Train,CC(C)CNC(=O)C1=CC(Cl)=C(F)C=C1NS(=O)(=O)C1=CC=C(OC2=CC=CC=C2Cl)C=C1,CC(C)CNC(=O)c1cc(Cl)c(F)cc1NS(=O)(=O)c1ccc(Oc2ccccc2Cl)cc1,2.296665190261531,,0.3783979009481377,0.6020599913279624
NCC1=CC=CC(NC(=O)C[C@H](NC(=O)OCC2=CC=CC=C2)C2=CC=C(OCC3=CC=CC=C3)C(Br)=C2)=C1 |&1:11|,12.4,21.0,,0.783,,ASAP-0017583,Train,NCC1=CC=CC(NC(=O)C[C@H](NC(=O)OCC2=CC=CC=C2)C2=CC=C(OCC3=CC=CC=C3)C(Br)=C2)=C1,NCc1cccc(NC(=O)C[C@H](NC(=O)OCc2ccccc2)c2ccc(OCc3ccccc3)c(Br)c2)c1,1.0934216851622351,,-0.10623823794205658,1.3222192947339193
O=C(C[C@H]1CCN2C=NC=C2C1)NC1=CC=CC(B(O)O)=C1 |&1:3|,8.0,,1.1,3.6,6.0,ASAP-0014813,Train,O=C(C[C@H]1CCN2C=NC=C2C1)NC1=CC=CC(B(O)O)=C1,O=C(C[C@H]1CCn2cncc2C1)Nc1cccc(B(O)O)c1,0.9030899869919435,0.7781512503836436,0.5563025007672873,
COC1=CC=CC(C2=NN=C(SC3=CC(C4=CC=CC=C4)=NC4=NC=NN34)O2)=C1,,6.0,4.1,0.0142,,ASAP-0023516,Train,COC1=CC=CC(C2=NN=C(SC3=CC(C4=CC=CC=C4)=NC4=NC=NN34)O2)=C1,COc1cccc(-c2nnc(Sc3cc(-c4ccccc4)nc4ncnn34)o2)c1,,,-1.8477116556169435,0.7781512503836436
CC1=NC=CN1C[C@H](C)CNC(=O)C1=CC=C2COB(O)C2=C1 |&1:7|,1.0,,0.2,1.3,12.0,ASAP-0014807,Train,CC1=NC=CN1C[C@H](C)CNC(=O)C1=CC=C2COB(O)C2=C1,Cc1nccn1C[C@H](C)CNC(=O)c1ccc2c(c1)B(O)OC2,0.0,1.0791812460476249,0.11394335230683679,
O=C(NCC(F)F)[C@H](NC1=CC=C2CNCC2=C1)C1=CC(Cl)=CC(C2CC2)=C1 |&1:7|,,367.0,1.6,1.55,,ASAP-0029491,Train,O=C(NCC(F)F)[C@H](NC1=CC=C2CNCC2=C1)C1=CC(Cl)=CC(C2CC2)=C1,O=C(NCC(F)F)[C@H](Nc1ccc2c(c1)CNC2)c1cc(Cl)cc(C2CC2)c1,,,0.1903316981702915,2.5646660642520893
CCOC1=NOC2=CC(OCCC3CCN(C4=CC=C(C)N=N4)CC3)=CC=C12,41.7,16.0,3.0,2.41,95.3,ASAP-0017436,Train,CCOC1=NOC2=CC(OCCC3CCN(C4=CC=C(C)N=N4)CC3)=CC=C12,CCOc1noc2cc(OCCC3CCN(c4ccc(C)nn4)CC3)ccc12,1.6201360549737576,1.9790929006383264,0.3820170425748684,1.2041199826559248
C1=CC=C(C2=NC3=NC=NN3C(SC3=NC=CO3)=C2)C=C1,332.0,52.0,2.3,0.0232,1040.0,ASAP-0022831,Train,C1=CC=C(C2=NC3=NC=NN3C(SC3=NC=CO3)=C2)C=C1,c1ccc(-c2cc(Sc3ncco3)n3ncnc3n2)cc1,2.5211380837040362,3.0170333392987803,-1.6345120151091004,1.7160033436347992
C#CCCCCC1=CC=C(OCCCC2=CC(C(=O)N(C)C)=NO2)C=C1,79.9,4.0,4.4,7.87,139.0,ASAP-0020904,Train,C#CCCCCC1=CC=C(OCCCC2=CC(C(=O)N(C)C)=NO2)C=C1,C#CCCCCc1ccc(OCCCc2cc(C(=O)N(C)C)no2)cc1,1.9025467793139914,2.143014800254095,0.8959747323590646,0.6020599913279624
CC1=CC(C2=NOC(C(F)(F)F)=N2)=CC=C1OCCCC1=CSN=N1,27.5,3.0,,1.26,109.0,ASAP-0017295,Train,CC1=CC(C2=NOC(C(F)(F)F)=N2)=CC=C1OCCCC1=CSN=N1,Cc1cc(-c2noc(C(F)(F)F)n2)ccc1OCCCc1csnn1,1.4393326938302626,2.037426497940624,0.10037054511756291,0.47712125471966244
O=C(NCCCF)[C@H](NC1=CC=C2CNCC2=C1)C1=CC(Cl)=CC(C2CC2)=C1 |&1:7|,,394.0,1.2,0.7,,ASAP-0031104,Train,O=C(NCCCF)[C@H](NC1=CC=C2CNCC2=C1)C1=CC(Cl)=CC(C2CC2)=C1,O=C(NCCCF)[C@H](Nc1ccc2c(c1)CNC2)c1cc(Cl)cc(C2CC2)c1,,,-0.1549019599857432,2.595496221825574
CC(C)[C@H](NC1=NC=NC2=C1C=C(C1=C(C#N)N(C)N=C1)N2)C1=CC=C2CCCS(=O)(=O)C2=C1 |o1:3|,935.0,22.0,3.3,4.33,311.0,ASAP-0011144,Train,CC(C)[C@H](NC1=NC=NC2=C1C=C(C1=C(C#N)N(C)N=C1)N2)C1=CC=C2CCCS(=O)(=O)C2=C1,CC(C)[C@H](Nc1ncnc2[nH]c(-c3cnn(C)c3C#N)cc12)c1ccc2c(c1)S(=O)(=O)CCC2,2.9708116108725178,2.4927603890268375,0.6364878963533654,1.3424226808222062
"O=C(NC1=CC=CC(B(O)O)=C1)[C@H]1CCN2CCC[C@H]2C1 |&1:12,&2:19|",9.0,389.0,0.3,3.3,6.0,ASAP-0014739,Train,O=C(NC1=CC=CC(B(O)O)=C1)[C@H]1CCN2CCC[C@H]2C1,O=C(Nc1cccc(B(O)O)c1)[C@H]1CCN2CCC[C@H]2C1,0.9542425094393249,0.7781512503836436,0.5185139398778874,2.5899496013257077
CC(C)[C@H](NC1=NC=NC2=C1C=C(C1=C(C#N)N(C)N=C1)N2)C1=CC=C2OCCOC2=N1 |o1:3|,17.0,53.0,3.7,13.7,81.0,ASAP-0010715,Train,CC(C)[C@H](NC1=NC=NC2=C1C=C(C1=C(C#N)N(C)N=C1)N2)C1=CC=C2OCCOC2=N1,CC(C)[C@H](Nc1ncnc2[nH]c(-c3cnn(C)c3C#N)cc12)c1ccc2c(n1)OCCO2,1.2304489213782739,1.9084850188786497,1.1367205671564067,1.724275869600789
NCC1=CC(Cl)=CC(C(=O)NC2=CC=C3CNCC3=C2)=C1,,,2.0,,,ASAP-0023299,Train,NCC1=CC(Cl)=CC(C(=O)NC2=CC=C3CNCC3=C2)=C1,NCc1cc(Cl)cc(C(=O)Nc2ccc3c(c2)CNC3)c1,,,,
C=CC(=O)N1CCCC2=C1C=CC=C2N(CC1=CC=CC(Cl)=C1)C(=O)CC1=CN=CC2=CC=CC=C12,1620.0,44.0,3.3,2.14,1460.0,ASAP-0013249,Train,C=CC(=O)N1CCCC2=C1C=CC=C2N(CC1=CC=CC(Cl)=C1)C(=O)CC1=CN=CC2=CC=CC=C12,C=CC(=O)N1CCCc2c1cccc2N(Cc1cccc(Cl)c1)C(=O)Cc1cncc2ccccc12,3.2095150145426308,3.164352855784437,0.33041377334919086,1.6434526764861874
O=C(NC1=CC=CC=C1)NC1=CC=C(C(=O)NC2C3=C(CC2C(=O)O)C(O)=CC=C3)C=C1,9.0,319.0,0.12,0.7,2.0,ASAP-0000132,Train,O=C(NC1=CC=CC=C1)NC1=CC=C(C(=O)NC2C3=C(CC2C(=O)O)C(O)=CC=C3)C=C1,O=C(Nc1ccccc1)Nc1ccc(C(=O)NC2c3cccc(O)c3CC2C(=O)O)cc1,0.9542425094393249,0.3010299956639812,-0.1549019599857432,2.503790683057181
CC(C)[C@H](NC1=NC=NC2=C1C=CN2)C1=CC=C2OCC(=O)NC2=C1 |o1:3|,31.0,374.0,2.2,8.7,80.0,ASAP-0008431,Train,CC(C)[C@H](NC1=NC=NC2=C1C=CN2)C1=CC=C2OCC(=O)NC2=C1,CC(C)[C@H](Nc1ncnc2[nH]ccc12)c1ccc2c(c1)NC(=O)CO2,1.4913616938342726,1.9030899869919435,0.9395192526186185,2.5728716022004803
CNC(=O)CN1C[C@@]2(C(=O)N(C3=CN=CC4=CC=CC=C34)C[C@@H]2CN2C=CN=N2)C2=CC(F)=CC=C2C1=O,11.0,,0.5,0.46,12.0,ASAP-0011358,Train,CNC(=O)CN1C[C@@]2(C(=O)N(C3=CN=CC4=CC=CC=C34)C[C@@H]2CN2C=CN=N2)C2=CC(F)=CC=C2C1=O,CNC(=O)CN1C[C@@]2(C(=O)N(c3cncc4ccccc34)C[C@@H]2Cn2ccnn2)c2cc(F)ccc2C1=O,1.0413926851582251,1.0791812460476249,-0.3372421683184259,
CN(C)C(=O)C1=NOC(CCCOC2=CC=CC(F)=C2)=C1,46.6,356.0,2.7,34.8,339.0,ASAP-0020936,Train,CN(C)C(=O)C1=NOC(CCCOC2=CC=CC(F)=C2)=C1,CN(C)C(=O)c1cc(CCCOc2cccc(F)c2)on1,1.6683859166900001,2.530199698203082,1.541579243946581,2.5514499979728753
C[C@H]1O[C@@H](O[C@H]2[C@@H](O)C[C@H](O[C@H]3[C@@H](O)C[C@H](O[C@H]4CC[C@@]5(C)[C@H](CC[C@@H]6[C@@H]5C[C@@H](O)[C@]5(C)[C@@H](C7=CC(=O)OC7)CC[C@]65O)C4)O[C@@H]3C)O[C@@H]2C)C[C@H](O)[C@@H]1O,,,,0.6,,ASAP-0000770,Train,C[C@H]1O[C@@H](O[C@H]2[C@@H](O)C[C@H](O[C@H]3[C@@H](O)C[C@H](O[C@H]4CC[C@@]5(C)[C@H](CC[C@@H]6[C@@H]5C[C@@H](O)[C@]5(C)[C@@H](C7=CC(=O)OC7)CC[C@]65O)C4)O[C@@H]3C)O[C@@H]2C)C[C@H](O)[C@@H]1O,C[C@H]1O[C@@H](O[C@H]2[C@@H](O)C[C@H](O[C@H]3[C@@H](O)C[C@H](O[C@H]4CC[C@@]5(C)[C@H](CC[C@@H]6[C@@H]5C[C@@H](O)[C@]5(C)[C@@H](C7=CC(=O)OC7)CC[C@]65O)C4)O[C@@H]3C)O[C@@H]2C)C[C@H](O)[C@@H]1O,,,-0.2218487496163564,
"CNC(=O)CN1C[C@@]2(C(=O)N(C3=CN=CC4=CC=CC=C34)C[C@@H]2CNC2=CN=C(C)S2)C2=CC(Cl)=CC=C2C1=O |a:7,22|",26.0,395.0,1.9,0.371,90.0,ASAP-0013716,Train,CNC(=O)CN1C[C@@]2(C(=O)N(C3=CN=CC4=CC=CC=C34)C[C@@H]2CNC2=CN=C(C)S2)C2=CC(Cl)=CC=C2C1=O,CNC(=O)CN1C[C@@]2(C(=O)N(c3cncc4ccccc34)C[C@@H]2CNc2cnc(C)s2)c2cc(Cl)ccc2C1=O,1.414973347970818,1.954242509439325,-0.43062609038495414,2.59659709562646
O=C(NC1=CC=C2CNCC2=C1)C1=CC=CC2=C1C=C(C(F)(F)F)N2,14.1,372.0,1.5,4.1,12.7,ASAP-0030028,Train,O=C(NC1=CC=C2CNCC2=C1)C1=CC=CC2=C1C=C(C(F)(F)F)N2,O=C(Nc1ccc2c(c1)CNC2)c1cccc2[nH]c(C(F)(F)F)cc12,1.14921911265538,1.1038037209559568,0.6127838567197355,2.5705429398818973
CN[C@H](C)CN1C[C@H](C(=O)NC2=CN=CC3=CC=CC=C23)C2=CC(Cl)=CC=C2C1=O |&1:7|,14.0,375.0,0.8,1.76,48.0,ASAP-0010740,Train,CN[C@H](C)CN1C[C@H](C(=O)NC2=CN=CC3=CC=CC=C23)C2=CC(Cl)=CC=C2C1=O,CN[C@H](C)CN1C[C@H](C(=O)Nc2cncc3ccccc23)c2cc(Cl)ccc2C1=O,1.146128035678238,1.6812412373755872,0.24551266781414982,2.574031267727719
COCCNC(=O)[C@H](NC1=CC=C2CNCC2=C1)C1=CC(Cl)=CC(C2CC2)=C1 |o1:7|,19.7,320.0,1.0,1.4,11.7,ASAP-0030761,Train,COCCNC(=O)[C@H](NC1=CC=C2CNCC2=C1)C1=CC(Cl)=CC(C2CC2)=C1,COCCNC(=O)[C@H](Nc1ccc2c(c1)CNC2)c1cc(Cl)cc(C2CC2)c1,1.294466226161593,1.0681858617461617,0.146128035678238,2.505149978319906
O=C(NC1=CC(Cl)=CC([C@H](NC2=CC=CC(C3=NNN=N3)=C2)C(=O)NCC2=CC=CC=C2)=C1)OCC1=CC=CC=C1 |&1:9|,,,3.7,0.6,,ASAP-0027989,Train,O=C(NC1=CC(Cl)=CC([C@H](NC2=CC=CC(C3=NNN=N3)=C2)C(=O)NCC2=CC=CC=C2)=C1)OCC1=CC=CC=C1,O=C(Nc1cc(Cl)cc([C@H](Nc2cccc(-c3nn[nH]n3)c2)C(=O)NCc2ccccc2)c1)OCc1ccccc1,,,-0.2218487496163564,
CC(C)(C)[C@H](NC1=NC=NC2=C1C=C(C1=CN(CC(N)=O)N=C1)N2)C1=CC=C2OCCOC2=C1 |o1:4|,100.0,104.0,3.1,1.01,39.0,ASAP-0012332,Train,CC(C)(C)[C@H](NC1=NC=NC2=C1C=C(C1=CN(CC(N)=O)N=C1)N2)C1=CC=C2OCCOC2=C1,CC(C)(C)[C@H](Nc1ncnc2[nH]c(-c3cnn(CC(N)=O)c3)cc12)c1ccc2c(c1)OCCO2,2.0,1.591064607026499,0.004321373782642578,2.0170333392987803
O=C(NC1=CC(Cl)=CC(C2=CC=C3NC(C(=O)O)=CC3=C2)=C1)OCC1=CC=CC=C1,,356.0,3.7,0.61,,ASAP-0027839,Train,O=C(NC1=CC(Cl)=CC(C2=CC=C3NC(C(=O)O)=CC3=C2)=C1)OCC1=CC=CC=C1,O=C(Nc1cc(Cl)cc(-c2ccc3[nH]c(C(=O)O)cc3c2)c1)OCc1ccccc1,,,-0.21467016498923297,2.5514499979728753
O=C(NC1=CC(Cl)=CC(C(=O)NC2=CC=CC(N3N=NNC3=O)=C2)=C1)OCC1=CC=CC=C1,11.2,107.0,3.8,9.46,,ASAP-0023274,Train,O=C(NC1=CC(Cl)=CC(C(=O)NC2=CC=CC(N3N=NNC3=O)=C2)=C1)OCC1=CC=CC=C1,O=C(Nc1cc(Cl)cc(C(=O)Nc2cccc(-n3nn[nH]c3=O)c2)c1)OCc1ccccc1,1.0492180226701815,,0.9758911364017928,2.0293837776852097
CC1=CC(C2=NOC(C(F)(F)F)=N2)=CC=C1OCCCC1=NC(C2=CC=NC=C2)=NO1,19.6,4.0,4.5,1.01,80.5,ASAP-0020827,Train,CC1=CC(C2=NOC(C(F)(F)F)=N2)=CC=C1OCCCC1=NC(C2=CC=NC=C2)=NO1,Cc1cc(-c2noc(C(F)(F)F)n2)ccc1OCCCc1nc(-c2ccncc2)no1,1.2922560713564761,1.9057958803678685,0.004321373782642578,0.6020599913279624
CNC(=O)C1=CNC2=NC=NC(N[C@H](C3=CC=C4CCCS(=O)(=O)C4=C3)C(C)C)=C12 |o1:13|,108.0,204.0,2.6,0.857,113.0,ASAP-0011156,Train,CNC(=O)C1=CNC2=NC=NC(N[C@H](C3=CC=C4CCCS(=O)(=O)C4=C3)C(C)C)=C12,CNC(=O)c1c[nH]c2ncnc(N[C@H](c3ccc4c(c3)S(=O)(=O)CCC4)C(C)C)c12,2.03342375548695,2.0530784434834195,-0.06701917807680184,2.3096301674258988
CNC(=O)CN1C[C@@]2(C(=O)N(C3=CN=CC4=CC=CC=C34)C[C@@H]2CNC2=CN=CC=N2)C2=CC(Cl)=CC=C2C1=O,66.0,,1.9,1.0,100.0,ASAP-0013301,Train,CNC(=O)CN1C[C@@]2(C(=O)N(C3=CN=CC4=CC=CC=C34)C[C@@H]2CNC2=CN=CC=N2)C2=CC(Cl)=CC=C2C1=O,CNC(=O)CN1C[C@@]2(C(=O)N(c3cncc4ccccc34)C[C@@H]2CNc2cnccn2)c2cc(Cl)ccc2C1=O,1.8195439355418688,2.0,0.0,
CN(C)C(=O)C1=NOC(CCCOC2=CC=C3C(OCC4CC4)=NOC3=C2)=C1,35.5,7.0,3.7,5.07,132.0,ASAP-0021312,Train,CN(C)C(=O)C1=NOC(CCCOC2=CC=C3C(OCC4CC4)=NOC3=C2)=C1,CN(C)C(=O)c1cc(CCCOc2ccc3c(OCC4CC4)noc3c2)on1,1.550228353055094,2.12057393120585,0.705007959333336,0.8450980400142568
CC1=CC(C2=NOC(C(F)(F)F)=N2)=CC=C1CCOCC1=CC(C(=O)N(C)C)=NO1,48.4,48.0,4.0,4.04,86.9,ASAP-0017309,Train,CC1=CC(C2=NOC(C(F)(F)F)=N2)=CC=C1CCOCC1=CC(C(=O)N(C)C)=NO1,Cc1cc(-c2noc(C(F)(F)F)n2)ccc1CCOCc1cc(C(=O)N(C)C)no1,1.6848453616444126,1.9390197764486665,0.6063813651106049,1.6812412373755872
COC1=CC(C#N)=CC([C@H](NC2=CC=C3CNCC3=C2)C(=O)NCC(F)F)=C1 |&1:9|,,381.0,-0.4,0.5,,ASAP-0031332,Train,COC1=CC(C#N)=CC([C@H](NC2=CC=C3CNCC3=C2)C(=O)NCC(F)F)=C1,COc1cc(C#N)cc([C@H](Nc2ccc3c(c2)CNC3)C(=O)NCC(F)F)c1,,,-0.3010299956639812,2.5809249756756194
CC1=CC(NC(=O)NC2=CNC(=O)C3=CC=CC=C23)=NO1,9.69,65.0,1.6,5.37,119.0,ASAP-0014761,Train,CC1=CC(NC(=O)NC2=CNC(=O)C3=CC=CC=C23)=NO1,Cc1cc(NC(=O)Nc2c[nH]c(=O)c3ccccc23)no1,0.9863237770507653,2.0755469613925306,0.7299742856995556,1.8129133566428555
CNC(=O)CC1CCN(C(=O)CC2=CN=CC3=CC=CC=C23)CC1,,381.0,,2.22,,ASAP-0029348,Train,CNC(=O)CC1CCN(C(=O)CC2=CN=CC3=CC=CC=C23)CC1,CNC(=O)CC1CCN(C(=O)Cc2cncc3ccccc23)CC1,,,0.3463529744506387,2.5809249756756194
CNC(=O)[C@H](NC1=CC(Cl)=CC(NC(=O)OCC2=CC=CC=C2)=C1)C1=CC=CC(C2=NNN=N2)=C1 |&1:4|,21.3,333.0,2.2,1.39,,ASAP-0027759,Train,CNC(=O)[C@H](NC1=CC(Cl)=CC(NC(=O)OCC2=CC=CC=C2)=C1)C1=CC=CC(C2=NNN=N2)=C1,CNC(=O)[C@H](Nc1cc(Cl)cc(NC(=O)OCc2ccccc2)c1)c1cccc(-c2nn[nH]n2)c1,1.3283796034387378,,0.14301480025409505,2.5224442335063197
OCC#C[C@H](NC1=CC=C2CNCC2=C1)C1=CC(Cl)=CC2=C1C=NN2 |&1:4|,,135.0,0.5,0.592,,ASAP-0028990,Train,OCC#C[C@H](NC1=CC=C2CNCC2=C1)C1=CC(Cl)=CC2=C1C=NN2,OCC#C[C@H](Nc1ccc2c(c1)CNC2)c1cc(Cl)cc2[nH]ncc12,,,-0.22767829327708025,2.130333768495006
CNCC1=CC(C2=CC3=C(N[C@H](C4=CC=C5CCNS(=O)(=O)C5=C4)C(C)C)N=CN=C3N2)=CO1 |&1:11|,46.0,372.0,1.9,1.2,42.0,ASAP-0011243,Train,CNCC1=CC(C2=CC3=C(N[C@H](C4=CC=C5CCNS(=O)(=O)C5=C4)C(C)C)N=CN=C3N2)=CO1,CNCc1cc(-c2cc3c(N[C@H](c4ccc5c(c4)S(=O)(=O)NCC5)C(C)C)ncnc3[nH]2)co1,1.662757831681574,1.6232492903979006,0.07918124604762482,2.5705429398818973
CN1C(=O)C2=CC=C(Cl)C=C2[C@]12CCCN(C1=CN=CC3=CC=CC=C13)C2=O |&1:11|,16.0,376.0,1.5,8.13,43.0,ASAP-0011036,Train,CN1C(=O)C2=CC=C(Cl)C=C2[C@]12CCCN(C1=CN=CC3=CC=CC=C13)C2=O,CN1C(=O)c2ccc(Cl)cc2[C@]12CCCN(c1cncc3ccccc13)C2=O,1.2041199826559248,1.6334684555795864,0.9100905455940682,2.575187844927661
"C[C@H]1CN(C2=CN=CC3=CC=CC=C23)C(=O)[C@@]12CN(CCN1CCN(S(C)(=O)=O)CC1)C(=O)C1=CC=C(Cl)C=C12 |a:1,16|",237.0,376.0,1.8,1.33,237.0,ASAP-0013898,Train,C[C@H]1CN(C2=CN=CC3=CC=CC=C23)C(=O)[C@@]12CN(CCN1CCN(S(C)(=O)=O)CC1)C(=O)C1=CC=C(Cl)C=C12,C[C@H]1CN(c2cncc3ccccc23)C(=O)[C@@]12CN(CCN1CCN(S(C)(=O)=O)CC1)C(=O)c1ccc(Cl)cc12,2.374748346010104,2.374748346010104,0.12385164096708581,2.575187844927661
O=C(NCC(F)F)[C@H](NC1=CC=C2CNCC2=C1)C1=CC(Cl)=CC(C2CC2)=C1 |o1:7|,,139.0,1.4,1.9,,ASAP-0030776,Train,O=C(NCC(F)F)[C@H](NC1=CC=C2CNCC2=C1)C1=CC(Cl)=CC(C2CC2)=C1,O=C(NCC(F)F)[C@H](Nc1ccc2c(c1)CNC2)c1cc(Cl)cc(C2CC2)c1,,,0.2787536009528289,2.143014800254095
CC1=CC([C@H](NC2=CC=C3CNCC3=C2)C(=O)NCC(F)F)=CC(C(F)(F)F)=C1 |&1:4|,,,1.0,0.7,,ASAP-0031651,Train,CC1=CC([C@H](NC2=CC=C3CNCC3=C2)C(=O)NCC(F)F)=CC(C(F)(F)F)=C1,Cc1cc([C@H](Nc2ccc3c(c2)CNC3)C(=O)NCC(F)F)cc(C(F)(F)F)c1,,,-0.1549019599857432,
CN1N=NN=C1CN1C[C@]2(CCN(C3=CN=CC4=CC=CC=C34)C2=O)C2=CC(Cl)=CC=C2C1=O |o1:9|,57.0,398.0,1.9,3.8,129.0,ASAP-0013312,Train,CN1N=NN=C1CN1C[C@]2(CCN(C3=CN=CC4=CC=CC=C34)C2=O)C2=CC(Cl)=CC=C2C1=O,Cn1nnnc1CN1C[C@]2(CCN(c3cncc4ccccc34)C2=O)c2cc(Cl)ccc2C1=O,1.7558748556724915,2.110589710299249,0.5797835966168101,2.5998830720736876
C=CC(=O)N1CCCC2=CC=C(N(CC3=CC=CC(C(F)(F)F)=C3)C(=O)CC3=CN=CC4=CC=CC=C34)C=C21,614.0,,,,2150.0,ASAP-0022458,Train,C=CC(=O)N1CCCC2=CC=C(N(CC3=CC=CC(C(F)(F)F)=C3)C(=O)CC3=CN=CC4=CC=CC=C34)C=C21,C=CC(=O)N1CCCc2ccc(N(Cc3cccc(C(F)(F)F)c3)C(=O)Cc3cncc4ccccc34)cc21,2.788168371141168,3.3324384599156054,,
NC1=NN=C2C=CC(C3=CC=C4NC(=O)CNC4=C3)=CN12,15.6,30.0,0.8,1.66,41.8,ASAP-0015169,Train,NC1=NN=C2C=CC(C3=CC=C4NC(=O)CNC4=C3)=CN12,Nc1nnc2ccc(-c3ccc4c(c3)NCC(=O)N4)cn12,1.1931245983544616,1.6211762817750353,0.22010808804005508,1.4771212547196624
O=C(NC1=CC2=C(C=C1C1CC1)CNC2)C1=CC(F)=CC2=C1C=NN2,,189.0,0.7,3.41,86.8,ASAP-0031019,Train,O=C(NC1=CC2=C(C=C1C1CC1)CNC2)C1=CC(F)=CC2=C1C=NN2,O=C(Nc1cc2c(cc1C1CC1)CNC2)c1cc(F)cc2[nH]ncc12,,1.9385197251764918,0.5327543789924978,2.2764618041732443
COC1=CC=C(C(=O)NC2=CC=CC(/C=C3/C(=O)NC(=O)C4=CC=CC=C34)=C2)C=C1,180.0,23.0,3.6,2.33,127.0,ASAP-0013646,Train,COC1=CC=C(C(=O)NC2=CC=CC(/C=C3/C(=O)NC(=O)C4=CC=CC=C34)=C2)C=C1,COc1ccc(C(=O)Nc2cccc(/C=C3/C(=O)NC(=O)c4ccccc43)c2)cc1,2.255272505103306,2.103803720955957,0.367355921026019,1.3617278360175928
CC(C)[C@H](NC1=NC=NC2=C1C=C(C1=CN(C)N=C1)N2)C1=CC=C2CCCS(=O)(=O)C2=C1 |o1:3|,405.0,111.0,3.2,1.5,140.0,ASAP-0012329,Train,CC(C)[C@H](NC1=NC=NC2=C1C=C(C1=CN(C)N=C1)N2)C1=CC=C2CCCS(=O)(=O)C2=C1,CC(C)[C@H](Nc1ncnc2[nH]c(-c3cnn(C)c3)cc12)c1ccc2c(c1)S(=O)(=O)CCC2,2.6074550232146687,2.146128035678238,0.17609125905568124,2.0453229787866576
"O=C(NC1=C2NC=C(C(=O)N[C@H]3C4=CC=CC=C4C[C@H]3C(=O)O)C2=CC=C1)NC1CC1 |&1:11,19|",6.0,,-0.05,1.8,4.0,ASAP-0000627,Train,O=C(NC1=C2NC=C(C(=O)N[C@H]3C4=CC=CC=C4C[C@H]3C(=O)O)C2=CC=C1)NC1CC1,O=C(Nc1cccc2c(C(=O)N[C@H]3c4ccccc4C[C@H]3C(=O)O)c[nH]c12)NC1CC1,0.7781512503836436,0.6020599913279624,0.25527250510330607,
CC(C)[C@H](NC1=NC=NC2=C1C=C(C(=O)N[C@@H]1CCN(C)C1)N2)C1=CC=C2CCCS(=O)(=O)C2=C1 |o1:3|,3.0,366.0,1.4,0.707,3.0,ASAP-0011196,Train,CC(C)[C@H](NC1=NC=NC2=C1C=C(C(=O)N[C@@H]1CCN(C)C1)N2)C1=CC=C2CCCS(=O)(=O)C2=C1,CC(C)[C@H](Nc1ncnc2[nH]c(C(=O)N[C@@H]3CCN(C)C3)cc12)c1ccc2c(c1)S(=O)(=O)CCC2,0.47712125471966244,0.47712125471966244,-0.1505805862031006,2.5634810853944106
CNC(=O)CN1C[C@@]2(C(=O)N(C3=CN=CC4=CC=CC=C34)C[C@@H]2C)C2=CC=CC=C2C1=O,3.0,391.0,0.7,1.1,17.0,ASAP-0000541,Train,CNC(=O)CN1C[C@@]2(C(=O)N(C3=CN=CC4=CC=CC=C34)C[C@@H]2C)C2=CC=CC=C2C1=O,CNC(=O)CN1C[C@@]2(C(=O)N(c3cncc4ccccc34)C[C@@H]2C)c2ccccc2C1=O,0.47712125471966244,1.2304489213782739,0.04139268515822508,2.5921767573958667
C[C@H]1CN(C2=CN=CC3=CC=CC=C23)C(=O)[C@@]12CN(CC1=CNN=N1)C(=O)C1=CC=C(F)C=C12,11.0,389.0,1.7,1.97,61.0,ASAP-0013412,Train,C[C@H]1CN(C2=CN=CC3=CC=CC=C23)C(=O)[C@@]12CN(CC1=CNN=N1)C(=O)C1=CC=C(F)C=C12,C[C@H]1CN(c2cncc3ccccc23)C(=O)[C@@]12CN(Cc1c[nH]nn1)C(=O)c1ccc(F)cc12,1.0413926851582251,1.7853298350107671,0.2944662261615929,2.5899496013257077
CN1C=C(NC(=O)NCC2=CC=CC=N2)C2=CN=CC=C2C1=O,4.11,378.0,0.3,1.57,2.08,ASAP-0014913,Train,CN1C=C(NC(=O)NCC2=CC=CC=N2)C2=CN=CC=C2C1=O,Cn1cc(NC(=O)NCc2ccccn2)c2cnccc2c1=O,0.6138418218760693,0.31806333496276157,0.19589965240923377,2.5774917998372255
CN1C(=O)NC2=C(C(=O)NC3=CC=C4CNCC4=C3)C=C(Br)C=C21,,161.0,0.5,0.805,12.5,ASAP-0029933,Train,CN1C(=O)NC2=C(C(=O)NC3=CC=C4CNCC4=C3)C=C(Br)C=C21,Cn1c(=O)[nH]c2c(C(=O)Nc3ccc4c(c3)CNC4)cc(Br)cc21,,1.0969100130080565,-0.09420411963213146,2.2068258760318495
CCNC(=O)C1=CC2=C(N[C@H](C3=CC=C4CCNS(=O)(=O)C4=C3)C(C)C)N=CN=C2N1 |&1:10|,85.0,344.0,2.6,1.96,45.0,ASAP-0011076,Train,CCNC(=O)C1=CC2=C(N[C@H](C3=CC=C4CCNS(=O)(=O)C4=C3)C(C)C)N=CN=C2N1,CCNC(=O)c1cc2c(N[C@H](c3ccc4c(c3)S(=O)(=O)NCC4)C(C)C)ncnc2[nH]1,1.9294189257142926,1.6532125137753437,0.292256071356476,2.53655844257153
O=C(NC1=CC(Cl)=CC(C(=O)NC2=CC=CC(C3CCNCC3)=C2)=C1)OCC1=CC=CC=C1,,126.0,,1.8,,ASAP-0017708,Train,O=C(NC1=CC(Cl)=CC(C(=O)NC2=CC=CC(C3CCNCC3)=C2)=C1)OCC1=CC=CC=C1,O=C(Nc1cc(Cl)cc(C(=O)Nc2cccc(C3CCNCC3)c2)c1)OCc1ccccc1,,,0.25527250510330607,2.100370545117563
C[C@H](C(=O)O)C1=CC=CC(C(=O)C2=CC=CC=C2)=C1 |&1:1|,,,,14.6,,ASAP-0000768,Train,C[C@H](C(=O)O)C1=CC=CC(C(=O)C2=CC=CC=C2)=C1,C[C@H](C(=O)O)c1cccc(C(=O)c2ccccc2)c1,,,1.1643528557844371,
"C[C@H]1CN(C2=CN=CC3=CC=CC=C23)C(=O)[C@@]12CN(CC1=CC=NN=C1)C(=O)C1=CC=C(F)C=C12 |a:1,16|",19.0,,1.2,1.0,57.0,ASAP-0014613,Train,C[C@H]1CN(C2=CN=CC3=CC=CC=C23)C(=O)[C@@]12CN(CC1=CC=NN=C1)C(=O)C1=CC=C(F)C=C12,C[C@H]1CN(c2cncc3ccccc23)C(=O)[C@@]12CN(Cc1ccnnc1)C(=O)c1ccc(F)cc12,1.2787536009528289,1.7558748556724915,0.0,
"O=C1C2=CC=C(Cl)C=C2[C@@]2(CN1CCN1CCOCC1)C(=O)N(C1=CN=CC3=CC=CC=C13)C[C@@H]2CNC1=NC=CC=N1 |a:9,34|",108.0,382.0,1.9,1.17,133.0,ASAP-0013925,Train,O=C1C2=CC=C(Cl)C=C2[C@@]2(CN1CCN1CCOCC1)C(=O)N(C1=CN=CC3=CC=CC=C13)C[C@@H]2CNC1=NC=CC=N1,O=C1c2ccc(Cl)cc2[C@@]2(CN1CCN1CCOCC1)C(=O)N(c1cncc3ccccc13)C[C@@H]2CNc1ncccn1,2.03342375548695,2.123851640967086,0.06818586174616162,2.582063362911709
O=C(NC1=CC=C2CNCC2=C1)C1=CC(Cl)=CC2=C1C=NN2,,279.0,0.9,1.8,243.0,ASAP-0027808,Train,O=C(NC1=CC=C2CNCC2=C1)C1=CC(Cl)=CC2=C1C=NN2,O=C(Nc1ccc2c(c1)CNC2)c1cc(Cl)cc2[nH]ncc12,,2.385606273598312,0.25527250510330607,2.4456042032735974
O=C(CC1=CN=CC2=CC=CC=C12)N1CC[C@H](OC2=CC=C(F)C(F)=C2)C1 |&1:16|,,355.0,,16.4,,ASAP-0029364,Train,O=C(CC1=CN=CC2=CC=CC=C12)N1CC[C@H](OC2=CC=C(F)C(F)=C2)C1,O=C(Cc1cncc2ccccc12)N1CC[C@H](Oc2ccc(F)c(F)c2)C1,,,1.2148438480476977,2.550228353055094
CNC(=O)[C@@H](C)N1C[C@@]2(C(=O)N(C3=CN=CC4=CC=CC=C34)C[C@@H]2C)C2=CC(Cl)=CC=C2C1=O,48.0,374.0,2.1,8.52,127.0,ASAP-0012333,Train,CNC(=O)[C@@H](C)N1C[C@@]2(C(=O)N(C3=CN=CC4=CC=CC=C34)C[C@@H]2C)C2=CC(Cl)=CC=C2C1=O,CNC(=O)[C@@H](C)N1C[C@@]2(C(=O)N(c3cncc4ccccc34)C[C@@H]2C)c2cc(Cl)ccc2C1=O,1.6812412373755872,2.103803720955957,0.9304395947667001,2.5728716022004803
CC1=CC=NC=C1CCCOC1=CC=C(C2=NOC(C(F)(F)F)=N2)C=C1C,13.1,3.0,,0.0927,16.2,ASAP-0017306,Train,CC1=CC=NC=C1CCCOC1=CC=C(C2=NOC(C(F)(F)F)=N2)C=C1C,Cc1ccncc1CCCOc1ccc(-c2noc(C(F)(F)F)n2)cc1C,1.1172712956557642,1.209515014542631,-1.032920265855503,0.47712125471966244
O=C(/C=C/C1=CC=CC=C1)C(=O)N1CCN(CCC2=CC=CC=C2)CC1,167.0,239.0,3.3,3.0,181.0,ASAP-0012944,Train,O=C(/C=C/C1=CC=CC=C1)C(=O)N1CCN(CCC2=CC=CC=C2)CC1,O=C(/C=C/c1ccccc1)C(=O)N1CCN(CCc2ccccc2)CC1,2.2227164711475833,2.2576785748691846,0.47712125471966244,2.3783979009481375
CCOC1=NOC2=CC(OCCCC3=CC(C(=O)N(C)C)=NO3)=CC=C12,31.2,18.0,3.5,14.8,140.0,ASAP-0021658,Train,CCOC1=NOC2=CC(OCCCC3=CC(C(=O)N(C)C)=NO3)=CC=C12,CCOc1noc2cc(OCCCc3cc(C(=O)N(C)C)no3)ccc12,1.4941545940184429,2.146128035678238,1.1702617153949575,1.255272505103306
CC1=CC(C2=NOC(C(F)(F)F)=N2)=CC=C1OCCCC1=NC=CN1,,68.0,,1.89,25.8,ASAP-0017443,Train,CC1=CC(C2=NOC(C(F)(F)F)=N2)=CC=C1OCCCC1=NC=CN1,Cc1cc(-c2noc(C(F)(F)F)n2)ccc1OCCCc1ncc[nH]1,,1.4116197059632303,0.2764618041732441,1.8325089127062364
CC1=CC(C2=NOC(C(F)(F)F)=N2)=CC=C1OCCCC1=CC(C(=O)N2CC[C@H](O)C2)=NO1 |a:28|,,13.0,4.4,2.47,12.3,ASAP-0017305,Train,CC1=CC(C2=NOC(C(F)(F)F)=N2)=CC=C1OCCCC1=CC(C(=O)N2CC[C@H](O)C2)=NO1,Cc1cc(-c2noc(C(F)(F)F)n2)ccc1OCCCc1cc(C(=O)N2CC[C@H](O)C2)no1,,1.089905111439398,0.39269695325966575,1.1139433523068367
O=C(NC1=CC=CC(B(O)O)=C1)[C@H]1CCN(CC2=CC=CC=C2)C1 |&1:12|,7.0,,1.9,13.5,26.0,ASAP-0014731,Train,O=C(NC1=CC=CC(B(O)O)=C1)[C@H]1CCN(CC2=CC=CC=C2)C1,O=C(Nc1cccc(B(O)O)c1)[C@H]1CCN(Cc2ccccc2)C1,0.8450980400142568,1.414973347970818,1.130333768495006,
CN1CCN(C)[C@H](CNC(=O)C2=CC=C3COB(O)C3=C2)C1 |&1:6|,14.0,,-0.5,1.0,16.0,ASAP-0014818,Train,CN1CCN(C)[C@H](CNC(=O)C2=CC=C3COB(O)C3=C2)C1,CN1CCN(C)[C@H](CNC(=O)c2ccc3c(c2)B(O)OC3)C1,1.146128035678238,1.2041199826559248,0.0,
CO[C@@H](C)CN1C[C@@]2(C(=O)N(C3=CN=CC4=CC=CC=C34)C[C@@H]2C)C2=CC(F)=CC=C2C1=O,87.0,,2.0,27.7,371.0,ASAP-0012339,Train,CO[C@@H](C)CN1C[C@@]2(C(=O)N(C3=CN=CC4=CC=CC=C34)C[C@@H]2C)C2=CC(F)=CC=C2C1=O,CO[C@@H](C)CN1C[C@@]2(C(=O)N(c3cncc4ccccc34)C[C@@H]2C)c2cc(F)ccc2C1=O,1.9395192526186185,2.569373909615046,1.4424797690644486,
"C[C@H]1CN(C2=CN=CC3=CC=CC=C23)C(=O)[C@@]12CN(CC#N)C(=O)C1=CC=C(F)C=C12 |a:1,16|",85.0,375.0,1.7,8.26,84.0,ASAP-0013719,Train,C[C@H]1CN(C2=CN=CC3=CC=CC=C23)C(=O)[C@@]12CN(CC#N)C(=O)C1=CC=C(F)C=C12,C[C@H]1CN(c2cncc3ccccc23)C(=O)[C@@]12CN(CC#N)C(=O)c1ccc(F)cc12,1.9294189257142926,1.9242792860618816,0.9169800473203822,2.574031267727719
CC1=CC(C2=NOC(C(F)(F)F)=N2)=CC=C1COCCC1=CC(C(=O)N(C)C)=NO1,36.5,68.0,3.5,15.2,78.9,ASAP-0020875,Train,CC1=CC(C2=NOC(C(F)(F)F)=N2)=CC=C1COCCC1=CC(C(=O)N(C)C)=NO1,Cc1cc(-c2noc(C(F)(F)F)n2)ccc1COCCc1cc(C(=O)N(C)C)no1,1.5622928644564746,1.8970770032094204,1.1818435879447726,1.8325089127062364
CNC(=O)C1=CNC2=NC=NC(N[C@H](C3=CC=C4OCCOC4=C3)C(C)C)=C12 |&1:13|,79.0,319.0,3.6,16.2,88.0,ASAP-0008406,Train,CNC(=O)C1=CNC2=NC=NC(N[C@H](C3=CC=C4OCCOC4=C3)C(C)C)=C12,CNC(=O)c1c[nH]c2ncnc(N[C@H](c3ccc4c(c3)OCCO4)C(C)C)c12,1.8976270912904414,1.9444826721501687,1.209515014542631,2.503790683057181
CNC(=O)C1=CC(Cl)=C(F)C=C1NS(=O)(=O)C1=CC=C(OC2=CC=CC=C2Cl)C=C1,71.3,49.0,,6.11,45.6,ASAP-0015925,Train,CNC(=O)C1=CC(Cl)=C(F)C=C1NS(=O)(=O)C1=CC=C(OC2=CC=CC=C2Cl)C=C1,CNC(=O)c1cc(Cl)c(F)cc1NS(=O)(=O)c1ccc(Oc2ccccc2Cl)cc1,1.8530895298518655,1.658964842664435,0.7860412102425542,1.6901960800285136
CN1N=CC(C2=CC3=C(N[C@H](C4=CC=C5OCCOC5=N4)C(C)(C)C)N=CN=C3N2)=C1C#N |o1:10|,283.0,24.0,3.3,14.0,226.0,ASAP-0011221,Train,CN1N=CC(C2=CC3=C(N[C@H](C4=CC=C5OCCOC5=N4)C(C)(C)C)N=CN=C3N2)=C1C#N,Cn1ncc(-c2cc3c(N[C@H](c4ccc5c(n4)OCCO5)C(C)(C)C)ncnc3[nH]2)c1C#N,2.45178643552429,2.3541084391474008,1.146128035678238,1.380211241711606
CN(C)C(=O)C1=NOC(CCCOC2=CC=C(C3=NOC(C4CC4)=N3)C=C2)=C1,29.8,16.0,3.6,23.9,54.7,ASAP-0020873,Train,CN(C)C(=O)C1=NOC(CCCOC2=CC=C(C3=NOC(C4CC4)=N3)C=C2)=C1,CN(C)C(=O)c1cc(CCCOc2ccc(-c3noc(C4CC4)n3)cc2)on1,1.4742162640762553,1.737987326333431,1.3783979009481377,1.2041199826559248
CN1C(SC2=CC(C3=CC=CC=C3)=NC3=NC=NN23)=NN=C1C1=CC=NC=C1,174.0,21.0,1.4,0.0237,130.0,ASAP-0022872,Train,CN1C(SC2=CC(C3=CC=CC=C3)=NC3=NC=NN23)=NN=C1C1=CC=NC=C1,Cn1c(Sc2cc(-c3ccccc3)nc3ncnn23)nnc1-c1ccncc1,2.2405492482826,2.113943352306837,-1.6252516539898962,1.3222192947339193
CCN1N=CC=C1CN1C[C@@]2(C(=O)N(C3=CN=CC4=CC=CC=C34)C[C@@H]2C)C2=CC(F)=CC=C2C1=O,256.0,378.0,2.3,16.5,441.0,ASAP-0013398,Train,CCN1N=CC=C1CN1C[C@@]2(C(=O)N(C3=CN=CC4=CC=CC=C34)C[C@@H]2C)C2=CC(F)=CC=C2C1=O,CCn1nccc1CN1C[C@@]2(C(=O)N(c3cncc4ccccc34)C[C@@H]2C)c2cc(F)ccc2C1=O,2.4082399653118496,2.6444385894678386,1.2174839442139063,2.5774917998372255
O=C(CC1=CN=CC2=CC=CC=C12)N1CCC[C@H](C2=NN=C3C=CC=CN23)C1 |&1:17|,,393.0,,1.42,,ASAP-0029339,Train,O=C(CC1=CN=CC2=CC=CC=C12)N1CCC[C@H](C2=NN=C3C=CC=CN23)C1,O=C(Cc1cncc2ccccc12)N1CCC[C@H](c2nnc3ccccn23)C1,,,0.15228834438305647,2.5943925503754266
CNC(=O)CN1C[C@@]2(C(=O)N(C3=CN=CC4=CC=CC=C34)C[C@@H]2CS(=O)(=O)NC)C2=CC(F)=CC=C2C1=O,33.0,,0.7,0.9,29.0,ASAP-0013303,Train,CNC(=O)CN1C[C@@]2(C(=O)N(C3=CN=CC4=CC=CC=C34)C[C@@H]2CS(=O)(=O)NC)C2=CC(F)=CC=C2C1=O,CNC(=O)CN1C[C@@]2(C(=O)N(c3cncc4ccccc34)C[C@@H]2CS(=O)(=O)NC)c2cc(F)ccc2C1=O,1.5185139398778875,1.462397997898956,-0.045757490560675115,
CC1=NN=C(CCCOC2=CC=C(C3=NOC(C(F)(F)F)=N3)C=C2C)O1,16.6,78.0,4.4,8.89,74.6,ASAP-0017292,Train,CC1=NN=C(CCCOC2=CC=C(C3=NOC(C(F)(F)F)=N3)C=C2C)O1,Cc1nnc(CCCOc2ccc(-c3noc(C(F)(F)F)n3)cc2C)o1,1.2201080880400552,1.8727388274726688,0.9489017609702137,1.8920946026904804
CNC(=O)CN1C=C(C2=CC3=C(N[C@H](C4=CC=C5CCCS(=O)(=O)C5=C4)C(C)C)N=CN=C3N2)C=N1 |o1:13|,237.0,294.0,2.3,0.916,44.0,ASAP-0011184,Train,CNC(=O)CN1C=C(C2=CC3=C(N[C@H](C4=CC=C5CCCS(=O)(=O)C5=C4)C(C)C)N=CN=C3N2)C=N1,CNC(=O)Cn1cc(-c2cc3c(N[C@H](c4ccc5c(c4)S(=O)(=O)CCC5)C(C)C)ncnc3[nH]2)cn1,2.374748346010104,1.6434526764861874,-0.0381045263321496,2.4683473304121573
CO[C@]1(C(F)(F)F)CCN(C(=O)CC2=CN=CC3=CC=CC=C23)C1 |&1:2|,,380.0,,25.4,,ASAP-0029313,Train,CO[C@]1(C(F)(F)F)CCN(C(=O)CC2=CN=CC3=CC=CC=C23)C1,CO[C@]1(C(F)(F)F)CCN(C(=O)Cc2cncc3ccccc23)C1,,,1.404833716619938,2.57978359661681
CC(C)[C@H](NC1=NC=NC2=C1C=C(C1=CN(CC(N)=O)N=C1)N2)C1=CC=C2CCCS(=O)(=O)C2=C1 |&1:3|,116.0,341.0,1.9,0.32,61.0,ASAP-0008679,Train,CC(C)[C@H](NC1=NC=NC2=C1C=C(C1=CN(CC(N)=O)N=C1)N2)C1=CC=C2CCCS(=O)(=O)C2=C1,CC(C)[C@H](Nc1ncnc2[nH]c(-c3cnn(CC(N)=O)c3)cc12)c1ccc2c(c1)S(=O)(=O)CCC2,2.0644579892269186,1.7853298350107671,-0.494850021680094,2.5327543789924976
"O=C1C[C@H]2CCN(C(=O)CC3=CN=CC4=CC=CC=C34)C[C@H]2N1 |&1:3,21|",,377.0,,0.844,,ASAP-0029335,Train,O=C1C[C@H]2CCN(C(=O)CC3=CN=CC4=CC=CC=C34)C[C@H]2N1,O=C1C[C@H]2CCN(C(=O)Cc3cncc4ccccc34)C[C@H]2N1,,,-0.07365755337434496,2.576341350205793
CNC(=O)[C@H](NC1=CC=C(C2=NN=NN2)C=C1)C1=CC(Cl)=CC(C2CC2)=C1 |&1:4|,,,1.1,1.6,,ASAP-0027959,Train,CNC(=O)[C@H](NC1=CC=C(C2=NN=NN2)C=C1)C1=CC(Cl)=CC(C2CC2)=C1,CNC(=O)[C@H](Nc1ccc(-c2nnn[nH]2)cc1)c1cc(Cl)cc(C2CC2)c1,,,0.2041199826559248,
CC1=CC(C2=NOC(C(F)(F)F)=N2)=CC=C1OCCCC1=NC(C2=CC=CN=C2)=NO1,16.6,6.0,,0.434,33.0,ASAP-0017438,Train,CC1=CC(C2=NOC(C(F)(F)F)=N2)=CC=C1OCCCC1=NC(C2=CC=CN=C2)=NO1,Cc1cc(-c2noc(C(F)(F)F)n2)ccc1OCCCc1nc(-c2cccnc2)no1,1.2201080880400552,1.5185139398778875,-0.3625102704874893,0.7781512503836436
CC1=NOC(CCCOC2=CC=C(C3=NOC(C(F)(F)F)=N3)C=C2C)=N1,,4.0,,2.84,112.0,ASAP-0017291,Train,CC1=NOC(CCCOC2=CC=C(C3=NOC(C(F)(F)F)=N3)C=C2C)=N1,Cc1noc(CCCOc2ccc(-c3noc(C(F)(F)F)n3)cc2C)n1,,2.0492180226701815,0.45331834004703764,0.6020599913279624
CN1N=NC(CN2C[C@]3(CCN(C4=CN=CC5=CC=CC=C45)C3=O)C3=CC(Cl)=CC=C3C2=O)=N1 |o1:8|,29.0,,1.9,8.2,97.0,ASAP-0013311,Train,CN1N=NC(CN2C[C@]3(CCN(C4=CN=CC5=CC=CC=C45)C3=O)C3=CC(Cl)=CC=C3C2=O)=N1,Cn1nnc(CN2C[C@]3(CCN(c4cncc5ccccc45)C3=O)c3cc(Cl)ccc3C2=O)n1,1.462397997898956,1.9867717342662448,0.9138138523837167,
CC(C)[C@H](NC1=NC=NC(N)=C1Cl)C1=CC=C2CCCS(=O)(=O)C2=C1 |&1:3|,79.0,,2.4,10.1,204.0,ASAP-0010739,Train,CC(C)[C@H](NC1=NC=NC(N)=C1Cl)C1=CC=C2CCCS(=O)(=O)C2=C1,CC(C)[C@H](Nc1ncnc(N)c1Cl)c1ccc2c(c1)S(=O)(=O)CCC2,1.8976270912904414,2.3096301674258988,1.0043213737826426,
C[C@H]1CN(C2=CN=CC3=CC=CC=C23)C(=O)[C@@]12CN(CC1=CC=NN1)C(=O)C1=CC=C(F)C=C12,44.0,397.0,2.0,4.26,163.0,ASAP-0013273,Train,C[C@H]1CN(C2=CN=CC3=CC=CC=C23)C(=O)[C@@]12CN(CC1=CC=NN1)C(=O)C1=CC=C(F)C=C12,C[C@H]1CN(c2cncc3ccccc23)C(=O)[C@@]12CN(Cc1ccn[nH]1)C(=O)c1ccc(F)cc12,1.6434526764861874,2.2121876044039577,0.6294095991027189,2.598790506763115
"CNC(=O)CN1C[C@@]2(C(=O)N(C3=CN=CC4=CC=CC=C34)C[C@@H]2CN2N=CN=N2)C2=CC(Cl)=CC=C2C1=O |a:7,22|",44.0,387.0,1.1,0.29,46.0,ASAP-0013718,Train,CNC(=O)CN1C[C@@]2(C(=O)N(C3=CN=CC4=CC=CC=C34)C[C@@H]2CN2N=CN=N2)C2=CC(Cl)=CC=C2C1=O,CNC(=O)CN1C[C@@]2(C(=O)N(c3cncc4ccccc34)C[C@@H]2Cn2ncnn2)c2cc(Cl)ccc2C1=O,1.6434526764861874,1.662757831681574,-0.5376020021010439,2.5877109650189114
O=C(NCC1=CC=CC=N1)NC1=CNC(=O)C2=CC=CN=C12,,285.0,0.9,2.8,,ASAP-0015907,Train,O=C(NCC1=CC=CC=N1)NC1=CNC(=O)C2=CC=CN=C12,O=C(NCc1ccccn1)Nc1c[nH]c(=O)c2cccnc12,,,0.4471580313422192,2.45484486000851
CC(C)[C@H](NC1=NC=NC2=C1C=C(C1=CN(CCC(N)=O)N=C1)N2)C1=CC=C2OCCOC2=C1 |&1:3|,99.0,236.0,3.0,1.46,62.0,ASAP-0008482,Train,CC(C)[C@H](NC1=NC=NC2=C1C=C(C1=CN(CCC(N)=O)N=C1)N2)C1=CC=C2OCCOC2=C1,CC(C)[C@H](Nc1ncnc2[nH]c(-c3cnn(CCC(N)=O)c3)cc12)c1ccc2c(c1)OCCO2,1.99563519459755,1.792391689498254,0.1643528557844371,2.3729120029701067
CC(C)[C@H](NC1=NC=NC2=C1C=C(C1=CN(CC(N)=O)N=C1)N2)C1=CC=C2OCCOC2=C1 |o1:3|,47.0,280.0,2.9,1.09,16.0,ASAP-0008449,Train,CC(C)[C@H](NC1=NC=NC2=C1C=C(C1=CN(CC(N)=O)N=C1)N2)C1=CC=C2OCCOC2=C1,CC(C)[C@H](Nc1ncnc2[nH]c(-c3cnn(CC(N)=O)c3)cc12)c1ccc2c(c1)OCCO2,1.6720978579357175,1.2041199826559248,0.037426497940623665,2.4471580313422194
CC1=CC(OCC2=CC=CC=C2)=CC=C1NS(=O)(=O)C1=CC=C(Cl)C=C1C(=O)O,22.3,394.0,2.7,4.61,,ASAP-0017520,Train,CC1=CC(OCC2=CC=CC=C2)=CC=C1NS(=O)(=O)C1=CC=C(Cl)C=C1C(=O)O,Cc1cc(OCc2ccccc2)ccc1NS(=O)(=O)c1ccc(Cl)cc1C(=O)O,1.3483048630481607,,0.6637009253896482,2.595496221825574
CC1=NC=CN1C[C@H]1CCC2=C(C1=O)C1=CC=CC=C1N2C |&1:7|,,127.0,,,,ASAP-0000639,Train,CC1=NC=CN1C[C@H]1CCC2=C(C1=O)C1=CC=CC=C1N2C,Cc1nccn1C[C@H]1CCc2c(c3ccccc3n2C)C1=O,,,,2.103803720955957
CC(C)[C@H](NC1=NC=NC2=C1C=C(C1=C(C#N)N(C)N=C1)N2)C1=CC=C2OCC(=O)NC2=N1 |&1:3|,70.0,29.0,3.7,9.83,145.0,ASAP-0008644,Train,CC(C)[C@H](NC1=NC=NC2=C1C=C(C1=C(C#N)N(C)N=C1)N2)C1=CC=C2OCC(=O)NC2=N1,CC(C)[C@H](Nc1ncnc2[nH]c(-c3cnn(C)c3C#N)cc12)c1ccc2c(n1)NC(=O)CO2,1.845098040014257,2.161368002234975,0.9925535178321356,1.462397997898956
ClC1=CC=CC(C2=NN=C(SC3=CC(C4=CC=CC=C4)=NC4=NC=NN34)O2)=C1,,,4.1,1.85,,ASAP-0027858,Train,ClC1=CC=CC(C2=NN=C(SC3=CC(C4=CC=CC=C4)=NC4=NC=NN34)O2)=C1,Clc1cccc(-c2nnc(Sc3cc(-c4ccccc4)nc4ncnn34)o2)c1,,,0.26717172840301384,
CNC(=O)CN1C[C@@]2(C(=O)N(C3=CN=CC4=CC=CC=C34)C[C@@H]2CN2C=CC=N2)C2=CC(Cl)=CC=C2C1=O,51.0,,1.9,0.612,83.0,ASAP-0013405,Train,CNC(=O)CN1C[C@@]2(C(=O)N(C3=CN=CC4=CC=CC=C34)C[C@@H]2CN2C=CC=N2)C2=CC(Cl)=CC=C2C1=O,CNC(=O)CN1C[C@@]2(C(=O)N(c3cncc4ccccc34)C[C@@H]2Cn2cccn2)c2cc(Cl)ccc2C1=O,1.7075701760979363,1.919078092376074,-0.21324857785443882,
CC1=CC=CC=C1C1=NN=C(SC2=CC(C3=CC=CC=C3)=NC3=NC=NN23)O1,,7.0,3.7,0.0109,,ASAP-0027847,Train,CC1=CC=CC=C1C1=NN=C(SC2=CC(C3=CC=CC=C3)=NC3=NC=NN23)O1,Cc1ccccc1-c1nnc(Sc2cc(-c3ccccc3)nc3ncnn23)o1,,,-1.9625735020593764,0.8450980400142568
"C[C@H]1CN(C[C@H](O)CNC(=O)C2=CC=C3COB(O)C3=C2)CCO1 |&1:1,&2:5|",8.0,,0.0,0.8,14.0,ASAP-0014822,Train,C[C@H]1CN(C[C@H](O)CNC(=O)C2=CC=C3COB(O)C3=C2)CCO1,C[C@H]1CN(C[C@H](O)CNC(=O)c2ccc3c(c2)B(O)OC3)CCO1,0.9030899869919435,1.146128035678238,-0.09691001300805639,
COC1=CC=C([C@H](CC(=O)O)NC(=O)C2=NC=NC3=C2C=CN3)C=C1 |&1:6|,7.0,,-0.38,1.7,2.0,ASAP-0000591,Train,COC1=CC=C([C@H](CC(=O)O)NC(=O)C2=NC=NC3=C2C=CN3)C=C1,COc1ccc([C@H](CC(=O)O)NC(=O)c2ncnc3[nH]ccc23)cc1,0.8450980400142568,0.3010299956639812,0.2304489213782739,
CC(C)[C@H](NC1=NC=NC2=C1C=C(C1=CN(C)N=C1)N2)C1=CC=C2CCCS(=O)(=O)C2=C1 |o1:3|,169.0,111.0,2.9,1.18,255.0,ASAP-0012327,Train,CC(C)[C@H](NC1=NC=NC2=C1C=C(C1=CN(C)N=C1)N2)C1=CC=C2CCCS(=O)(=O)C2=C1,CC(C)[C@H](Nc1ncnc2[nH]c(-c3cnn(C)c3)cc12)c1ccc2c(c1)S(=O)(=O)CCC2,2.2278867046136734,2.406540180433955,0.07188200730612536,2.0453229787866576
CC1=NC(C2=CC=C(OCCCCCN3CCN(C4=CC=NC(N)=C4)C3=O)C=C2)=NO1,32.8,10.0,2.5,1.89,29.5,ASAP-0017296,Train,CC1=NC(C2=CC=C(OCCCCCN3CCN(C4=CC=NC(N)=C4)C3=O)C=C2)=NO1,Cc1nc(-c2ccc(OCCCCCN3CCN(c4ccnc(N)c4)C3=O)cc2)no1,1.515873843711679,1.469822015978163,0.2764618041732441,1.0
"C[C@H]1CN(C2=CN=CC3=CC=CC=C23)C(=O)[C@@]12CN(CC1=NC=CN1C)C(=O)C1=CC=C(F)C=C12 |a:1,16|",195.0,377.0,2.0,6.7,351.0,ASAP-0013720,Train,C[C@H]1CN(C2=CN=CC3=CC=CC=C23)C(=O)[C@@]12CN(CC1=NC=CN1C)C(=O)C1=CC=C(F)C=C12,C[C@H]1CN(c2cncc3ccccc23)C(=O)[C@@]12CN(Cc1nccn1C)C(=O)c1ccc(F)cc12,2.290034611362518,2.545307116465824,0.8260748027008264,2.576341350205793
CCNC(=O)C1=CC2=C(N[C@H](C3=CC=C4OCCS(=O)(=O)C4=C3)C(C)C)N=CN=C2N1 |&1:10|,64.0,328.0,2.9,0.471,26.0,ASAP-0012317,Train,CCNC(=O)C1=CC2=C(N[C@H](C3=CC=C4OCCS(=O)(=O)C4=C3)C(C)C)N=CN=C2N1,CCNC(=O)c1cc2c(N[C@H](c3ccc4c(c3)S(=O)(=O)CCO4)C(C)C)ncnc2[nH]1,1.806179973983887,1.414973347970818,-0.3269790928711038,2.515873843711679
CC(C)(C)[C@H](NC1=NC=NC2=C1C=C(C1=CN(CC(N)=O)N=C1)N2)C1=CC=C2OCCOC2=C1 |o1:4|,153.0,89.0,3.0,0.364,44.0,ASAP-0012330,Train,CC(C)(C)[C@H](NC1=NC=NC2=C1C=C(C1=CN(CC(N)=O)N=C1)N2)C1=CC=C2OCCOC2=C1,CC(C)(C)[C@H](Nc1ncnc2[nH]c(-c3cnn(CC(N)=O)c3)cc12)c1ccc2c(c1)OCCO2,2.184691430817599,1.6434526764861874,-0.438898616350944,1.9493900066449128
CC(C)(C)[C@H](NC1=NC=NC2=C1C=C(C1=CN(CC(N)=O)N=C1)N2)C1=CC=C2OCCOC2=C1 |&1:4|,133.0,195.0,3.2,1.66,47.0,ASAP-0008581,Train,CC(C)(C)[C@H](NC1=NC=NC2=C1C=C(C1=CN(CC(N)=O)N=C1)N2)C1=CC=C2OCCOC2=C1,CC(C)(C)[C@H](Nc1ncnc2[nH]c(-c3cnn(CC(N)=O)c3)cc12)c1ccc2c(c1)OCCO2,2.123851640967086,1.6720978579357175,0.22010808804005508,2.290034611362518
ClC1=CC=C2NC=C(CC3=CC=C(C4=NNN=N4)C=C3)C2=C1,,,2.1,8.4,,ASAP-0027972,Train,ClC1=CC=C2NC=C(CC3=CC=C(C4=NNN=N4)C=C3)C2=C1,Clc1ccc2[nH]cc(Cc3ccc(-c4nn[nH]n4)cc3)c2c1,,,0.9242792860618817,
CC1CCC2(CC1)CCN(C(=O)CC1=CN=CC3=CC=CC=C13)C2,346.0,385.0,3.8,18.2,226.0,ASAP-0011408,Train,CC1CCC2(CC1)CCN(C(=O)CC1=CN=CC3=CC=CC=C13)C2,CC1CCC2(CC1)CCN(C(=O)Cc1cncc3ccccc13)C2,2.5390760987927767,2.3541084391474008,1.2600713879850747,2.5854607295085006
CC(C)[C@H](NC1=NC=NC2=C1C=CN2)C1=CC=C2OCCOC2=C1 |o1:3|,64.0,374.0,3.0,31.5,1680.0,ASAP-0008279,Train,CC(C)[C@H](NC1=NC=NC2=C1C=CN2)C1=CC=C2OCCOC2=C1,CC(C)[C@H](Nc1ncnc2[nH]ccc12)c1ccc2c(c1)OCCO2,1.806179973983887,3.225309281725863,1.4983105537896004,2.5728716022004803
CCNC(=O)C1=CC2=C(N[C@H](C3=CC=C4OCCOC4=C3)C(C)C)N=CN=C2N1 |o1:10|,67.0,263.0,3.6,2.7,48.0,ASAP-0013824,Train,CCNC(=O)C1=CC2=C(N[C@H](C3=CC=C4OCCOC4=C3)C(C)C)N=CN=C2N1,CCNC(=O)c1cc2c(N[C@H](c3ccc4c(c3)OCCO4)C(C)C)ncnc2[nH]1,1.8260748027008264,1.6812412373755872,0.43136376415898736,2.419955748489758
CC1=NOC(CCCOC2=C(C)C=C(C3=NOC(C(F)(F)F)=N3)C=C2C)=C1,11.6,18.0,4.2,1.42,21.5,ASAP-0016304,Train,CC1=NOC(CCCOC2=C(C)C=C(C3=NOC(C(F)(F)F)=N3)C=C2C)=C1,Cc1cc(CCCOc2c(C)cc(-c3noc(C(F)(F)F)n3)cc2C)on1,1.0644579892269184,1.3324384599156054,0.15228834438305647,1.255272505103306
O=C(NC1=CC2=C(C=C1Br)CNC2)C1=CC(F)=CC2=C1C=NN2,11.4,47.0,1.1,7.65,299.0,ASAP-0030085,Train,O=C(NC1=CC2=C(C=C1Br)CNC2)C1=CC(F)=CC2=C1C=NN2,O=C(Nc1cc2c(cc1Br)CNC2)c1cc(F)cc2[nH]ncc12,1.0569048513364727,2.4756711883244296,0.8836614351536176,1.6720978579357175
CC(C)[C@H](NC1=NC=NC2=C1C=C(C1=C(C#N)N(C)N=C1)N2)C1=CC=C2OCC(=O)NC2=N1 |o1:3|,51.0,28.0,3.7,9.64,189.0,ASAP-0011180,Train,CC(C)[C@H](NC1=NC=NC2=C1C=C(C1=C(C#N)N(C)N=C1)N2)C1=CC=C2OCC(=O)NC2=N1,CC(C)[C@H](Nc1ncnc2[nH]c(-c3cnn(C)c3C#N)cc12)c1ccc2c(n1)NC(=O)CO2,1.7075701760979363,2.2764618041732443,0.9840770339028309,1.4471580313422192
CNC(=O)CN1C[C@@]2(C(=O)N(C3=CN=CC4=CC=CC=C34)C[C@@H]2CC#N)C2=CC(Cl)=CC=C2C1=O,37.0,349.0,1.1,0.317,46.0,ASAP-0011430,Train,CNC(=O)CN1C[C@@]2(C(=O)N(C3=CN=CC4=CC=CC=C34)C[C@@H]2CC#N)C2=CC(Cl)=CC=C2C1=O,CNC(=O)CN1C[C@@]2(C(=O)N(c3cncc4ccccc34)C[C@@H]2CC#N)c2cc(Cl)ccc2C1=O,1.568201724066995,1.662757831681574,-0.4989407377822485,2.5428254269591797
O=C(O)C1=CC(Cl)=C(F)C=C1S(=O)(=O)NC1=CC=C(OC2=CC=CC=C2Cl)C=C1,67.4,396.0,3.3,4.29,,ASAP-0017585,Train,O=C(O)C1=CC(Cl)=C(F)C=C1S(=O)(=O)NC1=CC=C(OC2=CC=CC=C2Cl)C=C1,O=C(O)c1cc(Cl)c(F)cc1S(=O)(=O)Nc1ccc(Oc2ccccc2Cl)cc1,1.8286598965353198,,0.6324572921847242,2.597695185925512
COC1=CC=CC=C1NC(=O)NC1=CNC(=O)C2=CC=CC=C12,16.5,13.0,2.2,3.17,108.0,ASAP-0015912,Train,COC1=CC=CC=C1NC(=O)NC1=CNC(=O)C2=CC=CC=C12,COc1ccccc1NC(=O)Nc1c[nH]c(=O)c2ccccc12,1.2174839442139063,2.03342375548695,0.5010592622177514,1.1139433523068367
O=C1C2=CC=CC=C2[C@H](CC2=CC=C(O)C=C2)C(=O)N1CC1=CC=C2OCOC2=C1 |&1:8|,421.0,133.0,,4.32,545.0,ASAP-0016345,Train,O=C1C2=CC=CC=C2[C@H](CC2=CC=C(O)C=C2)C(=O)N1CC1=CC=C2OCOC2=C1,O=C1c2ccccc2[C@H](Cc2ccc(O)cc2)C(=O)N1Cc1ccc2c(c1)OCO2,2.6242820958356683,2.7363965022766426,0.6354837468149122,2.123851640967086
CC(C)[C@H](NC1=NC=NC2=C1C=C(C1=CN(CC(N)=O)N=C1)N2)C1=CC=C2OCC(=O)NC2=C1 |&1:3|,17.0,25.0,2.5,1.36,11.0,ASAP-0008621,Train,CC(C)[C@H](NC1=NC=NC2=C1C=C(C1=CN(CC(N)=O)N=C1)N2)C1=CC=C2OCC(=O)NC2=C1,CC(C)[C@H](Nc1ncnc2[nH]c(-c3cnn(CC(N)=O)c3)cc12)c1ccc2c(c1)NC(=O)CO2,1.2304489213782739,1.0413926851582251,0.13353890837021754,1.3979400086720377
CC1=CC(C2=NOC(C(F)(F)F)=N2)=CC=C1OCCCC1=CC=CC=N1,10.7,10.0,,0.55,31.3,ASAP-0017304,Train,CC1=CC(C2=NOC(C(F)(F)F)=N2)=CC=C1OCCCC1=CC=CC=N1,Cc1cc(-c2noc(C(F)(F)F)n2)ccc1OCCCc1ccccn1,1.0293837776852097,1.4955443375464486,-0.2596373105057561,1.0
C1=CC=C(C2=NC3=NN=CN3C(SC3=NC(C4=CC=CC=N4)=NO3)=C2)C=C1,0.0,73.0,2.7,0.00854,0.0,ASAP-0027553,Train,C1=CC=C(C2=NC3=NN=CN3C(SC3=NC(C4=CC=CC=N4)=NO3)=C2)C=C1,c1ccc(-c2cc(Sc3nc(-c4ccccn4)no3)n3cnnc3n2)cc1,-1.0,-1.0,-2.068542129310995,1.863322860120456
CO[C@H]1C[C@H](N2N=CC3=C(C(=O)NC4=CC=C5CNCC5=C4)C=C(Cl)C=C32)C1,,340.0,1.5,1.6,,ASAP-0031157,Train,CO[C@H]1C[C@H](N2N=CC3=C(C(=O)NC4=CC=C5CNCC5=C4)C=C(Cl)C=C32)C1,CO[C@H]1C[C@H](n2ncc3c(C(=O)Nc4ccc5c(c4)CNC5)cc(Cl)cc32)C1,,,0.2041199826559248,2.531478917042255
CC1=NN=C(CCCOC2=CC=C(C3=NOC(C(F)(F)F)=N3)C=C2C)N1,,18.0,4.1,13.8,15.4,ASAP-0017614,Train,CC1=NN=C(CCCOC2=CC=C(C3=NOC(C(F)(F)F)=N3)C=C2C)N1,Cc1nnc(CCCOc2ccc(-c3noc(C(F)(F)F)n3)cc2C)[nH]1,,1.187520720836463,1.1398790864012365,1.255272505103306
COCC1=CC(Cl)=CC([C@H](NC2=CC=C3CNCC3=C2)C(=O)NCC(F)F)=C1 |&1:9|,,192.0,0.2,1.7,,ASAP-0031379,Train,COCC1=CC(Cl)=CC([C@H](NC2=CC=C3CNCC3=C2)C(=O)NCC(F)F)=C1,COCc1cc(Cl)cc([C@H](Nc2ccc3c(c2)CNC3)C(=O)NCC(F)F)c1,,,0.2304489213782739,2.2833012287035497
CO[C@@H](C)CN1C[C@H](C(=O)NC2=CN=CC3=CC=CC=C23)C2=CC(Cl)=CC=C2C1=O |o1:7|,114.0,376.0,2.2,8.5,557.0,ASAP-0010712,Train,CO[C@@H](C)CN1C[C@H](C(=O)NC2=CN=CC3=CC=CC=C23)C2=CC(Cl)=CC=C2C1=O,CO[C@@H](C)CN1C[C@H](C(=O)Nc2cncc3ccccc23)c2cc(Cl)ccc2C1=O,2.0569048513364727,2.745855195173729,0.9294189257142927,2.575187844927661
O=C(CC1=CNN=C1)NC1=CNC(=O)C2=CC=CC=C12,,383.0,0.1,1.05,,ASAP-0016485,Train,O=C(CC1=CNN=C1)NC1=CNC(=O)C2=CC=CC=C12,O=C(Cc1cn[nH]c1)Nc1c[nH]c(=O)c2ccccc12,,,0.021189299069938092,2.583198773968623
CNC(=O)CN1C[C@@]2(C(=O)N(C3=CN=CC4=CC=CC=C34)C[C@@H]2CC2=NNN=N2)C2=CC(Cl)=CC=C2C1=O,10.0,374.0,-0.7,1.24,7.0,ASAP-0013268,Train,CNC(=O)CN1C[C@@]2(C(=O)N(C3=CN=CC4=CC=CC=C34)C[C@@H]2CC2=NNN=N2)C2=CC(Cl)=CC=C2C1=O,CNC(=O)CN1C[C@@]2(C(=O)N(c3cncc4ccccc34)C[C@@H]2Cc2nn[nH]n2)c2cc(Cl)ccc2C1=O,1.0,0.8450980400142568,0.09342168516223506,2.5728716022004803
CC(C)[C@H](NC1=NC=NC2=C1C=C(C1=C(C#N)N(C)N=C1)N2)C1=CC=C2CCCS(=O)(=O)C2=C1 |&1:3|,490.0,34.0,3.6,1.97,440.0,ASAP-0008651,Train,CC(C)[C@H](NC1=NC=NC2=C1C=C(C1=C(C#N)N(C)N=C1)N2)C1=CC=C2CCCS(=O)(=O)C2=C1,CC(C)[C@H](Nc1ncnc2[nH]c(-c3cnn(C)c3C#N)cc12)c1ccc2c(c1)S(=O)(=O)CCC2,2.690196080028514,2.6434526764861874,0.2944662261615929,1.5314789170422551
O=C(CC1=CN=CC2=CC=CC=C12)N1CC[C@]2(CCCC3=CC=CC=C32)C1 |&1:16|,,314.0,,15.0,,ASAP-0029346,Train,O=C(CC1=CN=CC2=CC=CC=C12)N1CC[C@]2(CCCC3=CC=CC=C32)C1,O=C(Cc1cncc2ccccc12)N1CC[C@]2(CCCc3ccccc32)C1,,,1.1760912590556813,2.496929648073215
CC(C)NC(=O)[C@H](NC1=CC=C2CNCC2=C1)C1=CC(Cl)=CC2=C1N=C(C1=CC=CC=C1)N2 |o1:6|,,134.0,2.8,0.2,11.0,ASAP-0031455,Train,CC(C)NC(=O)[C@H](NC1=CC=C2CNCC2=C1)C1=CC(Cl)=CC2=C1N=C(C1=CC=CC=C1)N2,CC(C)NC(=O)[C@H](Nc1ccc2c(c1)CNC2)c1cc(Cl)cc2[nH]c(-c3ccccc3)nc12,,1.0413926851582251,-0.6989700043360187,2.1271047983648077
CC(C)(C)[C@H](NC1=NC=NC2=C1C=C(C1=CN(CC(N)=O)N=C1)N2)C1=CC=C2OCCOC2=N1 |o1:4|,42.0,390.0,2.9,1.53,30.0,ASAP-0011162,Train,CC(C)(C)[C@H](NC1=NC=NC2=C1C=C(C1=CN(CC(N)=O)N=C1)N2)C1=CC=C2OCCOC2=N1,CC(C)(C)[C@H](Nc1ncnc2[nH]c(-c3cnn(CC(N)=O)c3)cc12)c1ccc2c(n1)OCCO2,1.6232492903979006,1.4771212547196624,0.1846914308175988,2.591064607026499
CN1C=C([C@H]2CCCN2C(=O)CC2=CN=CC3=CC=CC=C23)C(C(F)F)=N1 |&1:4|,,386.0,,16.1,,ASAP-0029300,Train,CN1C=C([C@H]2CCCN2C(=O)CC2=CN=CC3=CC=CC=C23)C(C(F)F)=N1,Cn1cc([C@H]2CCCN2C(=O)Cc2cncc3ccccc23)c(C(F)F)n1,,,1.2068258760318498,2.586587304671755
CC(C)[C@H](NC1=NC=NC2=C1C=CN2)C1=CC=C2OCCOC2=C1 |&1:3|,50.0,224.0,3.2,26.8,340.0,ASAP-0000450,Train,CC(C)[C@H](NC1=NC=NC2=C1C=CN2)C1=CC=C2OCCOC2=C1,CC(C)[C@H](Nc1ncnc2[nH]ccc12)c1ccc2c(c1)OCCO2,1.6989700043360187,2.531478917042255,1.4281347940287887,2.3502480183341627
CC1=CC(CC(=O)N2CCC[C@H](C(N)=O)C2)=CC=N1 |&1:11|,,375.0,-0.3,0.9,,ASAP-0031813,Train,CC1=CC(CC(=O)N2CCC[C@H](C(N)=O)C2)=CC=N1,Cc1cc(CC(=O)N2CCC[C@H](C(N)=O)C2)ccn1,,,-0.045757490560675115,2.574031267727719
CC1=NC2=NC=NN2C(SC2=NN=C(C)O2)=C1,182.0,356.0,0.1,0.12,151.0,ASAP-0027864,Train,CC1=NC2=NC=NN2C(SC2=NN=C(C)O2)=C1,Cc1cc(Sc2nnc(C)o2)n2ncnc2n1,2.2600713879850747,2.1789769472931693,-0.9208187539523752,2.5514499979728753
O=C(NC1=CC=C2CNCC2=C1)C1=CC(F)=CC2=C1C=NN2,,,,1.59,180.0,ASAP-0029497,Train,O=C(NC1=CC=C2CNCC2=C1)C1=CC(F)=CC2=C1C=NN2,O=C(Nc1ccc2c(c1)CNC2)c1cc(F)cc2[nH]ncc12,,2.255272505103306,0.2013971243204515,
CCN1C(C)=NN=C1SC1=CC(C)=NC2=NC=NN12,16.5,348.0,-0.5,0.401,10.0,ASAP-0027872,Train,CCN1C(C)=NN=C1SC1=CC(C)=NC2=NC=NN12,CCn1c(C)nnc1Sc1cc(C)nc2ncnn12,1.2174839442139063,1.0,-0.39685562737981767,2.5415792439465807
CC(C)[C@H](NC1=NC=NC2=C1C=C(C1=CN(CC(=O)N(C)C)N=C1)N2)C1=CC=C2CCCS(=O)(=O)C2=C1 |o1:3|,297.0,256.0,2.2,0.555,31.0,ASAP-0013747,Train,CC(C)[C@H](NC1=NC=NC2=C1C=C(C1=CN(CC(=O)N(C)C)N=C1)N2)C1=CC=C2CCCS(=O)(=O)C2=C1,CC(C)[C@H](Nc1ncnc2[nH]c(-c3cnn(CC(=O)N(C)C)c3)cc12)c1ccc2c(c1)S(=O)(=O)CCC2,2.4727564493172123,1.4913616938342726,-0.2557070168773237,2.4082399653118496
CNC(=O)C1=CC=CC(C2=CC3=C(N[C@H](C4=CC=C5CCCS(=O)(=O)C5=C4)C(C)C)N=CN=C3N2)=C1 |o1:14|,746.0,13.0,3.8,0.502,197.0,ASAP-0012338,Train,CNC(=O)C1=CC=CC(C2=CC3=C(N[C@H](C4=CC=C5CCCS(=O)(=O)C5=C4)C(C)C)N=CN=C3N2)=C1,CNC(=O)c1cccc(-c2cc3c(N[C@H](c4ccc5c(c4)S(=O)(=O)CCC5)C(C)C)ncnc3[nH]2)c1,2.8727388274726686,2.294466226161593,-0.29929628285498067,1.1139433523068367
CC(C)NC(=O)[C@H](NC1=CC=C2CNCC2=C1)C1=CC(Cl)=CC2=C1N=C(C1=CC=CC=C1)N2 |&1:6|,23.2,154.0,2.9,0.432,,ASAP-0030826,Train,CC(C)NC(=O)[C@H](NC1=CC=C2CNCC2=C1)C1=CC(Cl)=CC2=C1N=C(C1=CC=CC=C1)N2,CC(C)NC(=O)[C@H](Nc1ccc2c(c1)CNC2)c1cc(Cl)cc2[nH]c(-c3ccccc3)nc12,1.3654879848908996,,-0.3645162531850879,2.187520720836463
CN(C)C(=O)C1=NOC(CCCN2C=CC3=NC(C4=NOC(C(F)(F)F)=N4)=CC=C32)=C1,51.3,205.0,2.7,20.7,44.1,ASAP-0017652,Train,CN(C)C(=O)C1=NOC(CCCN2C=CC3=NC(C4=NOC(C(F)(F)F)=N4)=CC=C32)=C1,CN(C)C(=O)c1cc(CCCn2ccc3nc(-c4noc(C(F)(F)F)n4)ccc32)on1,1.7101173651118162,1.6444385894678386,1.3159703454569178,2.311753861055754
CC(C)COC1=NOC2=CC(OCCCC3=CC(C(=O)N(C)C)=NO3)=CC=C12,41.1,11.0,4.4,2.67,99.8,ASAP-0022679,Train,CC(C)COC1=NOC2=CC(OCCCC3=CC(C(=O)N(C)C)=NO3)=CC=C12,CC(C)COc1noc2cc(OCCCc3cc(C(=O)N(C)C)no3)ccc12,1.6138418218760693,1.999130541287371,0.42651126136457523,1.0413926851582251
CC1=CC=C2OC(SC3=CC(C4=CC=CC=C4)=NC4=NC=NN34)=NC2=C1,,3.0,4.4,2.87,,ASAP-0023164,Train,CC1=CC=C2OC(SC3=CC(C4=CC=CC=C4)=NC4=NC=NN34)=NC2=C1,Cc1ccc2oc(Sc3cc(-c4ccccc4)nc4ncnn34)nc2c1,,,0.4578818967339923,0.47712125471966244
CNC(=O)C1=CC(Cl)=CC=C1NS(=O)(=O)C1=CC=C(OC2=CC=CC=C2Cl)C=C1,106.0,25.0,2.4,4.91,94.0,ASAP-0014994,Train,CNC(=O)C1=CC(Cl)=CC=C1NS(=O)(=O)C1=CC=C(OC2=CC=CC=C2Cl)C=C1,CNC(=O)c1cc(Cl)ccc1NS(=O)(=O)c1ccc(Oc2ccccc2Cl)cc1,2.0253058652647704,1.9731278535996986,0.6910814921229684,1.3979400086720377
CC1=CC=C(C2=NN=C(SC3=CC(C4=CC=CC=C4)=NC4=NC=NN34)N2C)C=C1,238.0,7.0,3.0,0.00929,120.0,ASAP-0022881,Train,CC1=CC=C(C2=NN=C(SC3=CC(C4=CC=CC=C4)=NC4=NC=NN34)N2C)C=C1,Cc1ccc(-c2nnc(Sc3cc(-c4ccccc4)nc4ncnn34)n2C)cc1,2.376576957056512,2.0791812460476247,-2.031984286006358,0.8450980400142568
O=C(NC1=CC=C2CNCC2=C1)C1=CC(Cl)=CC2=C1CCC2,,335.0,1.8,2.57,,ASAP-0029051,Train,O=C(NC1=CC=C2CNCC2=C1)C1=CC(Cl)=CC2=C1CCC2,O=C(Nc1ccc2c(c1)CNC2)c1cc(Cl)cc2c1CCC2,,,0.4099331233312945,2.525044807036845
"C[C@H](F)[C@H]1CCCN1C(=O)CC1=CN=CC2=CC=CC=C12 |&1:1,&2:3|",,383.0,,24.6,,ASAP-0029276,Train,C[C@H](F)[C@H]1CCCN1C(=O)CC1=CN=CC2=CC=CC=C12,C[C@H](F)[C@H]1CCCN1C(=O)Cc1cncc2ccccc12,,,1.390935107103379,2.583198773968623
CNCC1=CC(C2=CC3=C(N[C@H](C4=CC=C5CCCS(=O)(=O)C5=C4)C(C)C)N=CN=C3N2)=CO1 |&1:11|,57.0,321.0,2.1,1.61,52.0,ASAP-0010745,Train,CNCC1=CC(C2=CC3=C(N[C@H](C4=CC=C5CCCS(=O)(=O)C5=C4)C(C)C)N=CN=C3N2)=CO1,CNCc1cc(-c2cc3c(N[C@H](c4ccc5c(c4)S(=O)(=O)CCC5)C(C)C)ncnc3[nH]2)co1,1.7558748556724915,1.7160033436347992,0.20682587603184974,2.506505032404872
O=C(NCC(F)F)[C@H](NC1=CC=C2CNCC2=C1)C1=CC(Cl)=CC(C2CC2)=C1 |o1:7|,,326.0,1.3,1.3,,ASAP-0030775,Train,O=C(NCC(F)F)[C@H](NC1=CC=C2CNCC2=C1)C1=CC(Cl)=CC(C2CC2)=C1,O=C(NCC(F)F)[C@H](Nc1ccc2c(c1)CNC2)c1cc(Cl)cc(C2CC2)c1,,,0.11394335230683679,2.513217600067939
CC(C)[C@H](NC1=NC=NC2=C1C=C(C1=C(C#N)N(C)N=C1)N2)C1=CC=C2OCC(=O)NC2=C1 |&1:3|,100.0,69.0,4.1,3.07,177.0,ASAP-0008576,Train,CC(C)[C@H](NC1=NC=NC2=C1C=C(C1=C(C#N)N(C)N=C1)N2)C1=CC=C2OCC(=O)NC2=C1,CC(C)[C@H](Nc1ncnc2[nH]c(-c3cnn(C)c3C#N)cc12)c1ccc2c(c1)NC(=O)CO2,2.0,2.247973266361807,0.48713837547718647,1.8388490907372552
NCC1=CC=CC(NC(=O)[C@H](NC(=O)OCC2=CC=CC=C2)C(C2CCC2)C2CCC2)=C1 |&1:10|,12.6,,2.5,1.6,,ASAP-0016242,Train,NCC1=CC=CC(NC(=O)[C@H](NC(=O)OCC2=CC=CC=C2)C(C2CCC2)C2CCC2)=C1,NCc1cccc(NC(=O)[C@H](NC(=O)OCc2ccccc2)C(C2CCC2)C2CCC2)c1,1.100370545117563,,0.2041199826559248,
"NCC1=CC(C(=O)O)=CC([C@@H]2C[C@H]2C2=CC(Cl)=CC(NC(=O)OCC3=CC=CC=C3)=C2)=C1 |&1:10,12|",,52.0,2.7,0.819,,ASAP-0027768,Train,NCC1=CC(C(=O)O)=CC([C@@H]2C[C@H]2C2=CC(Cl)=CC(NC(=O)OCC3=CC=CC=C3)=C2)=C1,NCc1cc(C(=O)O)cc([C@@H]2C[C@H]2c2cc(Cl)cc(NC(=O)OCc3ccccc3)c2)c1,,,-0.08671609823958155,1.7160033436347992
CC(C)[C@H](NC1=NC=NC2=C1C=CN2)C1=CC=C2CCCS(=O)(=O)C2=C1 |o1:3|,21.0,386.0,2.5,3.55,55.0,ASAP-0008676,Train,CC(C)[C@H](NC1=NC=NC2=C1C=CN2)C1=CC=C2CCCS(=O)(=O)C2=C1,CC(C)[C@H](Nc1ncnc2[nH]ccc12)c1ccc2c(c1)S(=O)(=O)CCC2,1.3222192947339193,1.7403626894942439,0.5502283530550941,2.586587304671755
CN(C)CCCN1C2=CC=CC=C2CCC2=CC=CC=C21,,,,,169.0,ASAP-0000689,Train,CN(C)CCCN1C2=CC=CC=C2CCC2=CC=CC=C21,CN(C)CCCN1c2ccccc2CCc2ccccc21,,2.2278867046136734,,
O=C(NC1=CC=C2CNCC2=C1)C1=CC(Cl)=CC2=C1C=NN2C1CCC1,,172.0,2.0,1.0,13.4,ASAP-0031137,Train,O=C(NC1=CC=C2CNCC2=C1)C1=CC(Cl)=CC2=C1C=NN2C1CCC1,O=C(Nc1ccc2c(c1)CNC2)c1cc(Cl)cc2c1cnn2C1CCC1,,1.1271047983648077,0.0,2.2355284469075487
O=C(NCC1=CC=CC=N1)NC1=CNC(=O)C2=CC=C(F)C=C12,,48.0,1.0,1.54,12.4,ASAP-0015920,Train,O=C(NCC1=CC=CC=N1)NC1=CNC(=O)C2=CC=C(F)C=C12,O=C(NCc1ccccn1)Nc1c[nH]c(=O)c2ccc(F)cc12,,1.0934216851622351,0.18752072083646307,1.6812412373755872
CNC(=O)CN1C=C(C2=CC3=C(N[C@H](C4=CC=C5OCCOC5=C4)C(C)C)N=CN=C3N2)C=N1 |&1:13|,119.0,289.0,2.9,1.94,47.0,ASAP-0008565,Train,CNC(=O)CN1C=C(C2=CC3=C(N[C@H](C4=CC=C5OCCOC5=C4)C(C)C)N=CN=C3N2)C=N1,CNC(=O)Cn1cc(-c2cc3c(N[C@H](c4ccc5c(c4)OCCO5)C(C)C)ncnc3[nH]2)cn1,2.0755469613925306,1.6720978579357175,0.287801729930226,2.4608978427565478
C[C@H]1CN(C2=CN=CC3=CC=CC=C23)C(=O)[C@@]12CN(CC1=COC=N1)C(=O)C1=CC=C(F)C=C12,85.0,,1.9,11.9,278.0,ASAP-0013414,Train,C[C@H]1CN(C2=CN=CC3=CC=CC=C23)C(=O)[C@@]12CN(CC1=COC=N1)C(=O)C1=CC=C(F)C=C12,C[C@H]1CN(c2cncc3ccccc23)C(=O)[C@@]12CN(Cc1cocn1)C(=O)c1ccc(F)cc12,1.9294189257142926,2.444044795918076,1.0755469613925308,
COC1=CC=C([C@H](CC2=NN=NN2)NC(=O)C2=NC=NC3=C2C=CN3)C=C1 |&1:6|,5.0,395.0,-0.1,1.39,0.0,ASAP-0008340,Train,COC1=CC=C([C@H](CC2=NN=NN2)NC(=O)C2=NC=NC3=C2C=CN3)C=C1,COc1ccc([C@H](Cc2nnn[nH]2)NC(=O)c2ncnc3[nH]ccc23)cc1,0.6989700043360189,-1.0,0.14301480025409505,2.59659709562646
CC(C)[C@H](NC1=NC=NC2=C1C=C(C1=C(C#N)N(C)N=C1)N2)C1=CC=C2OCCOC2=N1 |&1:3|,56.0,89.0,3.4,12.8,139.0,ASAP-0008418,Train,CC(C)[C@H](NC1=NC=NC2=C1C=C(C1=C(C#N)N(C)N=C1)N2)C1=CC=C2OCCOC2=N1,CC(C)[C@H](Nc1ncnc2[nH]c(-c3cnn(C)c3C#N)cc12)c1ccc2c(n1)OCCO2,1.7481880270062005,2.143014800254095,1.1072099696478683,1.9493900066449128
O=C1CC2=CC(C(=O)NC3=CC=C4CNCC4=C3)=CC=C2N1,,136.0,,0.873,,ASAP-0029950,Train,O=C1CC2=CC(C(=O)NC3=CC=C4CNCC4=C3)=CC=C2N1,O=C1Cc2cc(C(=O)Nc3ccc4c(c3)CNC4)ccc2N1,,,-0.05898575629443027,2.1335389083702174
NC1=NC(C2=CC=CC=C2)=NC2=C1C(NC1=CC=C(C(F)(F)F)C=C1)=NN2,,2.0,,1.76,11.2,ASAP-0017284,Train,NC1=NC(C2=CC=CC=C2)=NC2=C1C(NC1=CC=C(C(F)(F)F)C=C1)=NN2,Nc1nc(-c2ccccc2)nc2[nH]nc(Nc3ccc(C(F)(F)F)cc3)c12,,1.0492180226701815,0.24551266781414982,0.3010299956639812
O=C(NCC(F)F)[C@H](NC1=CC=C2CNCC2=C1)C1=CC(Cl)=CC2=C1CCC2 |&1:7|,,,1.2,0.9,,ASAP-0031390,Train,O=C(NCC(F)F)[C@H](NC1=CC=C2CNCC2=C1)C1=CC(Cl)=CC2=C1CCC2,O=C(NCC(F)F)[C@H](Nc1ccc2c(c1)CNC2)c1cc(Cl)cc2c1CCC2,,,-0.045757490560675115,
CC1=CC(C2=NOC(C(F)(F)F)=N2)=CC=C1OCCCC1=CN(C)N=C1,18.1,4.0,4.2,0.696,72.5,ASAP-0017289,Train,CC1=CC(C2=NOC(C(F)(F)F)=N2)=CC=C1OCCCC1=CN(C)N=C1,Cc1cc(-c2noc(C(F)(F)F)n2)ccc1OCCCc1cnn(C)c1,1.2576785748691846,1.8603380065709938,-0.15739076038943792,0.6020599913279624
C[C@H]1CN(C2=CN=CC3=CC=CC=C23)C(=O)[C@@]12CN(CC(=O)NC1CCC1)C(=O)C1=CC=C(Cl)C=C12,780.0,362.0,2.5,6.29,961.0,ASAP-0011185,Train,C[C@H]1CN(C2=CN=CC3=CC=CC=C23)C(=O)[C@@]12CN(CC(=O)NC1CCC1)C(=O)C1=CC=C(Cl)C=C12,C[C@H]1CN(c2cncc3ccccc23)C(=O)[C@@]12CN(CC(=O)NC1CCC1)C(=O)c1ccc(Cl)cc12,2.8920946026904804,2.9827233876685453,0.798650645445269,2.558708570533166
CC(C)[C@H](NC1=NC=NC2=C1C=C(C1=CN(C)N=C1)N2)C1=CC=C2CCNS(=O)(=O)C2=C1 |&1:3|,120.0,105.0,3.2,1.58,87.0,ASAP-0011192,Train,CC(C)[C@H](NC1=NC=NC2=C1C=C(C1=CN(C)N=C1)N2)C1=CC=C2CCNS(=O)(=O)C2=C1,CC(C)[C@H](Nc1ncnc2[nH]c(-c3cnn(C)c3)cc12)c1ccc2c(c1)S(=O)(=O)NCC2,2.0791812460476247,1.9395192526186185,0.19865708695442263,2.0211892990699383
"CCCC[C@H](NC(=O)OC(C)(C)C)C(=O)N[C@H](C(=O)NCC1=CC=C(CN)C=C1)C1=CC=C(OCC2=CC=CC=C2)C=C1 |&1:4,&2:16|",56.0,143.0,,0.833,7.44,ASAP-0015892,Train,CCCC[C@H](NC(=O)OC(C)(C)C)C(=O)N[C@H](C(=O)NCC1=CC=C(CN)C=C1)C1=CC=C(OCC2=CC=CC=C2)C=C1,CCCC[C@H](NC(=O)OC(C)(C)C)C(=O)N[C@H](C(=O)NCc1ccc(CN)cc1)c1ccc(OCc2ccccc2)cc1,1.7481880270062005,0.8715729355458788,-0.07935499859321243,2.155336037465062
O=C(NCC(F)F)[C@H](NC1=CN=C2CNCC2=C1)C1=CC(Cl)=CC(C2CC2)=C1 |&1:7|,,362.0,1.5,0.8,,ASAP-0031747,Train,O=C(NCC(F)F)[C@H](NC1=CN=C2CNCC2=C1)C1=CC(Cl)=CC(C2CC2)=C1,O=C(NCC(F)F)[C@H](Nc1cnc2c(c1)CNC2)c1cc(Cl)cc(C2CC2)c1,,,-0.09691001300805639,2.558708570533166
N#C[C@H](NC1=CC=C2CNCC2=C1)C1=CC(Cl)=CC2=C1C=NN2 |&1:2|,10.3,297.0,0.9,1.1,,ASAP-0028904,Train,N#C[C@H](NC1=CC=C2CNCC2=C1)C1=CC(Cl)=CC2=C1C=NN2,N#C[C@H](Nc1ccc2c(c1)CNC2)c1cc(Cl)cc2[nH]ncc12,1.0128372247051722,,0.04139268515822508,2.4727564493172123
CNCC1=CC(C2=CC3=C(N[C@H](C4=CC=C5CCCS(=O)(=O)C5=C4)C(C)C)N=CN=C3N2)=CO1 |o1:11|,67.0,358.0,2.1,0.483,40.0,ASAP-0011169,Train,CNCC1=CC(C2=CC3=C(N[C@H](C4=CC=C5CCCS(=O)(=O)C5=C4)C(C)C)N=CN=C3N2)=CO1,CNCc1cc(-c2cc3c(N[C@H](c4ccc5c(c4)S(=O)(=O)CCC5)C(C)C)ncnc3[nH]2)co1,1.8260748027008264,1.6020599913279623,-0.31605286924848786,2.5538830266438746
C[C@H]1CN(C2=CN=CC3=CC=CC=C23)C(=O)[C@@]12CN(CC1=CC(O)=NC=N1)C(=O)C1=CC=C(F)C=C12,2.0,,0.8,1.0,11.0,ASAP-0013304,Train,C[C@H]1CN(C2=CN=CC3=CC=CC=C23)C(=O)[C@@]12CN(CC1=CC(O)=NC=N1)C(=O)C1=CC=C(F)C=C12,C[C@H]1CN(c2cncc3ccccc23)C(=O)[C@@]12CN(Cc1cc(O)ncn1)C(=O)c1ccc(F)cc12,0.3010299956639812,1.0413926851582251,0.0,
O=C1CC2=C(C=CC=C2C(=O)NC2=CC=C3CNCC3=C2)N1,,152.0,0.3,0.924,,ASAP-0029208,Train,O=C1CC2=C(C=CC=C2C(=O)NC2=CC=C3CNCC3=C2)N1,O=C1Cc2c(cccc2C(=O)Nc2ccc3c(c2)CNC3)N1,,,-0.03432802877989328,2.1818435879447726
CC(C)[C@H](NC1=NC=NC2=C1C=C(C1=CN(CC(N)=O)N=C1)N2)C1=CC=C2OCCOC2=C1 |&1:3|,99.0,345.0,0.9,0.9,41.0,ASAP-0008288,Train,CC(C)[C@H](NC1=NC=NC2=C1C=C(C1=CN(CC(N)=O)N=C1)N2)C1=CC=C2OCCOC2=C1,CC(C)[C@H](Nc1ncnc2[nH]c(-c3cnn(CC(N)=O)c3)cc12)c1ccc2c(c1)OCCO2,1.99563519459755,1.6127838567197355,-0.045757490560675115,2.537819095073274
O=C(O)COC1=CC=CC(NC(=O)C2=CC(Cl)=CC(NC(=O)OCC3=CC=CC=C3)=C2)=C1,,360.0,1.8,1.1,,ASAP-0023462,Train,O=C(O)COC1=CC=CC(NC(=O)C2=CC(Cl)=CC(NC(=O)OCC3=CC=CC=C3)=C2)=C1,O=C(O)COc1cccc(NC(=O)c2cc(Cl)cc(NC(=O)OCc3ccccc3)c2)c1,,,0.04139268515822508,2.5563025007672873
CN(C)C(=O)C1=NOC(CCCOC2=CC=C3CCCCC3=C2F)=C1,166.0,7.0,4.2,13.0,218.0,ASAP-0017437,Train,CN(C)C(=O)C1=NOC(CCCOC2=CC=C3CCCCC3=C2F)=C1,CN(C)C(=O)c1cc(CCCOc2ccc3c(c2F)CCCC3)on1,2.220108088040055,2.3384564936046046,1.1139433523068367,0.8450980400142568
COC1=CC=C(C2=NN=C(SC3=CC(C4=CC=CC=C4)=NC4=NC=NN34)O2)C=C1,,39.0,4.0,0.00274,,ASAP-0023183,Train,COC1=CC=C(C2=NN=C(SC3=CC(C4=CC=CC=C4)=NC4=NC=NN34)O2)C=C1,COc1ccc(-c2nnc(Sc3cc(-c4ccccc4)nc4ncnn34)o2)cc1,,,-2.562249437179612,1.591064607026499
CC(C)[C@H](NC1=NC=NC2=C1C=C(C(=O)N[C@H]1CCN(C)C1)N2)C1=CC=C2CCCS(=O)(=O)C2=C1 |o1:3|,26.0,392.0,1.5,0.325,4.0,ASAP-0012336,Train,CC(C)[C@H](NC1=NC=NC2=C1C=C(C(=O)N[C@H]1CCN(C)C1)N2)C1=CC=C2CCCS(=O)(=O)C2=C1,CC(C)[C@H](Nc1ncnc2[nH]c(C(=O)N[C@H]3CCN(C)C3)cc12)c1ccc2c(c1)S(=O)(=O)CCC2,1.414973347970818,0.6020599913279624,-0.4881166390211256,2.593286067020457
N#C[C@H](NC1=CC=CC(C2=NNN=N2)=C1)C1=CC(Cl)=CC(NC(=O)OCC2=CC=CC=C2)=C1 |&1:2|,13.6,344.0,3.2,3.23,,ASAP-0027741,Train,N#C[C@H](NC1=CC=CC(C2=NNN=N2)=C1)C1=CC(Cl)=CC(NC(=O)OCC2=CC=CC=C2)=C1,N#C[C@H](Nc1cccc(-c2nn[nH]n2)c1)c1cc(Cl)cc(NC(=O)OCc2ccccc2)c1,1.1335389083702174,,0.5092025223311029,2.53655844257153
C=CC[C@H](NC1=CC=C(C2=NNN=N2)C=C1)C1=CC(Cl)=CC(NC(=O)OCC2=CC=CC=C2)=C1 |&1:3|,10.1,,3.9,2.6,,ASAP-0027983,Train,C=CC[C@H](NC1=CC=C(C2=NNN=N2)C=C1)C1=CC(Cl)=CC(NC(=O)OCC2=CC=CC=C2)=C1,C=CC[C@H](Nc1ccc(-c2nn[nH]n2)cc1)c1cc(Cl)cc(NC(=O)OCc2ccccc2)c1,1.0043213737826426,,0.414973347970818,
NCC1=CC=CC(NC(=O)CN(C(=O)OCC2=CC=CC=C2)C2=CC=C(OCC3=CC=CC=C3)C=C2)=C1,11.0,56.0,2.9,0.899,,ASAP-0016778,Train,NCC1=CC=CC(NC(=O)CN(C(=O)OCC2=CC=CC=C2)C2=CC=C(OCC3=CC=CC=C3)C=C2)=C1,NCc1cccc(NC(=O)CN(C(=O)OCc2ccccc2)c2ccc(OCc3ccccc3)cc2)c1,1.0413926851582251,,-0.046240308266771224,1.7481880270062005
CN1N=NC(CN2C[C@]3(CCN(C4=CN=CC5=CC=CC=C45)C3=O)C3=CC(Cl)=CC=C3C2=O)=N1 |o1:8|,77.0,,1.9,10.5,227.0,ASAP-0013310,Train,CN1N=NC(CN2C[C@]3(CCN(C4=CN=CC5=CC=CC=C45)C3=O)C3=CC(Cl)=CC=C3C2=O)=N1,Cn1nnc(CN2C[C@]3(CCN(c4cncc5ccccc45)C3=O)c3cc(Cl)ccc3C2=O)n1,1.8864907251724818,2.3560258571931225,1.021189299069938,
CCNC(=O)C1=CC2=C(N[C@H](C3=CC=C4CCCS(=O)(=O)C4=C3)C(C)C)N=CN=C2N1 |&1:10|,108.0,336.0,2.8,0.7,85.0,ASAP-0008711,Train,CCNC(=O)C1=CC2=C(N[C@H](C3=CC=C4CCCS(=O)(=O)C4=C3)C(C)C)N=CN=C2N1,CCNC(=O)c1cc2c(N[C@H](c3ccc4c(c3)S(=O)(=O)CCC4)C(C)C)ncnc2[nH]1,2.03342375548695,1.9294189257142926,-0.1549019599857432,2.526339277389844
CC1=CC(NC(=O)NC2=CNC(=O)C3=CC=C(F)C=C23)=NO1,12.5,53.0,1.9,7.03,129.0,ASAP-0016445,Train,CC1=CC(NC(=O)NC2=CNC(=O)C3=CC=C(F)C=C23)=NO1,Cc1cc(NC(=O)Nc2c[nH]c(=O)c3ccc(F)cc23)no1,1.0969100130080565,2.110589710299249,0.846955325019824,1.724275869600789
"O=C(NC1=CC(Cl)=CC([C@H]2CN(CC3=CC=CC=C3)C[C@@H]2C2=CC=CC(C3=NNN=N3)=C2)=C1)OCC1=CC=CC=C1 |&1:9,20|",46.3,,4.1,0.2,,ASAP-0027928,Train,O=C(NC1=CC(Cl)=CC([C@H]2CN(CC3=CC=CC=C3)C[C@@H]2C2=CC=CC(C3=NNN=N3)=C2)=C1)OCC1=CC=CC=C1,O=C(Nc1cc(Cl)cc([C@H]2CN(Cc3ccccc3)C[C@@H]2c2cccc(-c3nn[nH]n3)c2)c1)OCc1ccccc1,1.665580991017953,,-0.6989700043360187,
O=C(O)C1=CC(Cl)=CC=C1NS(=O)(=O)C1=CC=C(OC2=CC=CC=C2Cl)C=C1,155.0,369.0,3.0,4.01,13.0,ASAP-0015682,Train,O=C(O)C1=CC(Cl)=CC=C1NS(=O)(=O)C1=CC=C(OC2=CC=CC=C2Cl)C=C1,O=C(O)c1cc(Cl)ccc1NS(=O)(=O)c1ccc(Oc2ccccc2Cl)cc1,2.1903316981702914,1.1139433523068367,0.6031443726201823,2.56702636615906
NCC1=CC=CC(NC(=O)C2=CC(Cl)=CC(CN)=C2)=C1,21.0,375.0,-0.6,1.96,,ASAP-0020849,Train,NCC1=CC=CC(NC(=O)C2=CC(Cl)=CC(CN)=C2)=C1,NCc1cccc(NC(=O)c2cc(Cl)cc(CN)c2)c1,1.3222192947339193,,0.292256071356476,2.574031267727719
COC1=CC=C(C2=NN=C(SC3=CC(C4=CC=CC=C4)=NC4=NC=NN34)N2C)C=C1,,11.0,2.6,0.657,,ASAP-0027661,Train,COC1=CC=C(C2=NN=C(SC3=CC(C4=CC=CC=C4)=NC4=NC=NN34)N2C)C=C1,COc1ccc(-c2nnc(Sc3cc(-c4ccccc4)nc4ncnn34)n2C)cc1,,,-0.1824346304402192,1.0413926851582251
CNCC1=CC(C2=CC3=C(N[C@H](C4=CC=C5CCCS(=O)(=O)C5=C4)C(C)C)N=CN=C3N2)=CO1 |o1:11|,133.0,345.0,2.2,2.61,54.0,ASAP-0011176,Train,CNCC1=CC(C2=CC3=C(N[C@H](C4=CC=C5CCCS(=O)(=O)C5=C4)C(C)C)N=CN=C3N2)=CO1,CNCc1cc(-c2cc3c(N[C@H](c4ccc5c(c4)S(=O)(=O)CCC5)C(C)C)ncnc3[nH]2)co1,2.123851640967086,1.7323937598229686,0.41664050733828095,2.537819095073274
CCNC(=O)CN1C[C@@]2(C(=O)N(C3=CN=CC4=CC=CC=C34)C[C@@H]2C)C2=CC(Cl)=CC=C2C1=O,80.0,377.0,1.8,2.1,397.0,ASAP-0011052,Train,CCNC(=O)CN1C[C@@]2(C(=O)N(C3=CN=CC4=CC=CC=C34)C[C@@H]2C)C2=CC(Cl)=CC=C2C1=O,CCNC(=O)CN1C[C@@]2(C(=O)N(c3cncc4ccccc34)C[C@@H]2C)c2cc(Cl)ccc2C1=O,1.9030899869919435,2.598790506763115,0.3222192947339193,2.576341350205793
C[C@H]1CN(C2=CN=CC3=CC=CC=C23)C(=O)[C@@]12CN(CC1=NNC=N1)C(=O)C1=CC=C(F)C=C12,2.0,,1.3,1.6,19.0,ASAP-0013305,Train,C[C@H]1CN(C2=CN=CC3=CC=CC=C23)C(=O)[C@@]12CN(CC1=NNC=N1)C(=O)C1=CC=C(F)C=C12,C[C@H]1CN(c2cncc3ccccc23)C(=O)[C@@]12CN(Cc1nc[nH]n1)C(=O)c1ccc(F)cc12,0.3010299956639812,1.2787536009528289,0.2041199826559248,
C=CC(=O)N1CCCC2=CC=C(N(C(=O)CC3=CN=CC4=CC=CC=C34)N(C)C3=CC=CC(Cl)=C3)C=C21,1380.0,,,,1760.0,ASAP-0022459,Train,C=CC(=O)N1CCCC2=CC=C(N(C(=O)CC3=CN=CC4=CC=CC=C34)N(C)C3=CC=CC(Cl)=C3)C=C21,C=CC(=O)N1CCCc2ccc(N(C(=O)Cc3cncc4ccccc34)N(C)c3cccc(Cl)c3)cc21,3.1398790864012365,3.24551266781415,,
CC1=CC(C2=NOC(C(F)(F)F)=N2)=CC=C1OCCCC1=CON=C1,,12.0,,3.0,51.1,ASAP-0017286,Train,CC1=CC(C2=NOC(C(F)(F)F)=N2)=CC=C1OCCCC1=CON=C1,Cc1cc(-c2noc(C(F)(F)F)n2)ccc1OCCCc1cnoc1,,1.7084209001347128,0.47712125471966244,1.0791812460476249
"O=C(CC1=CN=CC2=CC=CC=C12)N1CC[C@H]2CCC(F)(F)C[C@H]2C1 |&1:16,&2:23|",,374.0,,24.5,,ASAP-0029343,Train,O=C(CC1=CN=CC2=CC=CC=C12)N1CC[C@H]2CCC(F)(F)C[C@H]2C1,O=C(Cc1cncc2ccccc12)N1CC[C@H]2CCC(F)(F)C[C@H]2C1,,,1.3891660843645324,2.5728716022004803
"CNC(=O)CN1C[C@]2(C(=O)N(C3=CN=CC4=CC=CC=C34)C[C@H]2CC2CC2)C2=CC(Cl)=CC=C2C1=O |o1:7,22|",83.0,372.0,2.3,1.73,77.0,ASAP-0000738,Train,CNC(=O)CN1C[C@]2(C(=O)N(C3=CN=CC4=CC=CC=C34)C[C@H]2CC2CC2)C2=CC(Cl)=CC=C2C1=O,CNC(=O)CN1C[C@]2(C(=O)N(c3cncc4ccccc34)C[C@H]2CC2CC2)c2cc(Cl)ccc2C1=O,1.919078092376074,1.8864907251724818,0.2380461031287954,2.5705429398818973
O=C(O)CN1N=CC2=CC(C3=CC(Cl)=CC(NC(=O)OCC4=CC=CC=C4)=C3)=CC=C21,,131.0,2.6,5.12,,ASAP-0027846,Train,O=C(O)CN1N=CC2=CC(C3=CC(Cl)=CC(NC(=O)OCC4=CC=CC=C4)=C3)=CC=C21,O=C(O)Cn1ncc2cc(-c3cc(Cl)cc(NC(=O)OCc4ccccc4)c3)ccc21,,,0.7092699609758307,2.1172712956557644
CN1N=CC=C1[C@H]1CCCN1C(=O)CC1=CN=CC2=CC=CC=C12 |&1:6|,,379.0,,13.1,,ASAP-0029358,Train,CN1N=CC=C1[C@H]1CCCN1C(=O)CC1=CN=CC2=CC=CC=C12,Cn1nccc1[C@H]1CCCN1C(=O)Cc1cncc2ccccc12,,,1.1172712956557642,2.578639209968072
CC(C)[C@H](NC1=NC=NC2=C1C=C(C1=CN(CC(N)=O)N=C1)N2)C1=CC=C2OCCOC2=C1 |o1:3|,238.0,332.0,2.9,1.87,42.0,ASAP-0008450,Train,CC(C)[C@H](NC1=NC=NC2=C1C=C(C1=CN(CC(N)=O)N=C1)N2)C1=CC=C2OCCOC2=C1,CC(C)[C@H](Nc1ncnc2[nH]c(-c3cnn(CC(N)=O)c3)cc12)c1ccc2c(c1)OCCO2,2.376576957056512,1.6232492903979006,0.27184160653649897,2.5211380837040362
"C[C@H]1CCN(C(=O)CC2=CN=CC3=CC=CC=C23)[C@@H](C2CCOCC2)C1 |&1:1,18|",,377.0,,20.0,,ASAP-0029353,Train,C[C@H]1CCN(C(=O)CC2=CN=CC3=CC=CC=C23)[C@@H](C2CCOCC2)C1,C[C@H]1CCN(C(=O)Cc2cncc3ccccc23)[C@@H](C2CCOCC2)C1,,,1.3010299956639813,2.576341350205793
CC(C)[C@H](NC1=NC=NC2=C1C=C(C1=C(C#N)N(C)N=C1)N2)C1=CC=C2OCCOC2=C1,706.0,15.0,3.3,5.56,257.0,ASAP-0010980,Train,CC(C)[C@H](NC1=NC=NC2=C1C=C(C1=C(C#N)N(C)N=C1)N2)C1=CC=C2OCCOC2=C1,CC(C)[C@H](Nc1ncnc2[nH]c(-c3cnn(C)c3C#N)cc12)c1ccc2c(c1)OCCO2,2.8488047010518036,2.4099331233312946,0.7450747915820575,1.1760912590556813
CC[C@H](CC1=NN=NN1)C1=CC=C(NC(=O)C2=CC(Cl)=CC(NC(=O)OCC3=CC=CC=C3)=C2)C=C1 |&1:2|,24.9,60.0,4.1,2.79,,ASAP-0023266,Train,CC[C@H](CC1=NN=NN1)C1=CC=C(NC(=O)C2=CC(Cl)=CC(NC(=O)OCC3=CC=CC=C3)=C2)C=C1,CC[C@H](Cc1nnn[nH]1)c1ccc(NC(=O)c2cc(Cl)cc(NC(=O)OCc3ccccc3)c2)cc1,1.3961993470957363,,0.44560420327359757,1.7781512503836436
CC1=CC(C2=NOC(C(F)(F)F)=N2)=CC=C1OCCCC1=CC=CN=C1,14.9,7.0,,0.578,46.2,ASAP-0017287,Train,CC1=CC(C2=NOC(C(F)(F)F)=N2)=CC=C1OCCCC1=CC=CN=C1,Cc1cc(-c2noc(C(F)(F)F)n2)ccc1OCCCc1cccnc1,1.173186268412274,1.6646419755561255,-0.23807216157947098,0.8450980400142568
COC1=CC(CC2=C(C)ON=C2C2=CC=C(F)C=C2)=NC(N2CCNCC2)=N1,15.0,325.0,2.1,4.78,33.0,ASAP-0015355,Train,COC1=CC(CC2=C(C)ON=C2C2=CC=C(F)C=C2)=NC(N2CCNCC2)=N1,COc1cc(Cc2c(-c3ccc(F)cc3)noc2C)nc(N2CCNCC2)n1,1.1760912590556813,1.5185139398778875,0.6794278966121189,2.5118833609788744
CC(C)[C@H](CO)NC1=NC=NC2=C1C=CN2,6.0,,1.69,13.1,10.0,ASAP-0000453,Train,CC(C)[C@H](CO)NC1=NC=NC2=C1C=CN2,CC(C)[C@H](CO)Nc1ncnc2[nH]ccc12,0.7781512503836436,1.0,1.1172712956557642,
ClC1=CC=C(C2=CN=C(SC3=CC(C4=CC=CC=C4)=NC4=NN=CN34)O2)C=C1,25.2,,4.2,0.289,27.1,ASAP-0023517,Train,ClC1=CC=C(C2=CN=C(SC3=CC(C4=CC=CC=C4)=NC4=NN=CN34)O2)C=C1,Clc1ccc(-c2cnc(Sc3cc(-c4ccccc4)nc4nncn34)o2)cc1,1.4014005407815442,1.4329692908744058,-0.5391021572434522,
"O=C1N[C@H]2CCN(C(=O)CC3=CN=CC4=CC=CC=C34)[C@H]1C2 |&1:3,&2:20|",,389.0,,1.4,,ASAP-0029380,Train,O=C1N[C@H]2CCN(C(=O)CC3=CN=CC4=CC=CC=C34)[C@H]1C2,O=C1N[C@H]2CCN(C(=O)Cc3cncc4ccccc34)[C@H]1C2,,,0.146128035678238,2.5899496013257077
CN(C1=CC=C2CNCC2=C1)[C@H](C(=O)NCC(F)F)C1=CC(Cl)=CC(C2CC2)=C1 |&1:11|,17.1,172.0,1.6,2.1,10.6,ASAP-0031351,Train,CN(C1=CC=C2CNCC2=C1)[C@H](C(=O)NCC(F)F)C1=CC(Cl)=CC(C2CC2)=C1,CN(c1ccc2c(c1)CNC2)[C@H](C(=O)NCC(F)F)c1cc(Cl)cc(C2CC2)c1,1.2329961103921538,1.0253058652647702,0.3222192947339193,2.2355284469075487
CC1=CC=C(C2=NN=C(SC3=CC(C4=CC=CC=C4)=NC4=NC=NN34)O2)C=C1,,,4.3,1.85,,ASAP-0023493,Train,CC1=CC=C(C2=NN=C(SC3=CC(C4=CC=CC=C4)=NC4=NC=NN34)O2)C=C1,Cc1ccc(-c2nnc(Sc3cc(-c4ccccc4)nc4ncnn34)o2)cc1,,,0.26717172840301384,
CNC(=O)C1=CNC2=NC=NC(N[C@H](C3=CC=C4OCC(=O)NC4=C3)C(C)C)=C12 |&1:13|,86.0,28.0,3.2,4.26,113.0,ASAP-0008637,Train,CNC(=O)C1=CNC2=NC=NC(N[C@H](C3=CC=C4OCC(=O)NC4=C3)C(C)C)=C12,CNC(=O)c1c[nH]c2ncnc(N[C@H](c3ccc4c(c3)NC(=O)CO4)C(C)C)c12,1.9344984512435677,2.0530784434834195,0.6294095991027189,1.4471580313422192
NCCC1=CC=C(NC(=O)C2=CC(Cl)=CC(NC(=O)OCC3=CC=CC=C3)=C2)C=C1,17.5,88.0,2.9,0.791,,ASAP-0017692,Train,NCCC1=CC=C(NC(=O)C2=CC(Cl)=CC(NC(=O)OCC3=CC=CC=C3)=C2)C=C1,NCCc1ccc(NC(=O)c2cc(Cl)cc(NC(=O)OCc3ccccc3)c2)cc1,1.2430380486862944,,-0.10182351650232342,1.9444826721501687
O=C(CC1=CN=CC2=CC=CC=C12)N1CCC(C[C@H]2CCCOC2)CC1 |&1:18|,,380.0,,21.2,,ASAP-0029356,Train,O=C(CC1=CN=CC2=CC=CC=C12)N1CCC(C[C@H]2CCCOC2)CC1,O=C(Cc1cncc2ccccc12)N1CCC(C[C@H]2CCCOC2)CC1,,,1.3263358609287514,2.57978359661681
C1=CC=C2C(CN3CCC(C4=CNC5=CC=CN=C45)CC3)=CNC2=C1,16.0,,,4.6,,ASAP-0015396,Train,C1=CC=C2C(CN3CCC(C4=CNC5=CC=CN=C45)CC3)=CNC2=C1,c1ccc2c(CN3CCC(c4c[nH]c5cccnc45)CC3)c[nH]c2c1,1.2041199826559248,,0.6627578316815741,
O=C(NCC(F)F)[C@H](NC1=CC2=C(C=C1Br)CNC2)C1=CC(Cl)=CC(C2CC2)=C1 |&1:7|,,333.0,2.9,0.2,,ASAP-0031915,Train,O=C(NCC(F)F)[C@H](NC1=CC2=C(C=C1Br)CNC2)C1=CC(Cl)=CC(C2CC2)=C1,O=C(NCC(F)F)[C@H](Nc1cc2c(cc1Br)CNC2)c1cc(Cl)cc(C2CC2)c1,,,-0.6989700043360187,2.5224442335063197
CC1=C(C(=O)NC2=CC(C3=CC=CN=C3)=CC=N2)C=C(C2CC2)N1C,,176.0,,13.5,388.0,ASAP-0029790,Train,CC1=C(C(=O)NC2=CC(C3=CC=CN=C3)=CC=N2)C=C(C2CC2)N1C,Cc1c(C(=O)Nc2cc(-c3cccnc3)ccn2)cc(C2CC2)n1C,,2.5888317255942073,1.130333768495006,2.24551266781415
"O=C(N[C@H]1[C@H]2CCCCC[C@H]2[C@H]1C(=O)NC1=CC=CC(C2CCNCC2)=C1)OCC1=CC=CC=C1 |&1:3,4,10,11|",31.3,49.0,2.8,0.395,,ASAP-0023249,Train,O=C(N[C@H]1[C@H]2CCCCC[C@H]2[C@H]1C(=O)NC1=CC=CC(C2CCNCC2)=C1)OCC1=CC=CC=C1,O=C(N[C@H]1[C@H]2CCCCC[C@H]2[C@H]1C(=O)Nc1cccc(C2CCNCC2)c1)OCc1ccccc1,1.4955443375464486,,-0.40340290437353976,1.6901960800285136
O=C(NC1=CC2=C(CNC2)C(C2=CCOCC2)=C1)C1=CC(F)=CC2=C1C=NN2,,157.0,0.9,1.1,152.0,ASAP-0031147,Train,O=C(NC1=CC2=C(CNC2)C(C2=CCOCC2)=C1)C1=CC(F)=CC2=C1C=NN2,O=C(Nc1cc2c(c(C3=CCOCC3)c1)CNC2)c1cc(F)cc2[nH]ncc12,,2.1818435879447726,0.04139268515822508,2.1958996524092336
COC1=CC=C2NC(CCCOC3=CC=C(C4=NOC(C(F)(F)F)=N4)C=C3C)=NC2=N1,30.5,3.0,,1.79,26.1,ASAP-0017444,Train,COC1=CC=C2NC(CCCOC3=CC=C(C4=NOC(C(F)(F)F)=N4)C=C3C)=NC2=N1,COc1ccc2[nH]c(CCCOc3ccc(-c4noc(C(F)(F)F)n4)cc3C)nc2n1,1.4842998393467859,1.416640507338281,0.2528530309798932,0.47712125471966244
CC(C)[C@H](NC1=NC=NC2=C1C=CN2)C1=CC=C2OCCS(=O)(=O)C2=C1 |&1:3|,18.0,372.0,2.6,4.4,69.0,ASAP-0012318,Train,CC(C)[C@H](NC1=NC=NC2=C1C=CN2)C1=CC=C2OCCS(=O)(=O)C2=C1,CC(C)[C@H](Nc1ncnc2[nH]ccc12)c1ccc2c(c1)S(=O)(=O)CCO2,1.255272505103306,1.8388490907372552,0.6434526764861874,2.5705429398818973
CC(C)[C@H](NC1=NC=NC2=C1C=C(C1=CN(CC(N)=O)N=C1)N2)C1=CC=C2OCCOC2=N1 |o1:3|,12.0,377.0,2.3,1.27,5.0,ASAP-0012307,Train,CC(C)[C@H](NC1=NC=NC2=C1C=C(C1=CN(CC(N)=O)N=C1)N2)C1=CC=C2OCCOC2=N1,CC(C)[C@H](Nc1ncnc2[nH]c(-c3cnn(CC(N)=O)c3)cc12)c1ccc2c(n1)OCCO2,1.0791812460476249,0.6989700043360189,0.10380372095595687,2.576341350205793
CNC(=O)[C@H]1CC12CCN(C(=O)CC1=CN=CC3=CC=CC=C13)CC2 |&1:4|,,366.0,,1.98,,ASAP-0029366,Train,CNC(=O)[C@H]1CC12CCN(C(=O)CC1=CN=CC3=CC=CC=C13)CC2,CNC(=O)[C@H]1CC12CCN(C(=O)Cc1cncc3ccccc13)CC2,,,0.2966651902615311,2.5634810853944106
CC(C)[C@H](NC1=NC=NC2=C1C=C(C1=CN(CC(N)=O)N=C1)N2)C1=CC=C2CCCS(=O)(=O)C2=C1 |o1:3|,240.0,338.0,2.1,1.98,39.0,ASAP-0011428,Train,CC(C)[C@H](NC1=NC=NC2=C1C=C(C1=CN(CC(N)=O)N=C1)N2)C1=CC=C2CCCS(=O)(=O)C2=C1,CC(C)[C@H](Nc1ncnc2[nH]c(-c3cnn(CC(N)=O)c3)cc12)c1ccc2c(c1)S(=O)(=O)CCC2,2.380211241711606,1.591064607026499,0.2966651902615311,2.5289167002776547
CC(C)[C@H](NC1=NC=NC2=C1C=C(C1=CN=CC(S(C)(=O)=O)=C1)N2)C1=CC=C2CCCS(=O)(=O)C2=C1 |&1:3|,635.0,31.0,3.1,0.491,272.0,ASAP-0012320,Train,CC(C)[C@H](NC1=NC=NC2=C1C=C(C1=CN=CC(S(C)(=O)=O)=C1)N2)C1=CC=C2CCCS(=O)(=O)C2=C1,CC(C)[C@H](Nc1ncnc2[nH]c(-c3cncc(S(C)(=O)=O)c3)cc12)c1ccc2c(c1)S(=O)(=O)CCC2,2.8027737252919755,2.4345689040341987,-0.3089185078770315,1.4913616938342726
NCC1=CC=CC(CNC(=O)[C@H](NC(=O)OCC2=CC=CC=C2)C2=CC=C(OCC3=CC=CC=C3)C=C2)=C1 |&1:11|,3.89,78.0,2.7,1.44,2.73,ASAP-0016386,Train,NCC1=CC=CC(CNC(=O)[C@H](NC(=O)OCC2=CC=CC=C2)C2=CC=C(OCC3=CC=CC=C3)C=C2)=C1,NCc1cccc(CNC(=O)[C@H](NC(=O)OCc2ccccc2)c2ccc(OCc3ccccc3)cc2)c1,0.5899496013257077,0.436162647040756,0.15836249209524964,1.8920946026904804
CC(C)[C@H](NC1=NC=NC2=C1C(C(=O)NC1CC1)=CN2)C1=CC=C2CCCS(=O)(=O)C2=C1 |o1:3|,5.0,19.0,3.0,1.27,42.0,ASAP-0011247,Train,CC(C)[C@H](NC1=NC=NC2=C1C(C(=O)NC1CC1)=CN2)C1=CC=C2CCCS(=O)(=O)C2=C1,CC(C)[C@H](Nc1ncnc2[nH]cc(C(=O)NC3CC3)c12)c1ccc2c(c1)S(=O)(=O)CCC2,0.6989700043360189,1.6232492903979006,0.10380372095595687,1.2787536009528289
O=C(NC1=CC(Br)=C2CNCC2=C1)C1=CC(F)=CC2=C1C=NN2,13.6,4.0,1.8,3.4,145.0,ASAP-0030792,Train,O=C(NC1=CC(Br)=C2CNCC2=C1)C1=CC(F)=CC2=C1C=NN2,O=C(Nc1cc(Br)c2c(c1)CNC2)c1cc(F)cc2[nH]ncc12,1.1335389083702174,2.161368002234975,0.5314789170422551,0.6020599913279624
CC(C)COC1=CC=C2C(OCCCC3=CC(C(=O)N(C)C)=NO3)=NOC2=C1,95.1,15.0,,7.05,68.5,ASAP-0022579,Train,CC(C)COC1=CC=C2C(OCCCC3=CC(C(=O)N(C)C)=NO3)=NOC2=C1,CC(C)COc1ccc2c(OCCCc3cc(C(=O)N(C)C)no3)noc2c1,1.9781805169374138,1.8356905714924256,0.8481891169913987,1.1760912590556813
CNC(=O)C1=CC2=C(N[C@H](C3=CC=C4OCC(=O)NC4=C3)C(C)C)N=CN=C2N1 |&1:9|,52.0,372.0,2.8,0.873,20.0,ASAP-0008571,Train,CNC(=O)C1=CC2=C(N[C@H](C3=CC=C4OCC(=O)NC4=C3)C(C)C)N=CN=C2N1,CNC(=O)c1cc2c(N[C@H](c3ccc4c(c3)NC(=O)CO4)C(C)C)ncnc2[nH]1,1.7160033436347992,1.3010299956639813,-0.05898575629443027,2.5705429398818973
N#C[C@H](NC1=CC=CC(C(=O)O)=C1)C1=CC(Cl)=CC2=C1C=NN2 |&1:2|,12.0,112.0,0.6,1.22,,ASAP-0027804,Train,N#C[C@H](NC1=CC=CC(C(=O)O)=C1)C1=CC(Cl)=CC2=C1C=NN2,N#C[C@H](Nc1cccc(C(=O)O)c1)c1cc(Cl)cc2[nH]ncc12,1.0791812460476249,,0.08635983067474821,2.0492180226701815
CC(C)[C@H](NC1=NC=NC2=C1C=C(C1=C(C#N)N(C)N=C1)N2)C1=CC=C2OCC(=O)NC2=C1 |o1:3|,115.0,26.0,4.4,1.22,81.0,ASAP-0013255,Train,CC(C)[C@H](NC1=NC=NC2=C1C=C(C1=C(C#N)N(C)N=C1)N2)C1=CC=C2OCC(=O)NC2=C1,CC(C)[C@H](Nc1ncnc2[nH]c(-c3cnn(C)c3C#N)cc12)c1ccc2c(c1)NC(=O)CO2,2.060697840353612,1.9084850188786497,0.08635983067474821,1.414973347970818
CC1=CN=C(CN2C[C@@]3(C(=O)N(C4=CN=CC5=CC=CC=C45)C[C@@H]3C)C3=CC(F)=CC=C3C2=O)C=N1,137.0,374.0,2.0,12.6,237.0,ASAP-0013423,Train,CC1=CN=C(CN2C[C@@]3(C(=O)N(C4=CN=CC5=CC=CC=C45)C[C@@H]3C)C3=CC(F)=CC=C3C2=O)C=N1,Cc1cnc(CN2C[C@@]3(C(=O)N(c4cncc5ccccc45)C[C@@H]3C)c3cc(F)ccc3C2=O)cn1,2.1367205671564067,2.374748346010104,1.100370545117563,2.5728716022004803
O=C(NCC1=CC=CC=N1)NC1=CNC(=O)C2=CC(Cl)=CC=C12,11.4,127.0,1.7,1.53,24.7,ASAP-0016130,Train,O=C(NCC1=CC=CC=N1)NC1=CNC(=O)C2=CC(Cl)=CC=C12,O=C(NCc1ccccn1)Nc1c[nH]c(=O)c2cc(Cl)ccc12,1.0569048513364727,1.3926969532596658,0.1846914308175988,2.103803720955957
N#CCCNC(=O)[C@H](NC1=CC=C2CNCC2=C1)C1=CC(Cl)=CC(C2CC2)=C1 |&1:7|,,374.0,0.6,0.5,,ASAP-0029645,Train,N#CCCNC(=O)[C@H](NC1=CC=C2CNCC2=C1)C1=CC(Cl)=CC(C2CC2)=C1,N#CCCNC(=O)[C@H](Nc1ccc2c(c1)CNC2)c1cc(Cl)cc(C2CC2)c1,,,-0.3010299956639812,2.5728716022004803
C[C@H]1CN(C2=CN=CC3=CC=CC=C23)C(=O)[C@@]12CN(CC(=O)NCC1=NN(C)C=C1)C(=O)C1=CC=C(Cl)C=C12,519.0,382.0,1.8,1.51,398.0,ASAP-0000775,Train,C[C@H]1CN(C2=CN=CC3=CC=CC=C23)C(=O)[C@@]12CN(CC(=O)NCC1=NN(C)C=C1)C(=O)C1=CC=C(Cl)C=C12,C[C@H]1CN(c2cncc3ccccc23)C(=O)[C@@]12CN(CC(=O)NCc1ccn(C)n1)C(=O)c1ccc(Cl)cc12,2.7151673578484576,2.5998830720736876,0.17897694729316943,2.582063362911709
O=C(O)C1=CC(Cl)=CC=C1NS(=O)(=O)C1=CC=C(C2=CC=CC=C2Cl)C=C1,343.0,397.0,3.6,7.59,,ASAP-0017573,Train,O=C(O)C1=CC(Cl)=CC=C1NS(=O)(=O)C1=CC=C(C2=CC=CC=C2Cl)C=C1,O=C(O)c1cc(Cl)ccc1NS(=O)(=O)c1ccc(-c2ccccc2Cl)cc1,2.5352941200427703,,0.8802417758954804,2.598790506763115
CNC(=O)[C@@H](C)N1C[C@@]2(C(=O)N(C3=CN=CC4=CC=CC=C34)C[C@@H]2C)C2=CC(F)=CC=C2C1=O,11.0,387.0,1.6,1.6,60.0,ASAP-0011528,Train,CNC(=O)[C@@H](C)N1C[C@@]2(C(=O)N(C3=CN=CC4=CC=CC=C34)C[C@@H]2C)C2=CC(F)=CC=C2C1=O,CNC(=O)[C@@H](C)N1C[C@@]2(C(=O)N(c3cncc4ccccc34)C[C@@H]2C)c2cc(F)ccc2C1=O,1.0413926851582251,1.7781512503836436,0.2041199826559248,2.5877109650189114
N#CC1(C2=CC=CC=C2)CCN(C(=O)CC2=CN=CC3=CC=CC=C23)CC1,,14.0,,25.4,,ASAP-0029333,Train,N#CC1(C2=CC=CC=C2)CCN(C(=O)CC2=CN=CC3=CC=CC=C23)CC1,N#CC1(c2ccccc2)CCN(C(=O)Cc2cncc3ccccc23)CC1,,,1.404833716619938,1.146128035678238
CNC(=O)CN1C[C@@]2(C(=O)N(C3=CN=CC4=CC=CC=C34)C[C@@H]2CNC2=CC=NC=N2)C2=CC(Cl)=CC=C2C1=O,44.0,,1.6,2.1,54.0,ASAP-0013300,Train,CNC(=O)CN1C[C@@]2(C(=O)N(C3=CN=CC4=CC=CC=C34)C[C@@H]2CNC2=CC=NC=N2)C2=CC(Cl)=CC=C2C1=O,CNC(=O)CN1C[C@@]2(C(=O)N(c3cncc4ccccc34)C[C@@H]2CNc2ccncn2)c2cc(Cl)ccc2C1=O,1.6434526764861874,1.7323937598229686,0.3222192947339193,
CCCCNC(=O)[C@H](NC1=CC=C2CNCC2=C1)C1=CC(Cl)=CC(C2CC2)=C1 |&1:7|,,379.0,2.3,0.7,,ASAP-0031031,Train,CCCCNC(=O)[C@H](NC1=CC=C2CNCC2=C1)C1=CC(Cl)=CC(C2CC2)=C1,CCCCNC(=O)[C@H](Nc1ccc2c(c1)CNC2)c1cc(Cl)cc(C2CC2)c1,,,-0.1549019599857432,2.578639209968072
CN1C=CC(CN2C[C@]3(CCN(C4=CN=CC5=CC=CC=C45)C3=O)C3=CC(Cl)=CC=C3C2=O)=N1 |o1:8|,82.0,391.0,2.4,10.9,308.0,ASAP-0013306,Train,CN1C=CC(CN2C[C@]3(CCN(C4=CN=CC5=CC=CC=C45)C3=O)C3=CC(Cl)=CC=C3C2=O)=N1,Cn1ccc(CN2C[C@]3(CCN(c4cncc5ccccc45)C3=O)c3cc(Cl)ccc3C2=O)n1,1.9138138523837167,2.4885507165004443,1.0374264979406236,2.5921767573958667
O=C(NC1=CC2=C(CNC2)C(C2=CNC(=O)C(F)=C2)=C1)C1=CC(F)=CC2=C1C=NN2,,66.0,0.4,0.651,243.0,ASAP-0031274,Train,O=C(NC1=CC2=C(CNC2)C(C2=CNC(=O)C(F)=C2)=C1)C1=CC(F)=CC2=C1C=NN2,O=C(Nc1cc2c(c(-c3c[nH]c(=O)c(F)c3)c1)CNC2)c1cc(F)cc2[nH]ncc12,,2.385606273598312,-0.18641901143180803,1.8195439355418688
CC(C)[C@H](NC1=NC=NC2=C1C=C(C1=CN(CC(N)=O)N=C1)N2)C1=CC=C2CCCS(=O)(=O)C2=C1 |o1:3|,115.0,335.0,2.0,0.719,96.0,ASAP-0011432,Train,CC(C)[C@H](NC1=NC=NC2=C1C=C(C1=CN(CC(N)=O)N=C1)N2)C1=CC=C2CCCS(=O)(=O)C2=C1,CC(C)[C@H](Nc1ncnc2[nH]c(-c3cnn(CC(N)=O)c3)cc12)c1ccc2c(c1)S(=O)(=O)CCC2,2.060697840353612,1.9822712330395684,-0.14327110961711742,2.525044807036845
CNC(=O)[C@H](NC1=CC=CC(C2=NNN=N2)=C1)C1=CC(Cl)=CC2=C1C=NN2 |&1:4|,,347.0,0.3,0.863,,ASAP-0027758,Train,CNC(=O)[C@H](NC1=CC=CC(C2=NNN=N2)=C1)C1=CC(Cl)=CC2=C1C=NN2,CNC(=O)[C@H](Nc1cccc(-c2nn[nH]n2)c1)c1cc(Cl)cc2[nH]ncc12,,,-0.06398920428479041,2.5403294747908736
CCOC1=NOC2=CC(OCCCC3=CC(C(=O)N(C)C)=NO3)=C(C)C=C12,46.4,7.0,4.0,4.12,166.0,ASAP-0021262,Train,CCOC1=NOC2=CC(OCCCC3=CC(C(=O)N(C)C)=NO3)=C(C)C=C12,CCOc1noc2cc(OCCCc3cc(C(=O)N(C)C)no3)c(C)cc12,1.6665179805548809,2.220108088040055,0.6148972160331346,0.8450980400142568
CC1=CC(C2=NOC(C(F)(F)F)=N2)=CC=C1OCCCC1=CC(C(=O)N2CCOCC2)=NO1,18.5,4.0,,1.64,98.3,ASAP-0017308,Train,CC1=CC(C2=NOC(C(F)(F)F)=N2)=CC=C1OCCCC1=CC(C(=O)N2CCOCC2)=NO1,Cc1cc(-c2noc(C(F)(F)F)n2)ccc1OCCCc1cc(C(=O)N2CCOCC2)no1,1.2671717284030137,1.9925535178321356,0.21484384804769785,0.6020599913279624
CNC(=O)CN1C[C@@]2(C(=O)N(C3=CN=CC4=CC=CC=C34)C[C@@H]2CNC2=CN(C)N=C2)C2=CC(Cl)=CC=C2C1=O,66.0,376.0,1.2,0.813,90.0,ASAP-0013266,Train,CNC(=O)CN1C[C@@]2(C(=O)N(C3=CN=CC4=CC=CC=C34)C[C@@H]2CNC2=CN(C)N=C2)C2=CC(Cl)=CC=C2C1=O,CNC(=O)CN1C[C@@]2(C(=O)N(c3cncc4ccccc34)C[C@@H]2CNc2cnn(C)c2)c2cc(Cl)ccc2C1=O,1.8195439355418688,1.954242509439325,-0.08990945440593186,2.575187844927661
N#CC1=CC2=C(C=C1NC(=O)C1=CC(F)=CC3=C1C=NN3)CNC2,16.7,193.0,0.6,3.9,288.0,ASAP-0031265,Train,N#CC1=CC2=C(C=C1NC(=O)C1=CC(F)=CC3=C1C=NN3)CNC2,N#Cc1cc2c(cc1NC(=O)c1cc(F)cc3[nH]ncc13)CNC2,1.2227164711475833,2.459392487759231,0.5910646070264992,2.285557309007774
CNCCN1C[C@@]2(C(=O)N(C3=CN=CC4=CC=CC=C34)C[C@@H]2C)C2=CC(Cl)=CC=C2C1=O,4.0,398.0,0.7,2.44,3.0,ASAP-0012337,Train,CNCCN1C[C@@]2(C(=O)N(C3=CN=CC4=CC=CC=C34)C[C@@H]2C)C2=CC(Cl)=CC=C2C1=O,CNCCN1C[C@@]2(C(=O)N(c3cncc4ccccc34)C[C@@H]2C)c2cc(Cl)ccc2C1=O,0.6020599913279624,0.47712125471966244,0.3873898263387294,2.5998830720736876
CN(C)C[C@H]1C[C@H](NC(=O)C2=CC=C3COB(O)C3=C2)C1,5.0,,,0.9,19.0,ASAP-0014809,Train,CN(C)C[C@H]1C[C@H](NC(=O)C2=CC=C3COB(O)C3=C2)C1,CN(C)C[C@H]1C[C@H](NC(=O)c2ccc3c(c2)B(O)OC3)C1,0.6989700043360189,1.2787536009528289,-0.045757490560675115,
CC1=CSC(SC2=CC(C3=CC=CC=C3)=NC3=NC=NN23)=N1,,6.0,2.9,0.636,,ASAP-0027659,Train,CC1=CSC(SC2=CC(C3=CC=CC=C3)=NC3=NC=NN23)=N1,Cc1csc(Sc2cc(-c3ccccc3)nc3ncnn23)n1,,,-0.19654288435158612,0.7781512503836436
O=C1NC(=O)[C@@H](CC2=CC=C3OCOC3=C2)C2=CC=CC=C12 |a:5|,32.4,263.0,2.4,6.56,82.7,ASAP-0017037,Train,O=C1NC(=O)[C@@H](CC2=CC=C3OCOC3=C2)C2=CC=CC=C12,O=C1NC(=O)[C@@H](Cc2ccc3c(c2)OCO3)c2ccccc21,1.510545010206612,1.9175055095525466,0.8169038393756602,2.419955748489758
C=CC[C@H]1NCC2=CC(NC(=O)C3=CC(F)=CC4=C3C=NN4)=CC=C21 |&1:3|,,356.0,1.7,3.86,,ASAP-0030071,Train,C=CC[C@H]1NCC2=CC(NC(=O)C3=CC(F)=CC4=C3C=NN4)=CC=C21,C=CC[C@H]1NCc2cc(NC(=O)c3cc(F)cc4[nH]ncc34)ccc21,,,0.5865873046717549,2.5514499979728753
CNC(=O)CN1C[C@@]2(C(=O)N(C3=CN=CC4=CC=CC=C34)C[C@@H]2CNC2=CC=CC=C2)C2=CC(Cl)=CC=C2C1=O,378.0,139.0,3.0,1.08,495.0,ASAP-0013265,Train,CNC(=O)CN1C[C@@]2(C(=O)N(C3=CN=CC4=CC=CC=C34)C[C@@H]2CNC2=CC=CC=C2)C2=CC(Cl)=CC=C2C1=O,CNC(=O)CN1C[C@@]2(C(=O)N(c3cncc4ccccc34)C[C@@H]2CNc2ccccc2)c2cc(Cl)ccc2C1=O,2.5774917998372255,2.694605198933569,0.03342375548694973,2.143014800254095
CC1=NN(C)C=C1C1=CC2=C(N[C@H](C3=CC=C4CCCS(=O)(=O)C4=C3)C(C)C)N=CN=C2N1 |o1:12|,251.0,63.0,3.4,3.69,390.0,ASAP-0011448,Train,CC1=NN(C)C=C1C1=CC2=C(N[C@H](C3=CC=C4CCCS(=O)(=O)C4=C3)C(C)C)N=CN=C2N1,Cc1nn(C)cc1-c1cc2c(N[C@H](c3ccc4c(c3)S(=O)(=O)CCC4)C(C)C)ncnc2[nH]1,2.399673721481038,2.591064607026499,0.5670263661590603,1.7993405494535817
O=C(NC1=CC=C2CNCC2=C1)C1=CC(F)=CC2=C1CCC2,,187.0,1.2,10.7,37.4,ASAP-0030106,Train,O=C(NC1=CC=C2CNCC2=C1)C1=CC(F)=CC2=C1CCC2,O=C(Nc1ccc2c(c1)CNC2)c1cc(F)cc2c1CCC2,,1.57287160220048,1.0293837776852097,2.271841606536499
CNC(=O)C1=CNC2=NC=NC(N[C@H](C3=CC=C4CCCS(=O)(=O)C4=C3)C(C)C)=C12 |o1:13|,258.0,336.0,2.7,1.61,770.0,ASAP-0011153,Train,CNC(=O)C1=CNC2=NC=NC(N[C@H](C3=CC=C4CCCS(=O)(=O)C4=C3)C(C)C)=C12,CNC(=O)c1c[nH]c2ncnc(N[C@H](c3ccc4c(c3)S(=O)(=O)CCC4)C(C)C)c12,2.41161970596323,2.886490725172482,0.20682587603184974,2.526339277389844
CC1=CC(C2=NOC(C(F)(F)F)=N2)=CC=C1OCCCC1=CC=NC=C1,10.9,4.0,,0.468,24.0,ASAP-0017290,Train,CC1=CC(C2=NOC(C(F)(F)F)=N2)=CC=C1OCCCC1=CC=NC=C1,Cc1cc(-c2noc(C(F)(F)F)n2)ccc1OCCCc1ccncc1,1.0374264979406236,1.380211241711606,-0.32975414692587596,0.6020599913279624
"COC1=CC=CC=C1[C@@H]1C[C@H](C)CCN1C(=O)CC1=CN=CC2=CC=CC=C12 |&1:8,10|",,218.0,,18.7,,ASAP-0029303,Train,COC1=CC=CC=C1[C@@H]1C[C@H](C)CCN1C(=O)CC1=CN=CC2=CC=CC=C12,COc1ccccc1[C@@H]1C[C@H](C)CCN1C(=O)Cc1cncc2ccccc12,,,1.271841606536499,2.3384564936046046
COC1=CC(Cl)=CC([C@H](NC2=CC=C3CNCC3=C2)C(=O)NCC(F)F)=C1 |&1:8|,,,0.5,0.7,,ASAP-0031580,Train,COC1=CC(Cl)=CC([C@H](NC2=CC=C3CNCC3=C2)C(=O)NCC(F)F)=C1,COc1cc(Cl)cc([C@H](Nc2ccc3c(c2)CNC3)C(=O)NCC(F)F)c1,,,-0.1549019599857432,
O=S(=O)(NCCC1=NC=CC(O)=N1)N1CCNCC1,,349.0,,0.723,,ASAP-0027787,Train,O=S(=O)(NCCC1=NC=CC(O)=N1)N1CCNCC1,O=S(=O)(NCCc1nccc(O)n1)N1CCNCC1,,,-0.1408617027054692,2.5428254269591797
CC1=CC(C2=NOC(C(F)(F)F)=N2)=CC=C1OCCCC1=CC(C(=O)N2CC[C@@H](O)C2)=NO1 |a:28|,,12.0,4.4,2.09,13.0,ASAP-0017302,Train,CC1=CC(C2=NOC(C(F)(F)F)=N2)=CC=C1OCCCC1=CC(C(=O)N2CC[C@@H](O)C2)=NO1,Cc1cc(-c2noc(C(F)(F)F)n2)ccc1OCCCc1cc(C(=O)N2CC[C@@H](O)C2)no1,,1.1139433523068367,0.32014628611105395,1.0791812460476249
C#CCCC1=CC=C(OCCCC2=CC(C(=O)N(C)C)=NO2)C=C1,60.4,158.0,3.5,19.3,73.8,ASAP-0021070,Train,C#CCCC1=CC=C(OCCCC2=CC(C(=O)N(C)C)=NO2)C=C1,C#CCCc1ccc(OCCCc2cc(C(=O)N(C)C)no2)cc1,1.7810369386211318,1.8680563618230415,1.2855573090077739,2.1986570869544226
COC1=CC=C2C(=C1)CCN(C1=NC=NC3=C1C=CN3)[C@H]2C(C)C |&1:20|,60.0,14.0,4.33,7.0,321.0,ASAP-0000502,Train,COC1=CC=C2C(=C1)CCN(C1=NC=NC3=C1C=CN3)[C@H]2C(C)C,COc1ccc2c(c1)CCN(c1ncnc3[nH]ccc13)[C@H]2C(C)C,1.7781512503836436,2.506505032404872,0.8450980400142568,1.146128035678238
O=C(NC1=CC=C2CNCC2=C1)C1=CC(Cl)=CC2=C1NN=C2,,184.0,1.2,4.63,54.0,ASAP-0029911,Train,O=C(NC1=CC=C2CNCC2=C1)C1=CC(Cl)=CC2=C1NN=C2,O=C(Nc1ccc2c(c1)CNC2)c1cc(Cl)cc2cn[nH]c12,,1.7323937598229686,0.6655809910179531,2.2648178230095364
CNC(=O)C1=CC2=C(N[C@H](C3=CC=C4CCCS(=O)(=O)C4=C3)C(C)C)N=CN=C2N1 |&1:9|,77.0,369.0,2.4,0.46,46.0,ASAP-0008685,Train,CNC(=O)C1=CC2=C(N[C@H](C3=CC=C4CCCS(=O)(=O)C4=C3)C(C)C)N=CN=C2N1,CNC(=O)c1cc2c(N[C@H](c3ccc4c(c3)S(=O)(=O)CCC4)C(C)C)ncnc2[nH]1,1.8864907251724818,1.662757831681574,-0.3372421683184259,2.56702636615906
CC(C)N1C=C2C(C(=O)NC3=CC=C4CNCC4=C3)=CC(Cl)=CC2=N1,,181.0,1.6,3.4,,ASAP-0031203,Train,CC(C)N1C=C2C(C(=O)NC3=CC=C4CNCC4=C3)=CC(Cl)=CC2=N1,CC(C)n1cc2c(C(=O)Nc3ccc4c(c3)CNC4)cc(Cl)cc2n1,,,0.5314789170422551,2.2576785748691846
CN1C=NC(CN2C[C@]3(CCN(C4=CN=CC5=CC=CC=C45)C3=O)C3=CC(Cl)=CC=C3C2=O)=N1 |o1:8|,53.0,382.0,1.6,4.2,73.0,ASAP-0013309,Train,CN1C=NC(CN2C[C@]3(CCN(C4=CN=CC5=CC=CC=C45)C3=O)C3=CC(Cl)=CC=C3C2=O)=N1,Cn1cnc(CN2C[C@]3(CCN(c4cncc5ccccc45)C3=O)c3cc(Cl)ccc3C2=O)n1,1.724275869600789,1.863322860120456,0.6232492903979004,2.582063362911709
CC1=CC(C2=NOC(C(F)(F)F)=N2)=CC=C1OCCCC1=CC(C(=O)N2CCCC2)=NO1,,12.0,,0.542,35.7,ASAP-0017434,Train,CC1=CC(C2=NOC(C(F)(F)F)=N2)=CC=C1OCCCC1=CC(C(=O)N2CCCC2)=NO1,Cc1cc(-c2noc(C(F)(F)F)n2)ccc1OCCCc1cc(C(=O)N2CCCC2)no1,,1.5526682161121932,-0.266000713461613,1.0791812460476249
C[C@H]1CN(C2=CN=CC3=CC=CC=C23)C(=O)[C@@]12CN(CC1=CNN=C1)C(=O)C1=CC=C(F)C=C12,27.0,,1.8,2.07,672.0,ASAP-0011485,Train,C[C@H]1CN(C2=CN=CC3=CC=CC=C23)C(=O)[C@@]12CN(CC1=CNN=C1)C(=O)C1=CC=C(F)C=C12,C[C@H]1CN(c2cncc3ccccc23)C(=O)[C@@]12CN(Cc1cn[nH]c1)C(=O)c1ccc(F)cc12,1.4313637641589874,2.8273692730538253,0.3159703454569177,
CNC(=O)C1=CC2=C(N[C@H](C3=CC=C4CCCS(=O)(=O)C4=C3)C(C)C)N=CN=C2N1 |o1:9|,67.0,374.0,2.3,0.891,47.0,ASAP-0012340,Train,CNC(=O)C1=CC2=C(N[C@H](C3=CC=C4CCCS(=O)(=O)C4=C3)C(C)C)N=CN=C2N1,CNC(=O)c1cc2c(N[C@H](c3ccc4c(c3)S(=O)(=O)CCC4)C(C)C)ncnc2[nH]1,1.8260748027008264,1.6720978579357175,-0.0501222959631252,2.5728716022004803
CCN1C(C)=NN=C1SC1=CC(C2=CC=CC=C2)=NC2=NC=NN12,35.1,283.0,1.4,0.0862,20.1,ASAP-0023327,Train,CCN1C(C)=NN=C1SC1=CC(C2=CC=CC=C2)=NC2=NC=NN12,CCn1c(C)nnc1Sc1cc(-c2ccccc2)nc2ncnn12,1.545307116465824,1.3031960574204888,-1.0644927341752872,2.45178643552429
CN(C(=O)C1=CC=C2COB(O)C2=C1)[C@H]1CCN(C2CC2)C1 |&1:14|,16.0,,0.7,12.0,8.0,ASAP-0014734,Train,CN(C(=O)C1=CC=C2COB(O)C2=C1)[C@H]1CCN(C2CC2)C1,CN(C(=O)c1ccc2c(c1)B(O)OC2)[C@H]1CCN(C2CC2)C1,1.2041199826559248,0.9030899869919435,1.0791812460476249,
CC(C)[C@H](NC1=NC=NC2=C1C(C(N)=O)=CN2)C1=CC=C2OCCOC2=C1 |&1:3|,143.0,375.0,3.2,11.1,142.0,ASAP-0008399,Train,CC(C)[C@H](NC1=NC=NC2=C1C(C(N)=O)=CN2)C1=CC=C2OCCOC2=C1,CC(C)[C@H](Nc1ncnc2[nH]cc(C(N)=O)c12)c1ccc2c(c1)OCCO2,2.155336037465062,2.1522883443830563,1.0453229787866574,2.574031267727719
O=C(NC1=CC=C2CNCC2=C1)C1=CC(F)=CC2=C1N=C(C1=CC=C(F)C=C1)N2,,6.0,2.9,0.1,36.8,ASAP-0031237,Train,O=C(NC1=CC=C2CNCC2=C1)C1=CC(F)=CC2=C1N=C(C1=CC=C(F)C=C1)N2,O=C(Nc1ccc2c(c1)CNC2)c1cc(F)cc2[nH]c(-c3ccc(F)cc3)nc12,,1.5658478186735176,-1.0,0.7781512503836436
O=C(NC1=CC(Cl)=CC(C(=O)NC2=NNC3=C2CNC3)=C1)OCC1=CC=CC=C1,,26.0,,1.44,,ASAP-0021061,Train,O=C(NC1=CC(Cl)=CC(C(=O)NC2=NNC3=C2CNC3)=C1)OCC1=CC=CC=C1,O=C(Nc1cc(Cl)cc(C(=O)Nc2n[nH]c3c2CNC3)c1)OCc1ccccc1,,,0.15836249209524964,1.414973347970818
CC1=CC(C2=NOC(C(F)(F)F)=N2)=CC=C1OCCCC1=NN=NN1C1=CC=CC=C1,,9.0,,1.99,34.1,ASAP-0017311,Train,CC1=CC(C2=NOC(C(F)(F)F)=N2)=CC=C1OCCCC1=NN=NN1C1=CC=CC=C1,Cc1cc(-c2noc(C(F)(F)F)n2)ccc1OCCCc1nnnn1-c1ccccc1,,1.5327543789924978,0.29885307640970665,0.9542425094393249
CN1C=C2C(C(=O)NC3=CC=C4CNCC4=C3)=CC(F)=CC2=N1,,309.0,0.2,3.4,18.2,ASAP-0030104,Train,CN1C=C2C(C(=O)NC3=CC=C4CNCC4=C3)=CC(F)=CC2=N1,Cn1cc2c(C(=O)Nc3ccc4c(c3)CNC4)cc(F)cc2n1,,1.2600713879850747,0.5314789170422551,2.4899584794248346
COC1=CC=C(C2=NN=C(SC3=CC(C)=NC4=NC=NN34)O2)C=C1,141.0,7.0,2.4,0.236,586.0,ASAP-0027845,Train,COC1=CC=C(C2=NN=C(SC3=CC(C)=NC4=NC=NN34)O2)C=C1,COc1ccc(-c2nnc(Sc3cc(C)nc4ncnn34)o2)cc1,2.1492191126553797,2.767897616018091,-0.6270879970298935,0.8450980400142568
CCOC1=NOC2=C(C)C(OCCCC3=CC(C(=O)N(C)C)=NO3)=CC=C12,97.1,25.0,4.0,15.8,418.0,ASAP-0021134,Train,CCOC1=NOC2=C(C)C(OCCCC3=CC(C(=O)N(C)C)=NO3)=CC=C12,CCOc1noc2c(C)c(OCCCc3cc(C(=O)N(C)C)no3)ccc12,1.987219229908005,2.621176281775035,1.1986570869544226,1.3979400086720377
