CXSMILES,Molecule Name,Set,pIC50_MERS_Mpro,pIC50_SARS2_Mpro,SMILES_CLEAN,OPENADMET_CANONICAL_SMILES
C[C@H]1CCN(C(=O)CC2=CN=CC3=CC=CC=C23)CC1(F)F |&1:1|,ASAP-0029699,Train,5.01,5.4,C[C@H]1CCN(C(=O)CC2=CN=CC3=CC=CC=C23)CC1(F)F,C[C@H]1CCN(C(=O)Cc2cncc3ccccc23)CC1(F)F
CC1=CC=C(CN2CCCN(C(=O)CC3=CN=CC4=CC=CC=C34)CC2)C=C1,ASAP-0012347,Train,4.32,,CC1=CC=C(CN2CCCN(C(=O)CC3=CN=CC4=CC=CC=C34)CC2)C=C1,Cc1ccc(CN2CCCN(C(=O)Cc3cncc4ccccc34)CC2)cc1
CC1=C(NC(=O)[C@H](CB2OC(C)(C)C(C)(C)O2)NC(=O)OC(C)(C)C)C=CC(Br)=C1Cl |&1:6|,ASAP-0011142,Train,6.94,,CC1=C(NC(=O)[C@H](CB2OC(C)(C)C(C)(C)O2)NC(=O)OC(C)(C)C)C=CC(Br)=C1Cl,Cc1c(NC(=O)[C@H](CB2OC(C)(C)C(C)(C)O2)NC(=O)OC(C)(C)C)ccc(Br)c1Cl
CC1=CC([C@H]2CCCN2C(=O)C2=CN=CC3=CC=CC=C23)=CC=N1 |&1:4|,ASAP-0008247,Train,4.16,,CC1=CC([C@H]2CCCN2C(=O)C2=CN=CC3=CC=CC=C23)=CC=N1,Cc1cc([C@H]2CCCN2C(=O)c2cncc3ccccc23)ccn1
CNC(=O)[C@H]1CCCN(C(=O)CC2=CN=CC3=CC=CC=C23)C1 |a:4|,ASAP-0031918,Train,4.22,,CNC(=O)[C@H]1CCCN(C(=O)CC2=CN=CC3=CC=CC=C23)C1,CNC(=O)[C@H]1CCCN(C(=O)Cc2cncc3ccccc23)C1
"C[C@H](CO)C[C@H]1CN(C(=O)CO)CCN1CC1=CC=CC(Cl)=C1 |&1:1,&2:5|",ASAP-0011250,Train,8.62,,C[C@H](CO)C[C@H]1CN(C(=O)CO)CCN1CC1=CC=CC(Cl)=C1,C[C@H](CO)C[C@H]1CN(C(=O)CO)CCN1Cc1cccc(Cl)c1
"O=C1C2=CC=C(Cl)C=C2[C@@]2(CN1CC1=NNC=C1)C(=O)N(C1=CN=CC3=CC=CC=C13)C[C@@H]2CNC1=NN=C(C(F)(F)F)S1 |a:9,32|",ASAP-0031398,Train,7.22,7.34,O=C1C2=CC=C(Cl)C=C2[C@@]2(CN1CC1=NNC=C1)C(=O)N(C1=CN=CC3=CC=CC=C13)C[C@@H]2CNC1=NN=C(C(F)(F)F)S1,O=C1c2ccc(Cl)cc2[C@@]2(CN1Cc1cc[nH]n1)C(=O)N(c1cncc3ccccc13)C[C@@H]2CNc1nnc(C(F)(F)F)s1
O=C(CC1=CN=CC2=CC=CC=C12)N1CCC2(CCCCO2)CC1,ASAP-0029673,Train,,5.24,O=C(CC1=CN=CC2=CC=CC=C12)N1CCC2(CCCCO2)CC1,O=C(Cc1cncc2ccccc12)N1CCC2(CCCCO2)CC1
O=C1N[C@]2(C[C@H](C3=CC=CC=C3)C2)C(=O)N1C1=CN=CC2=CC=CC=C12,ASAP-0000241,Train,4.71,6.69,O=C1N[C@]2(C[C@H](C3=CC=CC=C3)C2)C(=O)N1C1=CN=CC2=CC=CC=C12,O=C1N[C@]2(C[C@H](c3ccccc3)C2)C(=O)N1c1cncc2ccccc12
O=C(NCC1=NC=CN1C1=CC=CC=C1)C1=CN=CC2=CC=CC=C12,ASAP-0000844,Train,4.17,,O=C(NCC1=NC=CN1C1=CC=CC=C1)C1=CN=CC2=CC=CC=C12,O=C(NCc1nccn1-c1ccccc1)c1cncc2ccccc12
O=C(CC1=CN=CC2=CC=CC=C12)N1CCCC[C@H]1C1=NOC=N1 |&1:18|,ASAP-0029475,Train,,4.37,O=C(CC1=CN=CC2=CC=CC=C12)N1CCCC[C@H]1C1=NOC=N1,O=C(Cc1cncc2ccccc12)N1CCCC[C@H]1c1ncon1
O=C(CC1=CN=CC2=CC=CC=C12)N1CC[C@H](C2=CC=CC=C2)C1 |&1:16|,ASAP-0011463,Train,3.32,4.69,O=C(CC1=CN=CC2=CC=CC=C12)N1CC[C@H](C2=CC=CC=C2)C1,O=C(Cc1cncc2ccccc12)N1CC[C@H](c2ccccc2)C1
"C[C@H]1CCN(C(=O)CC2=CN=CC3=CC=CC=C23)C[C@H]1F |&1:1,19|",ASAP-0029579,Train,5.34,5.51,C[C@H]1CCN(C(=O)CC2=CN=CC3=CC=CC=C23)C[C@H]1F,C[C@H]1CCN(C(=O)Cc2cncc3ccccc23)C[C@H]1F
O=C(CC1=CN=CC2=CC=CC=C12)N1CCC[C@H](N2C=CN=C2)C1 |&1:17|,ASAP-0011519,Train,9.0,4.21,O=C(CC1=CN=CC2=CC=CC=C12)N1CCC[C@H](N2C=CN=C2)C1,O=C(Cc1cncc2ccccc12)N1CCC[C@H](n2ccnc2)C1
CC1=CC=C(F)C(CC(=O)NC2=CN=CC3=CC=CC=C23)=C1,ASAP-0000650,Train,5.36,5.29,CC1=CC=C(F)C(CC(=O)NC2=CN=CC3=CC=CC=C23)=C1,Cc1ccc(F)c(CC(=O)Nc2cncc3ccccc23)c1
O=C1NC2=CC=C(Cl)C=C2[C@]12CCN(C1=CN=CC3=CC=CC=C13)C2=O |o1:10|,ASAP-0011340,Train,4.3,4.05,O=C1NC2=CC=C(Cl)C=C2[C@]12CCN(C1=CN=CC3=CC=CC=C13)C2=O,O=C1Nc2ccc(Cl)cc2[C@]12CCN(c1cncc3ccccc13)C2=O
O=C(CN1CC2=CC=C(Cl)C=C2[C@H](C(=O)NC2=CN=CC3=CC=CC=C23)C1)NC1=CC=C2SC=NC2=C1 |&1:12|,ASAP-0000206,Train,5.26,6.93,O=C(CN1CC2=CC=C(Cl)C=C2[C@H](C(=O)NC2=CN=CC3=CC=CC=C23)C1)NC1=CC=C2SC=NC2=C1,O=C(CN1Cc2ccc(Cl)cc2[C@H](C(=O)Nc2cncc3ccccc23)C1)Nc1ccc2scnc2c1
O=C(CC1=CN=CC2=CC=CC=C12)N1CCCCC2=CC=CC=C2C1,ASAP-0011223,Train,4.45,5.24,O=C(CC1=CN=CC2=CC=CC=C12)N1CCCCC2=CC=CC=C2C1,O=C(Cc1cncc2ccccc12)N1CCCCc2ccccc2C1
COC[C@H]1CN(C2=CN=CC3=CC=CC=C23)C(=O)[C@@]12CN(C)C(=O)C1=CC=C(Cl)C=C12,ASAP-0013270,Train,3.8,5.48,COC[C@H]1CN(C2=CN=CC3=CC=CC=C23)C(=O)[C@@]12CN(C)C(=O)C1=CC=C(Cl)C=C12,COC[C@H]1CN(c2cncc3ccccc23)C(=O)[C@@]12CN(C)C(=O)c1ccc(Cl)cc12
O=C(CC1=CN=CC2=CC=CC=C12)N(CC1=CC=C(F)C=C1)C1CCCCC1,ASAP-0008404,Train,5.05,5.05,O=C(CC1=CN=CC2=CC=CC=C12)N(CC1=CC=C(F)C=C1)C1CCCCC1,O=C(Cc1cncc2ccccc12)N(Cc1ccc(F)cc1)C1CCCCC1
CC1=NC=CC([C@H]2CCCN(C(=O)CC3=CN=CC4=CC=CC=C34)C2)=N1 |&1:6|,ASAP-0011315,Train,4.27,,CC1=NC=CC([C@H]2CCCN(C(=O)CC3=CN=CC4=CC=CC=C34)C2)=N1,Cc1nccc([C@H]2CCCN(C(=O)Cc3cncc4ccccc34)C2)n1
O=C(CC1=CN=CC2=CC=CC=C12)N1CCC[C@H]1CC1CCC1 |&1:17|,ASAP-0011194,Train,4.56,5.15,O=C(CC1=CN=CC2=CC=CC=C12)N1CCC[C@H]1CC1CCC1,O=C(Cc1cncc2ccccc12)N1CCC[C@H]1CC1CCC1
NC(=O)[C@H]1CCCN(C(=O)CC2=CN=CC3=CC=CC=C23)C1 |a:3|,ASAP-0031855,Train,4.24,4.06,NC(=O)[C@H]1CCCN(C(=O)CC2=CN=CC3=CC=CC=C23)C1,NC(=O)[C@H]1CCCN(C(=O)Cc2cncc3ccccc23)C1
"CO[C@H]1CCN(C(=O)CC2=CN=CC3=CC=CC=C23)C[C@H]1C |&1:2,&2:20|",ASAP-0029558,Train,4.99,4.45,CO[C@H]1CCN(C(=O)CC2=CN=CC3=CC=CC=C23)C[C@H]1C,CO[C@H]1CCN(C(=O)Cc2cncc3ccccc23)C[C@H]1C
CN1C[C@H](C(=O)NC2=CN=CC3=CC=CC=C23)C2=CC(C(F)(F)F)=CC=C2C1=O |o1:3|,ASAP-0008361,Train,4.95,5.44,CN1C[C@H](C(=O)NC2=CN=CC3=CC=CC=C23)C2=CC(C(F)(F)F)=CC=C2C1=O,CN1C[C@H](C(=O)Nc2cncc3ccccc23)c2cc(C(F)(F)F)ccc2C1=O
CC1(C)CCN(S(C)(=O)=O)C[C@]12NC(=O)N(C1=CN=CC3=CC=CC=C13)C2=O |o1:11|,ASAP-0000446,Train,4.22,4.47,CC1(C)CCN(S(C)(=O)=O)C[C@]12NC(=O)N(C1=CN=CC3=CC=CC=C13)C2=O,CC1(C)CCN(S(C)(=O)=O)C[C@]12NC(=O)N(c1cncc3ccccc13)C2=O
C[C@H]1CC2=C(C=CS2)CN1C(=O)CC1=CN=CC2=CC=CC=C12 |o1:1|,ASAP-0031648,Train,5.29,6.7,C[C@H]1CC2=C(C=CS2)CN1C(=O)CC1=CN=CC2=CC=CC=C12,C[C@H]1Cc2sccc2CN1C(=O)Cc1cncc2ccccc12
"CNC(=O)CN1C[C@]2(C(=O)N(C3=CN=CC4=CC=CC=C34)C[C@H]2CO)C2=CC(Cl)=CC=C2C1=O |o1:7,o2:22|",ASAP-0000523,Train,5.36,6.47,CNC(=O)CN1C[C@]2(C(=O)N(C3=CN=CC4=CC=CC=C34)C[C@H]2CO)C2=CC(Cl)=CC=C2C1=O,CNC(=O)CN1C[C@]2(C(=O)N(c3cncc4ccccc34)C[C@H]2CO)c2cc(Cl)ccc2C1=O
"COC[C@H]1CN(C2=CN=CC3=CC=CC=C23)C(=O)[C@@]12CN(CC1=CNN=C1)C(=O)C1=CC=C(Cl)C=C12 |a:3,18|",ASAP-0014938,Train,5.99,7.26,COC[C@H]1CN(C2=CN=CC3=CC=CC=C23)C(=O)[C@@]12CN(CC1=CNN=C1)C(=O)C1=CC=C(Cl)C=C12,COC[C@H]1CN(c2cncc3ccccc23)C(=O)[C@@]12CN(Cc1cn[nH]c1)C(=O)c1ccc(Cl)cc12
"CS(=O)(=O)C[C@@H]1C[C@@H]2CCC[C@@H]2N1C(=O)CC1=CN=CC2=CC=CC=C12 |a:5,7,11|",ASAP-0029897,Train,,4.22,CS(=O)(=O)C[C@@H]1C[C@@H]2CCC[C@@H]2N1C(=O)CC1=CN=CC2=CC=CC=C12,CS(=O)(=O)C[C@@H]1C[C@@H]2CCC[C@@H]2N1C(=O)Cc1cncc2ccccc12
O=C(CC1=CN=CC2=CC=CC=C12)N1CC[C@H](C2=NC=CO2)C1 |&1:16|,ASAP-0011309,Train,4.25,4.02,O=C(CC1=CN=CC2=CC=CC=C12)N1CC[C@H](C2=NC=CO2)C1,O=C(Cc1cncc2ccccc12)N1CC[C@H](c2ncco2)C1
CNC(=O)CN1C[C@]2(C(=O)N(C3=CN=CC4=CC=CC=C34)C3=CC=CC=C32)C2=CC(F)=CC=C2C1=O |o1:7|,ASAP-0008652,Train,4.46,4.55,CNC(=O)CN1C[C@]2(C(=O)N(C3=CN=CC4=CC=CC=C34)C3=CC=CC=C32)C2=CC(F)=CC=C2C1=O,CNC(=O)CN1C[C@]2(C(=O)N(c3cncc4ccccc34)c3ccccc32)c2cc(F)ccc2C1=O
"C[C@H]1CN(C(=O)CC2=CN=CC3=CC=CC=C23)[C@H](C)CC1=O |&1:1,&2:17|",ASAP-0029499,Train,,4.14,C[C@H]1CN(C(=O)CC2=CN=CC3=CC=CC=C23)[C@H](C)CC1=O,C[C@@H]1CC(=O)[C@@H](C)CN1C(=O)Cc1cncc2ccccc12
"COC1=CC=CC([C@H]2C[C@H](C)CN2C(=O)CC2=CN=CC3=CC=CC=C23)=C1 |&1:7,&2:9|",ASAP-0029878,Train,5.5,5.02,COC1=CC=CC([C@H]2C[C@H](C)CN2C(=O)CC2=CN=CC3=CC=CC=C23)=C1,COc1cccc([C@H]2C[C@H](C)CN2C(=O)Cc2cncc3ccccc23)c1
CC1=CC=CC(CN(C(=O)CC2=CN=CC3=CC=CC=C23)C2CC2)=C1,ASAP-0008386,Train,4.33,5.04,CC1=CC=CC(CN(C(=O)CC2=CN=CC3=CC=CC=C23)C2CC2)=C1,Cc1cccc(CN(C(=O)Cc2cncc3ccccc23)C2CC2)c1
COC1=CC=C(Cl)C=C1[C@H]1CCCCN1C(=O)C1=CN=CC2=CC=CC=C12 |&1:9|,ASAP-0008252,Train,4.31,,COC1=CC=C(Cl)C=C1[C@H]1CCCCN1C(=O)C1=CN=CC2=CC=CC=C12,COc1ccc(Cl)cc1[C@H]1CCCCN1C(=O)c1cncc2ccccc12
"C[C@H]1CN(C2=CN=CC3=CC=CC=C23)C(=O)[C@@]12CN(CCN1CCOC(F)(F)C1)C(=O)C1=CC=C(Cl)C=C12 |a:1,16|",ASAP-0016110,Train,6.4,7.89,C[C@H]1CN(C2=CN=CC3=CC=CC=C23)C(=O)[C@@]12CN(CCN1CCOC(F)(F)C1)C(=O)C1=CC=C(Cl)C=C12,C[C@H]1CN(c2cncc3ccccc23)C(=O)[C@@]12CN(CCN1CCOC(F)(F)C1)C(=O)c1ccc(Cl)cc12
CN1N=CC2=CN=CC(NC(=O)[C@H]3CNS(=O)(=O)C4=CC=C(Cl)C=C43)=C21 |o1:12|,ASAP-0000535,Train,4.76,5.07,CN1N=CC2=CN=CC(NC(=O)[C@H]3CNS(=O)(=O)C4=CC=C(Cl)C=C43)=C21,Cn1ncc2cncc(NC(=O)[C@H]3CNS(=O)(=O)c4ccc(Cl)cc43)c21
O=C(NC1CN(C2=CC=NC=C2)C1)C1=CN=CC2=CC=CC=C12,ASAP-0000842,Train,4.33,,O=C(NC1CN(C2=CC=NC=C2)C1)C1=CN=CC2=CC=CC=C12,O=C(NC1CN(c2ccncc2)C1)c1cncc2ccccc12
O=C1[C@@H]2CCCCN2C(=O)N1C1=CN=CC2=CC=CC=C12,ASAP-0000179,Train,4.29,4.19,O=C1[C@@H]2CCCCN2C(=O)N1C1=CN=CC2=CC=CC=C12,O=C1[C@@H]2CCCCN2C(=O)N1c1cncc2ccccc12
O=C(CC1=CN=CC2=CC=CC=C12)N1CCCC[C@H]1CC1=CC=CC=C1 |&1:18|,ASAP-0011148,Train,4.61,4.51,O=C(CC1=CN=CC2=CC=CC=C12)N1CCCC[C@H]1CC1=CC=CC=C1,O=C(Cc1cncc2ccccc12)N1CCCC[C@H]1Cc1ccccc1
C=C(CN(C(=O)[C@H]1CN(CC(=O)NC)CC2=CC=C(Cl)C=C21)C1=CN=CC2=CC=CC=C12)C(=O)N1CCCCC1 |&1:6|,ASAP-0008612,Train,4.34,4.99,C=C(CN(C(=O)[C@H]1CN(CC(=O)NC)CC2=CC=C(Cl)C=C21)C1=CN=CC2=CC=CC=C12)C(=O)N1CCCCC1,C=C(CN(C(=O)[C@H]1CN(CC(=O)NC)Cc2ccc(Cl)cc21)c1cncc2ccccc12)C(=O)N1CCCCC1
CNC(=O)C[C@@H]1CCCN(C(=O)CC2=CN=CC3=CC=CC=C23)C1 |a:5|,ASAP-0031745,Train,4.25,,CNC(=O)C[C@@H]1CCCN(C(=O)CC2=CN=CC3=CC=CC=C23)C1,CNC(=O)C[C@@H]1CCCN(C(=O)Cc2cncc3ccccc23)C1
O=C(CC1=CN=CC2=CC=CC=C12)N(CC1=CC=C2NC=CC2=C1)CC1=CC=CS1,ASAP-0008415,Train,5.24,4.97,O=C(CC1=CN=CC2=CC=CC=C12)N(CC1=CC=C2NC=CC2=C1)CC1=CC=CS1,O=C(Cc1cncc2ccccc12)N(Cc1ccc2[nH]ccc2c1)Cc1cccs1
"O=C(CC1=CN=CC2=CC=CC=C12)N1CC(F)(F)C[C@H]2CCCC[C@H]21 |&1:19,&2:24|",ASAP-0008432,Train,4.85,4.03,O=C(CC1=CN=CC2=CC=CC=C12)N1CC(F)(F)C[C@H]2CCCC[C@H]21,O=C(Cc1cncc2ccccc12)N1CC(F)(F)C[C@H]2CCCC[C@H]21
CN1CC2(CCN(C(=O)CC3=CN=CC4=CC=CC=C34)CC2)C2=CC=CC=C21,ASAP-0029791,Train,4.27,4.54,CN1CC2(CCN(C(=O)CC3=CN=CC4=CC=CC=C34)CC2)C2=CC=CC=C21,CN1CC2(CCN(C(=O)Cc3cncc4ccccc34)CC2)c2ccccc21
"O=C1N[C@@]2(CC[C@H](C3=CC=CC=C3)OC2)C(=O)N1C1=CN=CC2=CC=CC=C12 |&1:3,6|",ASAP-0000578,Train,4.34,5.2,O=C1N[C@@]2(CC[C@H](C3=CC=CC=C3)OC2)C(=O)N1C1=CN=CC2=CC=CC=C12,O=C1N[C@@]2(CC[C@H](c3ccccc3)OC2)C(=O)N1c1cncc2ccccc12
O=C(CC1=CN=CC2=CC=CC=C12)N1CCC2=NC=C(O)C=C2C1,ASAP-0031472,Train,4.24,,O=C(CC1=CN=CC2=CC=CC=C12)N1CCC2=NC=C(O)C=C2C1,O=C(Cc1cncc2ccccc12)N1CCc2ncc(O)cc2C1
C=C(CN(C(=O)[C@H]1CCOC2=CC=C(Cl)C=C21)C1=CN=CC2=CC=CC=C12)C(=O)N(C)C1=CC=CC=C1 |&1:6|,ASAP-0000544,Train,3.94,5.55,C=C(CN(C(=O)[C@H]1CCOC2=CC=C(Cl)C=C21)C1=CN=CC2=CC=CC=C12)C(=O)N(C)C1=CC=CC=C1,C=C(CN(C(=O)[C@H]1CCOc2ccc(Cl)cc21)c1cncc2ccccc12)C(=O)N(C)c1ccccc1
C=CC[C@H](NC1=CC=C2CNCC2=C1)C1=CC(Cl)=CC2=C1C=NN2 |&1:3|,ASAP-0029049,Train,4.35,4.65,C=CC[C@H](NC1=CC=C2CNCC2=C1)C1=CC(Cl)=CC2=C1C=NN2,C=CC[C@H](Nc1ccc2c(c1)CNC2)c1cc(Cl)cc2[nH]ncc12
CNC(=O)C[C@H]1CCCCN1C(=O)CC1=CN=CC2=CC=CC=C12 |a:5|,ASAP-0031863,Train,4.9,,CNC(=O)C[C@H]1CCCCN1C(=O)CC1=CN=CC2=CC=CC=C12,CNC(=O)C[C@H]1CCCCN1C(=O)Cc1cncc2ccccc12
"O=C(COS(=O)(=O)NCC1=CC=CC=C1)N1CCN(CC2=CC=CC(Cl)=C2)[C@H]2CS(=O)(=O)C[C@@H]21 |&1:27,33|",ASAP-0029722,Train,4.23,4.93,O=C(COS(=O)(=O)NCC1=CC=CC=C1)N1CCN(CC2=CC=CC(Cl)=C2)[C@H]2CS(=O)(=O)C[C@@H]21,O=C(COS(=O)(=O)NCc1ccccc1)N1CCN(Cc2cccc(Cl)c2)[C@H]2CS(=O)(=O)C[C@@H]21
O=C(CC1=CN=CC2=CC=CC=C12)N1CCC2(CC1)CC2(F)F,ASAP-0029564,Train,,5.2,O=C(CC1=CN=CC2=CC=CC=C12)N1CCC2(CC1)CC2(F)F,O=C(Cc1cncc2ccccc12)N1CCC2(CC1)CC2(F)F
C[C@H](C(=O)NC1=CN=CC2=CC=CC=C12)C1=CC=CC(Cl)=C1 |&1:1|,ASAP-0000720,Train,4.62,5.94,C[C@H](C(=O)NC1=CN=CC2=CC=CC=C12)C1=CC=CC(Cl)=C1,C[C@H](C(=O)Nc1cncc2ccccc12)c1cccc(Cl)c1
O=C(CC1=CN=CC2=CC=CC=C12)N1CCCCCC2=CC=CC=C2C1,ASAP-0008388,Train,5.36,5.79,O=C(CC1=CN=CC2=CC=CC=C12)N1CCCCCC2=CC=CC=C2C1,O=C(Cc1cncc2ccccc12)N1CCCCCc2ccccc2C1
O=C(N[C@H]1C2=CC=CC=C2C[C@H]1O)C1=CN=CC2=CC=CC=C12,ASAP-0000825,Train,3.76,,O=C(N[C@H]1C2=CC=CC=C2C[C@H]1O)C1=CN=CC2=CC=CC=C12,O=C(N[C@H]1c2ccccc2C[C@H]1O)c1cncc2ccccc12
"O=C(CC1=CN=CC2=CC=CC=C12)N1CCC[C@H]2CCC(F)(F)C[C@H]21 |&1:17,24|",ASAP-0008375,Train,4.42,4.46,O=C(CC1=CN=CC2=CC=CC=C12)N1CCC[C@H]2CCC(F)(F)C[C@H]21,O=C(Cc1cncc2ccccc12)N1CCC[C@H]2CCC(F)(F)C[C@H]21
COC1=CC=CC(CNC(=O)CN2C[C@@]3(C(=O)N(C4=CN=CC5=CC=CC=C45)C[C@@H]3C)C3=CC=CC=C3C2=O)=C1,ASAP-0000580,Train,5.87,6.31,COC1=CC=CC(CNC(=O)CN2C[C@@]3(C(=O)N(C4=CN=CC5=CC=CC=C45)C[C@@H]3C)C3=CC=CC=C3C2=O)=C1,COc1cccc(CNC(=O)CN2C[C@@]3(C(=O)N(c4cncc5ccccc45)C[C@@H]3C)c3ccccc3C2=O)c1
CCS(=O)(=O)N1CC2(C1)C(=O)N(C1=CN=CC3=CC=CC=C13)C(=O)N2C,ASAP-0000432,Train,4.18,4.76,CCS(=O)(=O)N1CC2(C1)C(=O)N(C1=CN=CC3=CC=CC=C13)C(=O)N2C,CCS(=O)(=O)N1CC2(C1)C(=O)N(c1cncc3ccccc13)C(=O)N2C
"C[C@H]1CCN2C(=O)N(C3=CN=CC4=CC=CC=C34)C(=O)[C@@H]2C1 |o1:1,20|",ASAP-0000238,Train,4.41,4.1,C[C@H]1CCN2C(=O)N(C3=CN=CC4=CC=CC=C34)C(=O)[C@@H]2C1,C[C@H]1CCN2C(=O)N(c3cncc4ccccc34)C(=O)[C@@H]2C1
CC(C)C[C@H]1CN(C(=O)COS(=O)(=O)N2CCOCC2)CCN1CC1=CC=CC(F)=C1 |&1:4|,ASAP-0010719,Train,4.44,5.95,CC(C)C[C@H]1CN(C(=O)COS(=O)(=O)N2CCOCC2)CCN1CC1=CC=CC(F)=C1,CC(C)C[C@H]1CN(C(=O)COS(=O)(=O)N2CCOCC2)CCN1Cc1cccc(F)c1
O=C(CC1=CN=CC2=CC=CC=C12)N1CC[C@H]1CC1=CC=CC=C1 |&1:16|,ASAP-0011469,Train,4.5,4.74,O=C(CC1=CN=CC2=CC=CC=C12)N1CC[C@H]1CC1=CC=CC=C1,O=C(Cc1cncc2ccccc12)N1CC[C@H]1Cc1ccccc1
CNC(=O)CN1C[C@@]2(C(=O)N(C3=CN=CC4=CC=CC=C34)C[C@@H]2CC2=CC=CC=C2)C2=CC(F)=CC=C2C1=O,ASAP-0008420,Train,5.68,6.96,CNC(=O)CN1C[C@@]2(C(=O)N(C3=CN=CC4=CC=CC=C34)C[C@@H]2CC2=CC=CC=C2)C2=CC(F)=CC=C2C1=O,CNC(=O)CN1C[C@@]2(C(=O)N(c3cncc4ccccc34)C[C@@H]2Cc2ccccc2)c2cc(F)ccc2C1=O
O=C(CC1=CN=CC2=CC=CC=C12)N1CCCC[C@H]1CC(F)(F)F |&1:18|,ASAP-0029414,Train,,4.32,O=C(CC1=CN=CC2=CC=CC=C12)N1CCCC[C@H]1CC(F)(F)F,O=C(Cc1cncc2ccccc12)N1CCCC[C@H]1CC(F)(F)F
"C=C(C(=O)O)[C@H]1C[C@]2(CN(CC(=O)OC(C)(C)C)C(=O)C3=CC=C(Cl)C=C32)C(=O)N1C1=CN=CC2=CC=CC=C12 |&1:5,&2:7|",ASAP-0016104,Train,3.56,5.53,C=C(C(=O)O)[C@H]1C[C@]2(CN(CC(=O)OC(C)(C)C)C(=O)C3=CC=C(Cl)C=C32)C(=O)N1C1=CN=CC2=CC=CC=C12,C=C(C(=O)O)[C@H]1C[C@]2(CN(CC(=O)OC(C)(C)C)C(=O)c3ccc(Cl)cc32)C(=O)N1c1cncc2ccccc12
O=C(CC1=CN=CC2=CC=CC=C12)N1CCCC2=C(C=CS2)C1,ASAP-0011173,Train,4.58,5.84,O=C(CC1=CN=CC2=CC=CC=C12)N1CCCC2=C(C=CS2)C1,O=C(Cc1cncc2ccccc12)N1CCCc2sccc2C1
CN(C[C@H]1CCCN1C(=O)CC1=CN=CC2=CC=CC=C12)C1=CC=CC=C1 |&1:3|,ASAP-0029885,Train,,4.91,CN(C[C@H]1CCCN1C(=O)CC1=CN=CC2=CC=CC=C12)C1=CC=CC=C1,CN(C[C@H]1CCCN1C(=O)Cc1cncc2ccccc12)c1ccccc1
O=C(CC1=CN=CC2=CC=CC=C12)N1CC[C@H](SC2=CC=CC(Cl)=C2)C1 |&1:16|,ASAP-0011460,Train,3.69,4.53,O=C(CC1=CN=CC2=CC=CC=C12)N1CC[C@H](SC2=CC=CC(Cl)=C2)C1,O=C(Cc1cncc2ccccc12)N1CC[C@H](Sc2cccc(Cl)c2)C1
O=C(CC1=CN=CC2=CC=CC=C12)N1CC[C@H](C(=O)N2CCCCCC2)C1 |&1:16|,ASAP-0011488,Train,9.0,,O=C(CC1=CN=CC2=CC=CC=C12)N1CC[C@H](C(=O)N2CCCCCC2)C1,O=C(Cc1cncc2ccccc12)N1CC[C@H](C(=O)N2CCCCCC2)C1
CC(=O)N[C@@H]1CCCN(C(=O)CC2=CN=CC3=CC=CC=C23)C1 |a:4|,ASAP-0031888,Train,4.24,,CC(=O)N[C@@H]1CCCN(C(=O)CC2=CN=CC3=CC=CC=C23)C1,CC(=O)N[C@@H]1CCCN(C(=O)Cc2cncc3ccccc23)C1
C=C(CN(C(=O)[C@H]1CCOC2=CC=C(Cl)C=C21)C1=CN=CC2=CC=CC=C12)C(=O)NC1=CC=C(Cl)C=C1 |&1:6|,ASAP-0000530,Train,4.33,5.18,C=C(CN(C(=O)[C@H]1CCOC2=CC=C(Cl)C=C21)C1=CN=CC2=CC=CC=C12)C(=O)NC1=CC=C(Cl)C=C1,C=C(CN(C(=O)[C@H]1CCOc2ccc(Cl)cc21)c1cncc2ccccc12)C(=O)Nc1ccc(Cl)cc1
O=C(NCC1=NC2=CC=CC=C2N1)C1=CN=CC2=CC=CC=C12,ASAP-0000863,Train,4.52,4.23,O=C(NCC1=NC2=CC=CC=C2N1)C1=CN=CC2=CC=CC=C12,O=C(NCc1nc2ccccc2[nH]1)c1cncc2ccccc12
O=C1C(C2=CC(Cl)=CC=C2)=CN=C(S)N1C1=CN=CC2=CC=CC=C12,ASAP-0000171,Train,5.04,6.86,O=C1C(C2=CC(Cl)=CC=C2)=CN=C(S)N1C1=CN=CC2=CC=CC=C12,O=c1c(-c2cccc(Cl)c2)cnc(S)n1-c1cncc2ccccc12
O=C(CC1=CN=CC2=CC=CC=C12)N1CC[C@@H](OC2=CC=C(F)C=C2)C1 |a:16|,ASAP-0029293,Train,,4.46,O=C(CC1=CN=CC2=CC=CC=C12)N1CC[C@@H](OC2=CC=C(F)C=C2)C1,O=C(Cc1cncc2ccccc12)N1CC[C@@H](Oc2ccc(F)cc2)C1
"C[C@H]1C[C@H](C2CCCCC2)CN1C(=O)CC1=CN=CC2=CC=CC=C12 |&1:1,&2:3|",ASAP-0029794,Train,,5.22,C[C@H]1C[C@H](C2CCCCC2)CN1C(=O)CC1=CN=CC2=CC=CC=C12,C[C@H]1C[C@H](C2CCCCC2)CN1C(=O)Cc1cncc2ccccc12
CC(C)[C@]1(C#N)CCN(C(=O)CC2=CN=CC3=CC=CC=C23)C1 |o1:3|,ASAP-0030983,Train,4.42,6.23,CC(C)[C@]1(C#N)CCN(C(=O)CC2=CN=CC3=CC=CC=C23)C1,CC(C)[C@]1(C#N)CCN(C(=O)Cc2cncc3ccccc23)C1
"O=C(CN1CC2=CC=C(Cl)C=C2[C@H](C(=O)NC2=CN=CC3=CC=CC=C23)C1)NCCOCCOCCOC1=CC=CC2=C1C(=O)N([C@H]1CCC(=O)NC1=O)C2=O |&1:12,&2:46|",ASAP-0010746,Train,4.94,5.9,O=C(CN1CC2=CC=C(Cl)C=C2[C@H](C(=O)NC2=CN=CC3=CC=CC=C23)C1)NCCOCCOCCOC1=CC=CC2=C1C(=O)N([C@H]1CCC(=O)NC1=O)C2=O,O=C(CN1Cc2ccc(Cl)cc2[C@H](C(=O)Nc2cncc3ccccc23)C1)NCCOCCOCCOc1cccc2c1C(=O)N([C@H]1CCC(=O)NC1=O)C2=O
O=C(CC1=CN=CC2=CC=CC=C12)N1CC[C@H](C2=CC=CC(Cl)=C2)C1 |&1:16|,ASAP-0011320,Train,3.97,5.04,O=C(CC1=CN=CC2=CC=CC=C12)N1CC[C@H](C2=CC=CC(Cl)=C2)C1,O=C(Cc1cncc2ccccc12)N1CC[C@H](c2cccc(Cl)c2)C1
O=C(CC1=CN=CC2=CC=CC=C12)N1CCC(CF)CC1,ASAP-0031275,Train,5.16,5.63,O=C(CC1=CN=CC2=CC=CC=C12)N1CCC(CF)CC1,O=C(Cc1cncc2ccccc12)N1CCC(CF)CC1
C[C@H]1CN(C2=CN=CC3=CC=CC=C23)C(=O)[C@@]12CN1CC(=O)NN=C1C1=CC=C(Cl)C=C12,ASAP-0011143,Train,5.64,6.35,C[C@H]1CN(C2=CN=CC3=CC=CC=C23)C(=O)[C@@]12CN1CC(=O)NN=C1C1=CC=C(Cl)C=C12,C[C@H]1CN(c2cncc3ccccc23)C(=O)[C@@]12CN1CC(=O)NN=C1c1ccc(Cl)cc12
C=C(CN(C(=O)[C@H]1CN(CC(=O)NC)CC2=CC=C(Cl)C=C21)C1=CN=CC2=CC=CC=C12)C(=O)NC1=CC=C2OCCOC2=C1,ASAP-0012230,Train,6.6,,C=C(CN(C(=O)[C@H]1CN(CC(=O)NC)CC2=CC=C(Cl)C=C21)C1=CN=CC2=CC=CC=C12)C(=O)NC1=CC=C2OCCOC2=C1,C=C(CN(C(=O)[C@H]1CN(CC(=O)NC)Cc2ccc(Cl)cc21)c1cncc2ccccc12)C(=O)Nc1ccc2c(c1)OCCO2
"C[C@H]1C[C@H](C2=CC=CC=C2)CCN1C(=O)CC1=CN=CC2=CC=CC=C12 |&1:1,&2:3|",ASAP-0029867,Train,,4.85,C[C@H]1C[C@H](C2=CC=CC=C2)CCN1C(=O)CC1=CN=CC2=CC=CC=C12,C[C@H]1C[C@H](c2ccccc2)CCN1C(=O)Cc1cncc2ccccc12
O=C1C[C@H](CC2=CC=CC=C2)C(=O)N1C1=CN=CC2=CC=CC=C12 |&1:3|,ASAP-0000524,Train,3.85,4.62,O=C1C[C@H](CC2=CC=CC=C2)C(=O)N1C1=CN=CC2=CC=CC=C12,O=C1C[C@H](Cc2ccccc2)C(=O)N1c1cncc2ccccc12
O=C(CC1=CN=CC2=CC=CC=C12)N1CCC2(C[C@H]1C(F)(F)F)OCCO2 |&1:18|,ASAP-0029809,Train,,4.78,O=C(CC1=CN=CC2=CC=CC=C12)N1CCC2(C[C@H]1C(F)(F)F)OCCO2,O=C(Cc1cncc2ccccc12)N1CCC2(C[C@H]1C(F)(F)F)OCCO2
"O=C(CC1=CN=CC2=CC=CC=C12)N1CCC[C@H](C[C@H]2CCOC2)C1 |&1:17,&2:19|",ASAP-0011489,Train,4.33,4.33,O=C(CC1=CN=CC2=CC=CC=C12)N1CCC[C@H](C[C@H]2CCOC2)C1,O=C(Cc1cncc2ccccc12)N1CCC[C@H](C[C@H]2CCOC2)C1
CN1C[C@H](C(=O)NC2=CN=CC3=CC=CC=C23)C2=CC(C3CC3)=CC=C2C1=O |o1:3|,ASAP-0008401,Train,5.89,5.55,CN1C[C@H](C(=O)NC2=CN=CC3=CC=CC=C23)C2=CC(C3CC3)=CC=C2C1=O,CN1C[C@H](C(=O)Nc2cncc3ccccc23)c2cc(C3CC3)ccc2C1=O
"COC[C@H]1CC[C@@H](C2=CC=C(F)C=C2)N1C(=O)CC1=CN=CC2=CC=CC=C12 |a:3,6|",ASAP-0029465,Train,,5.01,COC[C@H]1CC[C@@H](C2=CC=C(F)C=C2)N1C(=O)CC1=CN=CC2=CC=CC=C12,COC[C@H]1CC[C@@H](c2ccc(F)cc2)N1C(=O)Cc1cncc2ccccc12
O=C(CC1=CN=CC2=CC=CC=C12)N1CCC[C@H]1CC1CCCCC1 |&1:17|,ASAP-0011456,Train,5.29,5.05,O=C(CC1=CN=CC2=CC=CC=C12)N1CCC[C@H]1CC1CCCCC1,O=C(Cc1cncc2ccccc12)N1CCC[C@H]1CC1CCCCC1
O=C(CC1=CN=CC2=CC=CC=C12)N1CCC(C(=O)N2CCCC2)CC1,ASAP-0011514,Train,6.83,,O=C(CC1=CN=CC2=CC=CC=C12)N1CCC(C(=O)N2CCCC2)CC1,O=C(Cc1cncc2ccccc12)N1CCC(C(=O)N2CCCC2)CC1
CN(C1=CC=CC=C1)[C@H]1CCN(C(=O)CC2=CN=CC3=CC=CC=C23)C1 |&1:8|,ASAP-0011500,Train,4.25,4.51,CN(C1=CC=CC=C1)[C@H]1CCN(C(=O)CC2=CN=CC3=CC=CC=C23)C1,CN(c1ccccc1)[C@H]1CCN(C(=O)Cc2cncc3ccccc23)C1
"C[C@H]1CCOC[C@@]12NC(=O)N(C1=CN=CC3=CC=CC=C13)C2=O |&1:1,6|",ASAP-0000376,Train,4.25,,C[C@H]1CCOC[C@@]12NC(=O)N(C1=CN=CC3=CC=CC=C13)C2=O,C[C@H]1CCOC[C@@]12NC(=O)N(c1cncc3ccccc13)C2=O
CN1C2=CC=CC=C2N(CCNC(=O)C2=CN=CC3=CC=CC=C23)S1(=O)=O,ASAP-0000810,Train,4.3,4.15,CN1C2=CC=CC=C2N(CCNC(=O)C2=CN=CC3=CC=CC=C23)S1(=O)=O,CN1c2ccccc2N(CCNC(=O)c2cncc3ccccc23)S1(=O)=O
"O=C(CN1CC2=CC=C(Cl)C=C2[C@H](C(=O)NC2=CN=CC3=CC=CC=C23)C1)NCCOCCOCCOCCOC1=CC=CC2=C1C(=O)N([C@H]1CCC(=O)NC1=O)C2=O |&1:12,&2:49|",ASAP-0010736,Train,5.42,6.47,O=C(CN1CC2=CC=C(Cl)C=C2[C@H](C(=O)NC2=CN=CC3=CC=CC=C23)C1)NCCOCCOCCOCCOC1=CC=CC2=C1C(=O)N([C@H]1CCC(=O)NC1=O)C2=O,O=C(CN1Cc2ccc(Cl)cc2[C@H](C(=O)Nc2cncc3ccccc23)C1)NCCOCCOCCOCCOc1cccc2c1C(=O)N([C@H]1CCC(=O)NC1=O)C2=O
CN(C)C(=O)CN(CC1=CC=CC=C1)C(=O)CC1=CN=CC2=CC=CC=C12,ASAP-0008631,Train,4.92,4.55,CN(C)C(=O)CN(CC1=CC=CC=C1)C(=O)CC1=CN=CC2=CC=CC=C12,CN(C)C(=O)CN(Cc1ccccc1)C(=O)Cc1cncc2ccccc12
O=C(CN1CC2=CC=C(Cl)C=C2[C@H](C(=O)NC2=CN=CC3=CC=CC=C23)C1)NCCC1=CC=C(Cl)C(Cl)=C1 |&1:12|,ASAP-0000225,Train,5.77,7.15,O=C(CN1CC2=CC=C(Cl)C=C2[C@H](C(=O)NC2=CN=CC3=CC=CC=C23)C1)NCCC1=CC=C(Cl)C(Cl)=C1,O=C(CN1Cc2ccc(Cl)cc2[C@H](C(=O)Nc2cncc3ccccc23)C1)NCCc1ccc(Cl)c(Cl)c1
CNC(=O)[C@@H](C)N1C[C@H](C(=O)NC2=CN=CC3=CC=CC=C23)C2=CC(Cl)=CC=C2C1=O |o1:8|,ASAP-0008667,Train,4.52,5.98,CNC(=O)[C@@H](C)N1C[C@H](C(=O)NC2=CN=CC3=CC=CC=C23)C2=CC(Cl)=CC=C2C1=O,CNC(=O)[C@@H](C)N1C[C@H](C(=O)Nc2cncc3ccccc23)c2cc(Cl)ccc2C1=O
O=C(CC1=CN=CC2=CC=CC=C12)N1CC[C@H](N2C=CN=C2)C1 |&1:16|,ASAP-0011366,Train,4.25,,O=C(CC1=CN=CC2=CC=CC=C12)N1CC[C@H](N2C=CN=C2)C1,O=C(Cc1cncc2ccccc12)N1CC[C@H](n2ccnc2)C1
CC1=CC(C)=NC([C@H]2CCN(C(=O)CC3=CN=CC4=CC=CC=C34)C2)=N1 |&1:7|,ASAP-0011510,Train,9.0,,CC1=CC(C)=NC([C@H]2CCN(C(=O)CC3=CN=CC4=CC=CC=C34)C2)=N1,Cc1cc(C)nc([C@H]2CCN(C(=O)Cc3cncc4ccccc34)C2)n1
CN1C[C@H](C(=O)NC2=CN=CC3=CC=CC=C23)C2=CC(C#N)=CC=C2C1=O |o1:3|,ASAP-0008434,Train,4.15,4.92,CN1C[C@H](C(=O)NC2=CN=CC3=CC=CC=C23)C2=CC(C#N)=CC=C2C1=O,CN1C[C@H](C(=O)Nc2cncc3ccccc23)c2cc(C#N)ccc2C1=O
COC1=CC=CC([C@]2(F)CCN(C(=O)CC3=CN=CC4=CC=CC=C34)C2)=C1 |&1:7|,ASAP-0029907,Train,,4.87,COC1=CC=CC([C@]2(F)CCN(C(=O)CC3=CN=CC4=CC=CC=C34)C2)=C1,COc1cccc([C@]2(F)CCN(C(=O)Cc3cncc4ccccc34)C2)c1
O=C(CC1=CN=CC2=CC=CC=C12)N1CCC[C@H]1C=CC1=CC=CS1 |&1:17|,ASAP-0029365,Train,,4.88,O=C(CC1=CN=CC2=CC=CC=C12)N1CCC[C@H]1C=CC1=CC=CS1,O=C(Cc1cncc2ccccc12)N1CCC[C@H]1C=Cc1cccs1
"O=C(CC1=CN=CC2=CC=CC=C12)N1C[C@H]2CC[C@H]2[C@H]1C1=CC=CC=C1 |o1:15,18,19|",ASAP-0031012,Train,5.02,5.44,O=C(CC1=CN=CC2=CC=CC=C12)N1C[C@H]2CC[C@H]2[C@H]1C1=CC=CC=C1,O=C(Cc1cncc2ccccc12)N1C[C@H]2CC[C@H]2[C@H]1c1ccccc1
CC1=CC(NC(=O)NC2=CN(CC(C)C)C(=O)C3=CC=CC=C23)=NO1,ASAP-0012422,Train,5.03,5.2,CC1=CC(NC(=O)NC2=CN(CC(C)C)C(=O)C3=CC=CC=C23)=NO1,Cc1cc(NC(=O)Nc2cn(CC(C)C)c(=O)c3ccccc23)no1
CN1CCN(C(=O)CCCNC(=O)C2=CN=CC3=CC=CC=C23)CC1,ASAP-0000833,Train,4.37,,CN1CCN(C(=O)CCCNC(=O)C2=CN=CC3=CC=CC=C23)CC1,CN1CCN(C(=O)CCCNC(=O)c2cncc3ccccc23)CC1
N=C(N)NCCC1=CC=CC(B(O)O)=C1,ASAP-0008425,Train,6.61,,N=C(N)NCCC1=CC=CC(B(O)O)=C1,N=C(N)NCCc1cccc(B(O)O)c1
CC1=CC=C2NC=C(CCNC(=O)C3=CN=CC4=CC=CC=C34)C2=N1,ASAP-0008250,Train,4.25,,CC1=CC=C2NC=C(CCNC(=O)C3=CN=CC4=CC=CC=C34)C2=N1,Cc1ccc2[nH]cc(CCNC(=O)c3cncc4ccccc34)c2n1
COC[C@H]1C2=C(CCN1C(=O)CC1=CN=CC3=CC=CC=C13)SC=C2 |&1:3|,ASAP-0031592,Train,5.23,6.3,COC[C@H]1C2=C(CCN1C(=O)CC1=CN=CC3=CC=CC=C13)SC=C2,COC[C@H]1c2ccsc2CCN1C(=O)Cc1cncc2ccccc12
O=C(CC1=CN=CC2=CC=CC=C12)N1CCC[C@H]1C1=C(F)C=CC(Cl)=C1F |&1:17|,ASAP-0008410,Train,3.87,5.38,O=C(CC1=CN=CC2=CC=CC=C12)N1CCC[C@H]1C1=C(F)C=CC(Cl)=C1F,O=C(Cc1cncc2ccccc12)N1CCC[C@H]1c1c(F)ccc(Cl)c1F
C=CC(=O)NC1=CC=CC(N(CC2=CC=C(Cl)C=C2Cl)C(=O)CC2=CN=CC3=CC=CC=C23)=C1,ASAP-0011042,Train,4.99,4.22,C=CC(=O)NC1=CC=CC(N(CC2=CC=C(Cl)C=C2Cl)C(=O)CC2=CN=CC3=CC=CC=C23)=C1,C=CC(=O)Nc1cccc(N(Cc2ccc(Cl)cc2Cl)C(=O)Cc2cncc3ccccc23)c1
COC1=CC=CC=C1C[C@H]1CCCN1C(=O)CC1=CN=CC2=CC=CC=C12 |&1:9|,ASAP-0029522,Train,,4.41,COC1=CC=CC=C1C[C@H]1CCCN1C(=O)CC1=CN=CC2=CC=CC=C12,COc1ccccc1C[C@H]1CCCN1C(=O)Cc1cncc2ccccc12
O=C(NCC1=CC=CS1)[C@@H]1CN(C(=O)C2=CC=CN=C2)CCN1C1=CC=C(Cl)C(Cl)=C1,ASAP-0008597,Train,4.24,6.91,O=C(NCC1=CC=CS1)[C@@H]1CN(C(=O)C2=CC=CN=C2)CCN1C1=CC=C(Cl)C(Cl)=C1,O=C(NCc1cccs1)[C@@H]1CN(C(=O)c2cccnc2)CCN1c1ccc(Cl)c(Cl)c1
O=C1N[C@@H](CC2=CC=CC=C2)C(=O)N1C1=CN=CC2=CC=CC=C12,ASAP-0000527,Train,4.36,4.4,O=C1N[C@@H](CC2=CC=CC=C2)C(=O)N1C1=CN=CC2=CC=CC=C12,O=C1N[C@@H](Cc2ccccc2)C(=O)N1c1cncc2ccccc12
O=C1N[C@]2(CCOC3=CC=C(CO)C=C32)C(=O)N1C1=CN=CC2=CC=CC=C12 |&1:3|,ASAP-0000735,Train,4.52,4.87,O=C1N[C@]2(CCOC3=CC=C(CO)C=C32)C(=O)N1C1=CN=CC2=CC=CC=C12,O=C1N[C@]2(CCOc3ccc(CO)cc32)C(=O)N1c1cncc2ccccc12
O=C(CN1CC2=CC=C(Cl)C=C2[C@H](C(=O)NC2=CN=CC3=CC=CC=C23)C1)NCC1=CC=CC(Cl)=C1 |&1:12|,ASAP-0000162,Train,5.52,7.02,O=C(CN1CC2=CC=C(Cl)C=C2[C@H](C(=O)NC2=CN=CC3=CC=CC=C23)C1)NCC1=CC=CC(Cl)=C1,O=C(CN1Cc2ccc(Cl)cc2[C@H](C(=O)Nc2cncc3ccccc23)C1)NCc1cccc(Cl)c1
O=C(CC1=CN=CC2=CC=CC=C12)N1CC[C@]2(CC(C(F)F)=NO2)C1 |&1:16|,ASAP-0029482,Train,,4.62,O=C(CC1=CN=CC2=CC=CC=C12)N1CC[C@]2(CC(C(F)F)=NO2)C1,O=C(Cc1cncc2ccccc12)N1CC[C@]2(CC(C(F)F)=NO2)C1
"CNC(=O)CN1C[C@@]2(C(=O)N(C3=CN=CC4=CC=CC=C34)C[C@@H]2CNC2=CC=NN2)C2=CC(Cl)=CC=C2C1=O |a:7,22|",ASAP-0014608,Train,6.3,8.1,CNC(=O)CN1C[C@@]2(C(=O)N(C3=CN=CC4=CC=CC=C34)C[C@@H]2CNC2=CC=NN2)C2=CC(Cl)=CC=C2C1=O,CNC(=O)CN1C[C@@]2(C(=O)N(c3cncc4ccccc34)C[C@@H]2CNc2ccn[nH]2)c2cc(Cl)ccc2C1=O
CN(CC1=CC=C2C=CNC2=C1)C(=O)C1=CN=CC2=CC=CC=C12,ASAP-0000830,Train,4.19,,CN(CC1=CC=C2C=CNC2=C1)C(=O)C1=CN=CC2=CC=CC=C12,CN(Cc1ccc2cc[nH]c2c1)C(=O)c1cncc2ccccc12
"C[C@H]1C[C@H](C)N(C(=O)CC2=CN=CC3=CC=CC=C23)C1 |&1:1,&2:3|",ASAP-0029882,Train,4.26,4.38,C[C@H]1C[C@H](C)N(C(=O)CC2=CN=CC3=CC=CC=C23)C1,C[C@H]1C[C@H](C)N(C(=O)Cc2cncc3ccccc23)C1
"CNCCN1C[C@@]2(C(=O)N(C3=CN=CC4=CC=CC=C34)C[C@@H]2COCC2(F)CC2)C2=CC(Cl)=CC=C2C1=O |a:6,21|",ASAP-0016433,Train,5.64,7.7,CNCCN1C[C@@]2(C(=O)N(C3=CN=CC4=CC=CC=C34)C[C@@H]2COCC2(F)CC2)C2=CC(Cl)=CC=C2C1=O,CNCCN1C[C@@]2(C(=O)N(c3cncc4ccccc34)C[C@@H]2COCC2(F)CC2)c2cc(Cl)ccc2C1=O
NC(=O)C1=CC=C2OCC[C@]3(NC(=O)N(C4=CN=CC5=CC=CC=C45)C3=O)C2=C1 |&1:10|,ASAP-0000529,Train,4.34,4.85,NC(=O)C1=CC=C2OCC[C@]3(NC(=O)N(C4=CN=CC5=CC=CC=C45)C3=O)C2=C1,NC(=O)c1ccc2c(c1)[C@]1(CCO2)NC(=O)N(c2cncc3ccccc23)C1=O
O=C(CC1=CN=CC2=CC=CC=C12)N1CCC2(CCO2)CC1,ASAP-0029596,Train,,4.57,O=C(CC1=CN=CC2=CC=CC=C12)N1CCC2(CCO2)CC1,O=C(Cc1cncc2ccccc12)N1CCC2(CCO2)CC1
O=C1[C@H]2CCCCN2C(=O)N1C1=CN=CC2=CC=CC=C12,ASAP-0000178,Train,4.26,,O=C1[C@H]2CCCCN2C(=O)N1C1=CN=CC2=CC=CC=C12,O=C1[C@H]2CCCCN2C(=O)N1c1cncc2ccccc12
C[C@H]1CN(C2=CN=CC3=CC=CC=C23)C(=O)[C@@]12CN1N=NC=C1C1=CC=C(Cl)C=C12,ASAP-0008364,Train,5.16,6.18,C[C@H]1CN(C2=CN=CC3=CC=CC=C23)C(=O)[C@@]12CN1N=NC=C1C1=CC=C(Cl)C=C12,C[C@H]1CN(c2cncc3ccccc23)C(=O)[C@@]12Cn1nncc1-c1ccc(Cl)cc12
O=C(NCCC1=CNC2=NC=C(Cl)C=C12)C1=CN=CC2=CC=CC=C12,ASAP-0000846,Train,4.06,4.32,O=C(NCCC1=CNC2=NC=C(Cl)C=C12)C1=CN=CC2=CC=CC=C12,O=C(NCCc1c[nH]c2ncc(Cl)cc12)c1cncc2ccccc12
"C[C@H]1CCN2C(=O)N(C3=CN=CC4=CC=CC=C34)C(=O)[C@H]2C1 |o1:1,20|",ASAP-0000273,Train,3.96,4.12,C[C@H]1CCN2C(=O)N(C3=CN=CC4=CC=CC=C34)C(=O)[C@H]2C1,C[C@H]1CCN2C(=O)N(c3cncc4ccccc34)C(=O)[C@H]2C1
CN1C(=O)N(C2=CN=CC3=CC=CC=C23)C(=O)[C@H]1CC1=CC=CC=C1,ASAP-0000574,Train,4.46,4.06,CN1C(=O)N(C2=CN=CC3=CC=CC=C23)C(=O)[C@H]1CC1=CC=CC=C1,CN1C(=O)N(c2cncc3ccccc23)C(=O)[C@H]1Cc1ccccc1
O=C(C1=CN=CC2=CC=CC=C12)N1CCCC[C@H]1C1=CC=CC=C1,ASAP-0000823,Train,4.39,,O=C(C1=CN=CC2=CC=CC=C12)N1CCCC[C@H]1C1=CC=CC=C1,O=C(c1cncc2ccccc12)N1CCCC[C@H]1c1ccccc1
C[C@H]1CN(C2=CN=CC3=CC=CC=C23)C(=O)[C@@]12CN(CC(=O)NC(C)(C)C)C(=O)C1=CC=C(F)C=C12,ASAP-0011181,Train,5.11,6.53,C[C@H]1CN(C2=CN=CC3=CC=CC=C23)C(=O)[C@@]12CN(CC(=O)NC(C)(C)C)C(=O)C1=CC=C(F)C=C12,C[C@H]1CN(c2cncc3ccccc23)C(=O)[C@@]12CN(CC(=O)NC(C)(C)C)C(=O)c1ccc(F)cc12
O=C(CC1=CN=CC2=CC=CC=C12)N1CCCN2C=CC=C2C1,ASAP-0008626,Train,4.67,4.51,O=C(CC1=CN=CC2=CC=CC=C12)N1CCCN2C=CC=C2C1,O=C(Cc1cncc2ccccc12)N1CCCn2cccc2C1
"COC1=CC=CC=C1[C@@H]1C[C@H](C)CCN1C(=O)CC1=CN=CC2=CC=CC=C12 |&1:8,10|",ASAP-0029303,Train,6.22,5.98,COC1=CC=CC=C1[C@@H]1C[C@H](C)CCN1C(=O)CC1=CN=CC2=CC=CC=C12,COc1ccccc1[C@@H]1C[C@H](C)CCN1C(=O)Cc1cncc2ccccc12
"O=C(CN1CC2=CC=C(Cl)C=C2[C@H](C(=O)NC2=CN=CC3=CC=CC=C23)C1)NCCOCCOCCOCCOCCOC1=CC=CC2=C1C(=O)N([C@H]1CCC(=O)NC1=O)C2=O |&1:12,&2:52|",ASAP-0010750,Train,5.41,6.35,O=C(CN1CC2=CC=C(Cl)C=C2[C@H](C(=O)NC2=CN=CC3=CC=CC=C23)C1)NCCOCCOCCOCCOCCOC1=CC=CC2=C1C(=O)N([C@H]1CCC(=O)NC1=O)C2=O,O=C(CN1Cc2ccc(Cl)cc2[C@H](C(=O)Nc2cncc3ccccc23)C1)NCCOCCOCCOCCOCCOc1cccc2c1C(=O)N([C@H]1CCC(=O)NC1=O)C2=O
O=C(CC1=CN=CC2=CC=CC=C12)N1CCC[C@H](C2CCC2)CC1 |&1:17|,ASAP-0011449,Train,4.07,5.48,O=C(CC1=CN=CC2=CC=CC=C12)N1CCC[C@H](C2CCC2)CC1,O=C(Cc1cncc2ccccc12)N1CCC[C@H](C2CCC2)CC1
"CO[C@@H]1C[C@@H]2C[C@H]1CN2C(=O)CC1=CN=CC2=CC=CC=C12 |&1:2,4,6|",ASAP-0029734,Train,,4.27,CO[C@@H]1C[C@@H]2C[C@H]1CN2C(=O)CC1=CN=CC2=CC=CC=C12,CO[C@@H]1C[C@@H]2C[C@H]1CN2C(=O)Cc1cncc2ccccc12
CNC(=O)CN1C[C@]2(C(=O)N(C3=CN=CC4=CC=CC=C34)CC2(C)C)C2=C(C=CC(Cl)=C2)C1=O |o1:7|,ASAP-0000275,Train,4.13,5.18,CNC(=O)CN1C[C@]2(C(=O)N(C3=CN=CC4=CC=CC=C34)CC2(C)C)C2=C(C=CC(Cl)=C2)C1=O,CNC(=O)CN1C[C@]2(C(=O)N(c3cncc4ccccc34)CC2(C)C)c2cc(Cl)ccc2C1=O
CC1(C(F)(F)F)CCN(C(=O)CC2=CN=CC3=CC=CC=C23)CC1,ASAP-0031865,Train,5.14,6.11,CC1(C(F)(F)F)CCN(C(=O)CC2=CN=CC3=CC=CC=C23)CC1,CC1(C(F)(F)F)CCN(C(=O)Cc2cncc3ccccc23)CC1
O=C(CC1=CN=CC2=CC=CC=C12)N1CCC(CC2CCC2)CC1,ASAP-0011334,Train,4.39,4.97,O=C(CC1=CN=CC2=CC=CC=C12)N1CCC(CC2CCC2)CC1,O=C(Cc1cncc2ccccc12)N1CCC(CC2CCC2)CC1
O=C(CC1=CN=CC2=CC=CC=C12)N1CC[C@H](C2=CC=CS2)C1 |&1:16|,ASAP-0029536,Train,,5.11,O=C(CC1=CN=CC2=CC=CC=C12)N1CC[C@H](C2=CC=CS2)C1,O=C(Cc1cncc2ccccc12)N1CC[C@H](c2cccs2)C1
O=C(CC1=CN=CC2=CC=CC=C12)N1CCSC[C@H]1C1=CC=CS1 |&1:18|,ASAP-0011235,Train,4.63,5.27,O=C(CC1=CN=CC2=CC=CC=C12)N1CCSC[C@H]1C1=CC=CS1,O=C(Cc1cncc2ccccc12)N1CCSC[C@H]1c1cccs1
C=C(CN(C(=O)C1CCOC2=C1C=C(Cl)C=C2)C1=CN=CC2=CC=CC=C12)C(N)=O,ASAP-0000147,Train,4.81,5.56,C=C(CN(C(=O)C1CCOC2=C1C=C(Cl)C=C2)C1=CN=CC2=CC=CC=C12)C(N)=O,C=C(CN(C(=O)C1CCOc2ccc(Cl)cc21)c1cncc2ccccc12)C(N)=O
O=C(CC1=CN=CC2=CC=CC=C12)N1CC[C@H](CC2=CC=NC=C2)C1 |&1:16|,ASAP-0011378,Train,4.26,,O=C(CC1=CN=CC2=CC=CC=C12)N1CC[C@H](CC2=CC=NC=C2)C1,O=C(Cc1cncc2ccccc12)N1CC[C@H](Cc2ccncc2)C1
C=C1CN(C2=CN=CC3=CC=CC=C23)C(=O)[C@]12CN(CC1=CC=C(OC)C=C1OC)C(=O)C1=CC=C(F)C=C12 |&1:16|,ASAP-0010725,Train,5.28,7.0,C=C1CN(C2=CN=CC3=CC=CC=C23)C(=O)[C@]12CN(CC1=CC=C(OC)C=C1OC)C(=O)C1=CC=C(F)C=C12,C=C1CN(c2cncc3ccccc23)C(=O)[C@]12CN(Cc1ccc(OC)cc1OC)C(=O)c1ccc(F)cc12
O=C1N[C@]2(CCOC3=CC=CC=C32)C(=O)N1C1=CN=CC2=CC=CC=C12 |&1:3|,ASAP-0000732,Train,4.63,4.82,O=C1N[C@]2(CCOC3=CC=CC=C32)C(=O)N1C1=CN=CC2=CC=CC=C12,O=C1N[C@]2(CCOc3ccccc32)C(=O)N1c1cncc2ccccc12
"O=C(CC1=CN=CC2=CC=CC=C12)N1C[C@@H]2[C@H](C1)[C@@H]2C(F)(F)F |a:15,16,18|",ASAP-0029545,Train,,4.3,O=C(CC1=CN=CC2=CC=CC=C12)N1C[C@@H]2[C@H](C1)[C@@H]2C(F)(F)F,O=C(Cc1cncc2ccccc12)N1C[C@@H]2[C@H](C1)[C@@H]2C(F)(F)F
CC(=O)N1CC2(C1)C(=O)N(C1=CN=CC3=CC=CC=C13)C(=O)N2C,ASAP-0000152,Train,4.8,,CC(=O)N1CC2(C1)C(=O)N(C1=CN=CC3=CC=CC=C13)C(=O)N2C,CC(=O)N1CC2(C1)C(=O)N(c1cncc3ccccc13)C(=O)N2C
"C[C@H]1CCN(C(=O)CC2=CN=CC3=CC=CC=C23)[C@H]2C(=O)NC[C@@H]12 |o1:1,18,23|",ASAP-0031128,Train,4.65,5.21,C[C@H]1CCN(C(=O)CC2=CN=CC3=CC=CC=C23)[C@H]2C(=O)NC[C@@H]12,C[C@H]1CCN(C(=O)Cc2cncc3ccccc23)[C@H]2C(=O)NC[C@@H]12
CN1CCN(CC2=CC=CC=C2B2OC(C)(C)C(C)(C)O2)CC1,ASAP-0013401,Train,3.61,,CN1CCN(CC2=CC=CC=C2B2OC(C)(C)C(C)(C)O2)CC1,CN1CCN(Cc2ccccc2B2OC(C)(C)C(C)(C)O2)CC1
O=C(CC1=CN=CC2=CC=CC=C12)N1CCC[C@H]1C1=CN=C2C=CC=CC2=C1 |&1:17|,ASAP-0011400,Train,4.06,4.01,O=C(CC1=CN=CC2=CC=CC=C12)N1CCC[C@H]1C1=CN=C2C=CC=CC2=C1,O=C(Cc1cncc2ccccc12)N1CCC[C@H]1c1cnc2ccccc2c1
CN1C[C@H](C(=O)NC2=CN=CC3=CC=CC=C23)C2=CC(C(F)(F)F)=CC=C2C1=O |o1:3|,ASAP-0008360,Train,4.32,4.75,CN1C[C@H](C(=O)NC2=CN=CC3=CC=CC=C23)C2=CC(C(F)(F)F)=CC=C2C1=O,CN1C[C@H](C(=O)Nc2cncc3ccccc23)c2cc(C(F)(F)F)ccc2C1=O
O=C(CC1=CN=CC2=CC=CC=C12)N1CCCC[C@H](C2=CC=CC=C2)C1 |&1:18|,ASAP-0011451,Train,4.23,4.78,O=C(CC1=CN=CC2=CC=CC=C12)N1CCCC[C@H](C2=CC=CC=C2)C1,O=C(Cc1cncc2ccccc12)N1CCCC[C@H](c2ccccc2)C1
"C[C@H]1CN(C2=CN=CC3=CC=CC=C23)C(=O)[C@@]12CN(CC1=NN=NN1)C(=O)C1=CC=C(F)C=C12 |a:1,16|",ASAP-0014554,Train,4.56,5.67,C[C@H]1CN(C2=CN=CC3=CC=CC=C23)C(=O)[C@@]12CN(CC1=NN=NN1)C(=O)C1=CC=C(F)C=C12,C[C@H]1CN(c2cncc3ccccc23)C(=O)[C@@]12CN(Cc1nnn[nH]1)C(=O)c1ccc(F)cc12
CC1=C(CCNC(=O)C2=CN=CC3=CC=CC=C23)C2=CC(O)=CC=C2N1,ASAP-0000817,Train,4.23,,CC1=C(CCNC(=O)C2=CN=CC3=CC=CC=C23)C2=CC(O)=CC=C2N1,Cc1[nH]c2ccc(O)cc2c1CCNC(=O)c1cncc2ccccc12
O=C(NCCC1=CNC2=CC(F)=CC=C12)C1=CN=CC2=CC=CC=C12,ASAP-0000796,Train,4.05,,O=C(NCCC1=CNC2=CC(F)=CC=C12)C1=CN=CC2=CC=CC=C12,O=C(NCCc1c[nH]c2cc(F)ccc12)c1cncc2ccccc12
O=C(CC1=CN=CC2=CC=CC=C12)N1CC[C@]2(CCCC3=CC=CC=C32)C1 |&1:16|,ASAP-0029346,Train,,5.26,O=C(CC1=CN=CC2=CC=CC=C12)N1CC[C@]2(CCCC3=CC=CC=C32)C1,O=C(Cc1cncc2ccccc12)N1CC[C@]2(CCCc3ccccc32)C1
CC(C)C[C@H]1CN(C(=O)COS(=O)(=O)N(C)C)CCN1CC1=CC=CC(Cl)=C1 |&1:4|,ASAP-0000518,Train,4.02,5.99,CC(C)C[C@H]1CN(C(=O)COS(=O)(=O)N(C)C)CCN1CC1=CC=CC(Cl)=C1,CC(C)C[C@H]1CN(C(=O)COS(=O)(=O)N(C)C)CCN1Cc1cccc(Cl)c1
O=C(CCl)N[C@H](C1=CC=CC(Cl)=C1)C1=NC=CS1 |&1:5|,ASAP-0000492,Train,4.25,,O=C(CCl)N[C@H](C1=CC=CC(Cl)=C1)C1=NC=CS1,O=C(CCl)N[C@H](c1cccc(Cl)c1)c1nccs1
CN(CCC1=CC=CC=C1)C(=O)CN1CC2=CC=C(Cl)C=C2[C@H](C(=O)NC2=CN=CC3=CC=CC=C23)C1 |&1:22|,ASAP-0000170,Train,5.04,6.01,CN(CCC1=CC=CC=C1)C(=O)CN1CC2=CC=C(Cl)C=C2[C@H](C(=O)NC2=CN=CC3=CC=CC=C23)C1,CN(CCc1ccccc1)C(=O)CN1Cc2ccc(Cl)cc2[C@H](C(=O)Nc2cncc3ccccc23)C1
CN1C(=O)N(C2=CN=CC3=CC=CC=C23)C(=O)C12CN(CC1=CC=CC=C1)C2,ASAP-0000150,Train,4.84,5.4,CN1C(=O)N(C2=CN=CC3=CC=CC=C23)C(=O)C12CN(CC1=CC=CC=C1)C2,CN1C(=O)N(c2cncc3ccccc23)C(=O)C12CN(Cc1ccccc1)C2
CNS(=O)(=O)[C@H]1CCCN(C(=O)CC2=CN=CC3=CC=CC=C23)C1 |&1:5|,ASAP-0029282,Train,,4.25,CNS(=O)(=O)[C@H]1CCCN(C(=O)CC2=CN=CC3=CC=CC=C23)C1,CNS(=O)(=O)[C@H]1CCCN(C(=O)Cc2cncc3ccccc23)C1
CN[C@@H](C)CN1C[C@H](C(=O)NC2=CN=CC3=CC=CC=C23)C2=CC(Cl)=CC=C2C1=O |&1:7|,ASAP-0010742,Train,5.42,6.79,CN[C@@H](C)CN1C[C@H](C(=O)NC2=CN=CC3=CC=CC=C23)C2=CC(Cl)=CC=C2C1=O,CN[C@@H](C)CN1C[C@H](C(=O)Nc2cncc3ccccc23)c2cc(Cl)ccc2C1=O
O=C(CC1=CN=CC2=CC=CC=C12)N1CCC(C2=CC=NO2)CC1,ASAP-0029418,Train,,4.87,O=C(CC1=CN=CC2=CC=CC=C12)N1CCC(C2=CC=NO2)CC1,O=C(Cc1cncc2ccccc12)N1CCC(c2ccno2)CC1
COCC1(F)CCN(C(=O)CC2=CN=CC3=CC=CC=C23)CC1,ASAP-0029818,Train,,4.63,COCC1(F)CCN(C(=O)CC2=CN=CC3=CC=CC=C23)CC1,COCC1(F)CCN(C(=O)Cc2cncc3ccccc23)CC1
O=C(NCC1=CC=CC=N1)[C@H]1CN(C(=O)COS(=O)(=O)NC2=CC=CC=C2)CCN1S(=O)(=O)C1=CSC=C1 |&1:10|,ASAP-0000637,Train,4.18,4.75,O=C(NCC1=CC=CC=N1)[C@H]1CN(C(=O)COS(=O)(=O)NC2=CC=CC=C2)CCN1S(=O)(=O)C1=CSC=C1,O=C(NCc1ccccn1)[C@H]1CN(C(=O)COS(=O)(=O)Nc2ccccc2)CCN1S(=O)(=O)c1ccsc1
C=CC(=O)N1CCCC2=CC=C(N(CC3=CC=CC(C(F)(F)F)=C3)C(=O)CC3=CN=CC4=CC=CC=C34)C=C21,ASAP-0022458,Train,5.8,7.4,C=CC(=O)N1CCCC2=CC=C(N(CC3=CC=CC(C(F)(F)F)=C3)C(=O)CC3=CN=CC4=CC=CC=C34)C=C21,C=CC(=O)N1CCCc2ccc(N(Cc3cccc(C(F)(F)F)c3)C(=O)Cc3cncc4ccccc34)cc21
O=C(CC1=CN=CC2=CC=CC=C12)N1CCC(NC2=CC=CC3=NC=CC=C23)CC1,ASAP-0029906,Train,,4.07,O=C(CC1=CN=CC2=CC=CC=C12)N1CCC(NC2=CC=CC3=NC=CC=C23)CC1,O=C(Cc1cncc2ccccc12)N1CCC(Nc2cccc3ncccc23)CC1
"C[C@H]1CCN(C(=O)CC2=CN=CC3=CC=CC=C23)C[C@@H]1C |o1:1,19|",ASAP-0031832,Train,4.61,4.97,C[C@H]1CCN(C(=O)CC2=CN=CC3=CC=CC=C23)C[C@@H]1C,C[C@H]1CCN(C(=O)Cc2cncc3ccccc23)C[C@@H]1C
O=C(CC1=CN=CC2=CC=CC=C12)N1CCC[C@H]1CC1=CC=C(F)C=C1F |&1:17|,ASAP-0011466,Train,4.23,4.65,O=C(CC1=CN=CC2=CC=CC=C12)N1CCC[C@H]1CC1=CC=C(F)C=C1F,O=C(Cc1cncc2ccccc12)N1CCC[C@H]1Cc1ccc(F)cc1F
"CO[C@H]1CCN2C(=O)N(C3=CN=CC4=CC=CC=C34)C(=O)[C@@H]2C1 |&1:2,21|",ASAP-0000186,Train,4.28,4.03,CO[C@H]1CCN2C(=O)N(C3=CN=CC4=CC=CC=C34)C(=O)[C@@H]2C1,CO[C@H]1CCN2C(=O)N(c3cncc4ccccc34)C(=O)[C@@H]2C1
N#CC1=CC=C(N(CC2=CC=CC(Cl)=C2)C(=O)CC2=CN=CC3=CC=CC=C23)C=C1,ASAP-0011415,Train,5.79,5.37,N#CC1=CC=C(N(CC2=CC=CC(Cl)=C2)C(=O)CC2=CN=CC3=CC=CC=C23)C=C1,N#Cc1ccc(N(Cc2cccc(Cl)c2)C(=O)Cc2cncc3ccccc23)cc1
"O=C(CC1=CN=CC2=CC=CC=C12)N1C[C@H]2C[C@@H]1[C@@H]1C[C@H]21 |&1:15,17,18,20|",ASAP-0031260,Train,4.06,4.44,O=C(CC1=CN=CC2=CC=CC=C12)N1C[C@H]2C[C@@H]1[C@@H]1C[C@H]21,O=C(Cc1cncc2ccccc12)N1C[C@H]2C[C@@H]1[C@@H]1C[C@H]21
"O=C(CC1=CN=CC2=CC=CC=C12)N1C[C@@H]2C[C@H]1CN2C1=CC=CC=C1 |a:15,17|",ASAP-0029918,Train,,4.14,O=C(CC1=CN=CC2=CC=CC=C12)N1C[C@@H]2C[C@H]1CN2C1=CC=CC=C1,O=C(Cc1cncc2ccccc12)N1C[C@@H]2C[C@H]1CN2c1ccccc1
"O=C1C[C@H]2CCN(C(=O)CC3=CN=CC4=CC=CC=C34)C[C@H]2N1 |&1:3,21|",ASAP-0029335,Train,,4.03,O=C1C[C@H]2CCN(C(=O)CC3=CN=CC4=CC=CC=C34)C[C@H]2N1,O=C1C[C@H]2CCN(C(=O)Cc3cncc4ccccc34)C[C@H]2N1
CN1C(CNC(=O)C2=CN=CC3=CC=CC=C23)=NC2=CC=CC=C21,ASAP-0000824,Train,3.58,4.07,CN1C(CNC(=O)C2=CN=CC3=CC=CC=C23)=NC2=CC=CC=C21,Cn1c(CNC(=O)c2cncc3ccccc23)nc2ccccc21
"CC1=CC=CC=C1[C@H]1[C@H](O)CCN1C(=O)C1=CN=CC2=CC=CC=C12 |&1:7,&2:8|",ASAP-0008265,Train,3.7,,CC1=CC=CC=C1[C@H]1[C@H](O)CCN1C(=O)C1=CN=CC2=CC=CC=C12,Cc1ccccc1[C@H]1[C@H](O)CCN1C(=O)c1cncc2ccccc12
O=C(CC1=CN=CC2=CC=CC=C12)N1CCC2(CC1)COCCO2,ASAP-0029701,Train,,4.88,O=C(CC1=CN=CC2=CC=CC=C12)N1CCC2(CC1)COCCO2,O=C(Cc1cncc2ccccc12)N1CCC2(CC1)COCCO2
CCCCNC(=O)C1=CN=C([C@H](NC(=O)CCl)C2=CC=CC=C2)S1 |&1:11|,ASAP-0000771,Train,4.73,4.72,CCCCNC(=O)C1=CN=C([C@H](NC(=O)CCl)C2=CC=CC=C2)S1,CCCCNC(=O)c1cnc([C@H](NC(=O)CCl)c2ccccc2)s1
O=C(CC1=CN=CC2=CC=CC=C12)N1CCC[C@H]1C1=C(Cl)C=CC=C1Cl |&1:17|,ASAP-0008356,Train,4.73,4.38,O=C(CC1=CN=CC2=CC=CC=C12)N1CCC[C@H]1C1=C(Cl)C=CC=C1Cl,O=C(Cc1cncc2ccccc12)N1CCC[C@H]1c1c(Cl)cccc1Cl
"O=C(CC1=CN=CC2=CC=CC=C12)N1C[C@H](C2=CC=CC=C2)O[C@H](C2=CC=C(F)C=C2)C1 |&1:15,&2:23|",ASAP-0011402,Train,3.79,4.17,O=C(CC1=CN=CC2=CC=CC=C12)N1C[C@H](C2=CC=CC=C2)O[C@H](C2=CC=C(F)C=C2)C1,O=C(Cc1cncc2ccccc12)N1C[C@@H](c2ccc(F)cc2)O[C@@H](c2ccccc2)C1
"CC(=O)N1C[C@@H]2C[C@H]1[C@H]1C(=O)N(C3=CN=CC4=CC=CC=C34)C(=O)N21 |a:5,7,o1:8|",ASAP-0000443,Train,4.12,,CC(=O)N1C[C@@H]2C[C@H]1[C@H]1C(=O)N(C3=CN=CC4=CC=CC=C34)C(=O)N21,CC(=O)N1C[C@@H]2C[C@H]1[C@H]1C(=O)N(c3cncc4ccccc34)C(=O)N21
O=C(CC1=CN=CC2=CC=CC=C12)N1CC[C@H](C2=CC=CC(F)=C2)C1 |o1:16|,ASAP-0030856,Train,4.85,5.03,O=C(CC1=CN=CC2=CC=CC=C12)N1CC[C@H](C2=CC=CC(F)=C2)C1,O=C(Cc1cncc2ccccc12)N1CC[C@H](c2cccc(F)c2)C1
O=C(CC1=CC(F)=CN=C1)NC1=CN=CC2=CC=CC=C12,ASAP-0000653,Train,4.18,5.33,O=C(CC1=CC(F)=CN=C1)NC1=CN=CC2=CC=CC=C12,O=C(Cc1cncc(F)c1)Nc1cncc2ccccc12
"CNC(=O)CN1C[C@@]2(C(=O)N(C3=CN=CC4=CC=CC=C34)C[C@@H]2CF)C2=CC(Cl)=CC=C2C1=O |a:7,22|",ASAP-0015380,Train,5.77,7.51,CNC(=O)CN1C[C@@]2(C(=O)N(C3=CN=CC4=CC=CC=C34)C[C@@H]2CF)C2=CC(Cl)=CC=C2C1=O,CNC(=O)CN1C[C@@]2(C(=O)N(c3cncc4ccccc34)C[C@@H]2CF)c2cc(Cl)ccc2C1=O
O=C(CC1=CN=CC2=CC=CC=C12)N(CCC(F)(F)F)C1CCCCC1,ASAP-0008632,Train,4.33,4.18,O=C(CC1=CN=CC2=CC=CC=C12)N(CCC(F)(F)F)C1CCCCC1,O=C(Cc1cncc2ccccc12)N(CCC(F)(F)F)C1CCCCC1
O=C(C1=CN=CC2=CC=CC=C12)N1CCC(CC2=CC=C(F)C=C2)CC1,ASAP-0000835,Train,4.23,5.1,O=C(C1=CN=CC2=CC=CC=C12)N1CCC(CC2=CC=C(F)C=C2)CC1,O=C(c1cncc2ccccc12)N1CCC(Cc2ccc(F)cc2)CC1
O=C1N[C@]2(CCOC3=CC=C(C(F)F)C=C32)C(=O)N1C1=CN=CC2=CC=CC=C12 |&1:3|,ASAP-0010940,Train,4.76,5.44,O=C1N[C@]2(CCOC3=CC=C(C(F)F)C=C32)C(=O)N1C1=CN=CC2=CC=CC=C12,O=C1N[C@]2(CCOc3ccc(C(F)F)cc32)C(=O)N1c1cncc2ccccc12
CC(C)C[C@H]1CN(C(=O)COS(N)(=O)=O)CCN1CC1=CC=CC(Cl)=C1 |&1:4|,ASAP-0000517,Train,5.08,5.17,CC(C)C[C@H]1CN(C(=O)COS(N)(=O)=O)CCN1CC1=CC=CC(Cl)=C1,CC(C)C[C@H]1CN(C(=O)COS(N)(=O)=O)CCN1Cc1cccc(Cl)c1
CC(C)(C#N)C1=CC=C(N(CC2=CC=CC(Cl)=C2)C(=O)CC2=CN=CC3=CC=CC=C23)C=C1,ASAP-0011195,Train,5.21,6.2,CC(C)(C#N)C1=CC=C(N(CC2=CC=CC(Cl)=C2)C(=O)CC2=CN=CC3=CC=CC=C23)C=C1,CC(C)(C#N)c1ccc(N(Cc2cccc(Cl)c2)C(=O)Cc2cncc3ccccc23)cc1
CC1=CC=C(F)C(CN(C)C(=O)CC2=CN=CC3=CC=CC=C23)=C1F,ASAP-0008369,Train,4.73,4.24,CC1=CC=C(F)C(CN(C)C(=O)CC2=CN=CC3=CC=CC=C23)=C1F,Cc1ccc(F)c(CN(C)C(=O)Cc2cncc3ccccc23)c1F
CNC(=O)CN1C[C@@]2(C(=O)N(C3=CN=CC4=CC=CC=C34)C[C@@H]2COCCF)C2=CC(F)=CC=C2C1=O,ASAP-0011165,Train,5.59,6.96,CNC(=O)CN1C[C@@]2(C(=O)N(C3=CN=CC4=CC=CC=C34)C[C@@H]2COCCF)C2=CC(F)=CC=C2C1=O,CNC(=O)CN1C[C@@]2(C(=O)N(c3cncc4ccccc34)C[C@@H]2COCCF)c2cc(F)ccc2C1=O
O=C(CC1=CN=CC2=CC=CC=C12)N1CCC(C2CC2)CC1,ASAP-0029697,Train,4.81,5.77,O=C(CC1=CN=CC2=CC=CC=C12)N1CCC(C2CC2)CC1,O=C(Cc1cncc2ccccc12)N1CCC(C2CC2)CC1
CC1=CC=C(C[C@H]2CCCN(C(=O)CC3=CN=CC4=CC=CC=C34)C2)C=C1 |&1:6|,ASAP-0011218,Train,3.7,4.55,CC1=CC=C(C[C@H]2CCCN(C(=O)CC3=CN=CC4=CC=CC=C34)C2)C=C1,Cc1ccc(C[C@H]2CCCN(C(=O)Cc3cncc4ccccc34)C2)cc1
O=C(CC1=CN=CC2=CC=CC=C12)N1CC(CC2=CC=NC=C2)C1,ASAP-0011376,Train,9.0,,O=C(CC1=CN=CC2=CC=CC=C12)N1CC(CC2=CC=NC=C2)C1,O=C(Cc1cncc2ccccc12)N1CC(Cc2ccncc2)C1
O=C(CC1=CN=CC2=CC=CC=C12)N1CCC2(CC1)CS(=O)(=O)C2,ASAP-0029620,Train,,4.32,O=C(CC1=CN=CC2=CC=CC=C12)N1CCC2(CC1)CS(=O)(=O)C2,O=C(Cc1cncc2ccccc12)N1CCC2(CC1)CS(=O)(=O)C2
"C[C@H]1[C@H]2CCCC[C@H]2CN1C(=O)CC1=CN=CC2=CC=CC=C12 |&1:1,&2:2,&3:7|",ASAP-0008382,Train,4.3,5.02,C[C@H]1[C@H]2CCCC[C@H]2CN1C(=O)CC1=CN=CC2=CC=CC=C12,C[C@H]1[C@H]2CCCC[C@H]2CN1C(=O)Cc1cncc2ccccc12
"O=C(CC1=CN=CC2=CC=CC=C12)N1C[C@H](F)C[C@H]1C1=CC=CC=C1 |&1:15,&2:18|",ASAP-0011364,Train,4.09,4.77,O=C(CC1=CN=CC2=CC=CC=C12)N1C[C@H](F)C[C@H]1C1=CC=CC=C1,O=C(Cc1cncc2ccccc12)N1C[C@H](F)C[C@H]1c1ccccc1
C=C(CN(C(=O)[C@H]1CN(CC(=O)NC)C(=O)C2=CC=C(Cl)C=C21)C1=CN=CC2=CC=CC=C12)C(=O)NC1=CC=C(N2C=CC=N2)C=C1 |&1:6|,ASAP-0014740,Train,4.41,5.93,C=C(CN(C(=O)[C@H]1CN(CC(=O)NC)C(=O)C2=CC=C(Cl)C=C21)C1=CN=CC2=CC=CC=C12)C(=O)NC1=CC=C(N2C=CC=N2)C=C1,C=C(CN(C(=O)[C@H]1CN(CC(=O)NC)C(=O)c2ccc(Cl)cc21)c1cncc2ccccc12)C(=O)Nc1ccc(-n2cccn2)cc1
"O=C(CC1=CN=CC2=CC=CC=C12)N1C[C@H](F)C[C@H]1C1=CC=CC(F)=C1 |&1:15,&2:18|",ASAP-0011487,Train,4.1,5.58,O=C(CC1=CN=CC2=CC=CC=C12)N1C[C@H](F)C[C@H]1C1=CC=CC(F)=C1,O=C(Cc1cncc2ccccc12)N1C[C@H](F)C[C@H]1c1cccc(F)c1
N#CCC1=CC=C(N(CC2=CC=CC(Cl)=C2)C(=O)CC2=CN=CC3=CC=CC=C23)C=C1,ASAP-0011200,Train,5.99,6.03,N#CCC1=CC=C(N(CC2=CC=CC(Cl)=C2)C(=O)CC2=CN=CC3=CC=CC=C23)C=C1,N#CCc1ccc(N(Cc2cccc(Cl)c2)C(=O)Cc2cncc3ccccc23)cc1
"C[C@H]1CCC[C@@H](CNC(=O)C(F)(F)F)N1C(=O)CC1=CN=CC2=CC=CC=C12 |&1:1,5|",ASAP-0029775,Train,,4.42,C[C@H]1CCC[C@@H](CNC(=O)C(F)(F)F)N1C(=O)CC1=CN=CC2=CC=CC=C12,C[C@H]1CCC[C@@H](CNC(=O)C(F)(F)F)N1C(=O)Cc1cncc2ccccc12
C[C@H](NC(=O)C1=CN=CC2=CC=CC=C12)C1=NC2=CC=CC=C2N1C |&1:1|,ASAP-0000799,Train,3.84,4.06,C[C@H](NC(=O)C1=CN=CC2=CC=CC=C12)C1=NC2=CC=CC=C2N1C,C[C@H](NC(=O)c1cncc2ccccc12)c1nc2ccccc2n1C
COC[C@]1(C)C(=O)N(C2=CN=CC3=CC=CC=C23)C(=O)N1C |&1:3|,ASAP-0000141,Train,4.19,,COC[C@]1(C)C(=O)N(C2=CN=CC3=CC=CC=C23)C(=O)N1C,COC[C@]1(C)C(=O)N(c2cncc3ccccc23)C(=O)N1C
C=CC(=O)N1CCCC2=C1C=CC=C2N(C(=O)CC1=CN=CC2=CC=CC=C12)C1(C2=CC=CC(Cl)=C2)COC1,ASAP-0017148,Train,5.01,4.99,C=CC(=O)N1CCCC2=C1C=CC=C2N(C(=O)CC1=CN=CC2=CC=CC=C12)C1(C2=CC=CC(Cl)=C2)COC1,C=CC(=O)N1CCCc2c1cccc2N(C(=O)Cc1cncc2ccccc12)C1(c2cccc(Cl)c2)COC1
CC1=CN=CC(CC(=O)NC2=CN=CC3=CC=CC=C23)=C1,ASAP-0000640,Train,3.8,4.99,CC1=CN=CC(CC(=O)NC2=CN=CC3=CC=CC=C23)=C1,Cc1cncc(CC(=O)Nc2cncc3ccccc23)c1
O=C(CN1CC2=CC=C(Cl)C=C2[C@H](C(=O)NC2=CN=CC3=CC=CC=C23)C1)NCCC1=CC=CC(Cl)=C1 |&1:12|,ASAP-0000169,Train,5.22,7.21,O=C(CN1CC2=CC=C(Cl)C=C2[C@H](C(=O)NC2=CN=CC3=CC=CC=C23)C1)NCCC1=CC=CC(Cl)=C1,O=C(CN1Cc2ccc(Cl)cc2[C@H](C(=O)Nc2cncc3ccccc23)C1)NCCc1cccc(Cl)c1
CN1C=C([C@H]2CN(C(=O)CC3=CN=CC4=CC=CC=C34)CC2(C)C)C=N1 |&1:4|,ASAP-0029500,Train,,4.34,CN1C=C([C@H]2CN(C(=O)CC3=CN=CC4=CC=CC=C34)CC2(C)C)C=N1,Cn1cc([C@H]2CN(C(=O)Cc3cncc4ccccc34)CC2(C)C)cn1
CC1=CC2=C(CCN(C(=O)CC3=CN=CC4=CC=CC=C34)C2)S1,ASAP-0031005,Train,3.98,5.38,CC1=CC2=C(CCN(C(=O)CC3=CN=CC4=CC=CC=C34)C2)S1,Cc1cc2c(s1)CCN(C(=O)Cc1cncc3ccccc13)C2
"O=C(CC1=CN=CC2=CC=CC=C12)N1CCC[C@]2(C1)OC[C@H]1C[C@H]12 |&1:17,&2:21,23|",ASAP-0029392,Train,,4.02,O=C(CC1=CN=CC2=CC=CC=C12)N1CCC[C@]2(C1)OC[C@H]1C[C@H]12,O=C(Cc1cncc2ccccc12)N1CCC[C@]2(C1)OC[C@H]1C[C@H]12
"C[C@H]1CCN(C(=O)CC2=CN=CC3=CC=CC=C23)C[C@@H]1O |&1:1,19|",ASAP-0031186,Train,4.06,4.6,C[C@H]1CCN(C(=O)CC2=CN=CC3=CC=CC=C23)C[C@@H]1O,C[C@H]1CCN(C(=O)Cc2cncc3ccccc23)C[C@@H]1O
C=C(CN(C(=O)[C@H]1CN(CC(=O)NC)CC2=CC=C(Cl)C=C21)C1=CN=CC2=CC=CC=C12)C(=O)N1CC[C@@H](C2=CC=C(F)C=C2)[C@H](COC2=CC=C3OCOC3=C2)C1,ASAP-0012097,Train,6.41,,C=C(CN(C(=O)[C@H]1CN(CC(=O)NC)CC2=CC=C(Cl)C=C21)C1=CN=CC2=CC=CC=C12)C(=O)N1CC[C@@H](C2=CC=C(F)C=C2)[C@H](COC2=CC=C3OCOC3=C2)C1,C=C(CN(C(=O)[C@H]1CN(CC(=O)NC)Cc2ccc(Cl)cc21)c1cncc2ccccc12)C(=O)N1CC[C@@H](c2ccc(F)cc2)[C@H](COc2ccc3c(c2)OCO3)C1
CCN1CCN2C(=O)N(C3=CN=CC4=CC=CC=C34)C(=O)[C@@H]2C1,ASAP-0000239,Train,4.28,,CCN1CCN2C(=O)N(C3=CN=CC4=CC=CC=C34)C(=O)[C@@H]2C1,CCN1CCN2C(=O)N(c3cncc4ccccc34)C(=O)[C@@H]2C1
C[C@H]1CC2=C(C=CS2)CN1C(=O)CC1=CN=CC2=CC=CC=C12 |&1:1|,ASAP-0031445,Train,5.21,6.48,C[C@H]1CC2=C(C=CS2)CN1C(=O)CC1=CN=CC2=CC=CC=C12,C[C@H]1Cc2sccc2CN1C(=O)Cc1cncc2ccccc12
CC1=CSC2=C1CN(C(=O)CC1=CN=CC3=CC=CC=C13)CC2,ASAP-0030989,Train,4.99,6.48,CC1=CSC2=C1CN(C(=O)CC1=CN=CC3=CC=CC=C13)CC2,Cc1csc2c1CN(C(=O)Cc1cncc3ccccc13)CC2
CC1=CC=C(Cl)C([C@H]2CCCN2C(=O)C2=CN=CC3=CC=CC=C23)=C1 |&1:7|,ASAP-0008248,Train,9.0,,CC1=CC=C(Cl)C([C@H]2CCCN2C(=O)C2=CN=CC3=CC=CC=C23)=C1,Cc1ccc(Cl)c([C@H]2CCCN2C(=O)c2cncc3ccccc23)c1
C=CC(=O)NC1=CC=CC(N(CC2=CC=CC(C3=CC=CC=C3)=C2)C(=O)CC2=CN=CC3=CC=CC=C23)=C1,ASAP-0011026,Train,4.96,,C=CC(=O)NC1=CC=CC(N(CC2=CC=CC(C3=CC=CC=C3)=C2)C(=O)CC2=CN=CC3=CC=CC=C23)=C1,C=CC(=O)Nc1cccc(N(Cc2cccc(-c3ccccc3)c2)C(=O)Cc2cncc3ccccc23)c1
"CNC(=O)CN1C[C@]2(C(=O)N(C3=CN=CC4=CC=CC=C34)C[C@H]2CO)C2=CC(Cl)=CC=C2C1=O |o1:7,22|",ASAP-0000437,Train,5.01,6.38,CNC(=O)CN1C[C@]2(C(=O)N(C3=CN=CC4=CC=CC=C34)C[C@H]2CO)C2=CC(Cl)=CC=C2C1=O,CNC(=O)CN1C[C@]2(C(=O)N(c3cncc4ccccc34)C[C@H]2CO)c2cc(Cl)ccc2C1=O
"CO[C@H]1CC[C@H]2C(=O)N(C3=CN=CC4=CC=CC=C34)C(=O)N2C1 |o1:2,5|",ASAP-0000230,Train,4.29,,CO[C@H]1CC[C@H]2C(=O)N(C3=CN=CC4=CC=CC=C34)C(=O)N2C1,CO[C@H]1CC[C@H]2C(=O)N(c3cncc4ccccc34)C(=O)N2C1
"O=C(CC1=CN=CC2=CC=CC=C12)N1CC[C@H]2CCC(F)(F)C[C@H]2C1 |o1:16,23|",ASAP-0030811,Train,4.08,5.33,O=C(CC1=CN=CC2=CC=CC=C12)N1CC[C@H]2CCC(F)(F)C[C@H]2C1,O=C(Cc1cncc2ccccc12)N1CC[C@H]2CCC(F)(F)C[C@H]2C1
CS(=O)(=O)N1CCN2C(=O)N(C3=CN=CC4=CC=CC=C34)C(=O)[C@@H]2C1,ASAP-0000236,Train,4.24,,CS(=O)(=O)N1CCN2C(=O)N(C3=CN=CC4=CC=CC=C34)C(=O)[C@@H]2C1,CS(=O)(=O)N1CCN2C(=O)N(c3cncc4ccccc34)C(=O)[C@@H]2C1
C=CC(=O)N1CCC2=CC=C(N(CC3=CC=CC(Cl)=C3)C(=O)CC3=CN=CC4=CC=CC=C34)C=C21,ASAP-0021173,Train,6.34,5.75,C=CC(=O)N1CCC2=CC=C(N(CC3=CC=CC(Cl)=C3)C(=O)CC3=CN=CC4=CC=CC=C34)C=C21,C=CC(=O)N1CCc2ccc(N(Cc3cccc(Cl)c3)C(=O)Cc3cncc4ccccc34)cc21
O=C(CC1=CN=CC2=CC=CC=C12)N1C[C@H](O)C2CC1C2 |&1:15|,ASAP-0031354,Train,4.31,,O=C(CC1=CN=CC2=CC=CC=C12)N1C[C@H](O)C2CC1C2,O=C(Cc1cncc2ccccc12)N1C[C@H](O)C2CC1C2
CC1=NNC([C@H]2CCN(C(=O)CC3=CN=CC4=CC=CC=C34)C2)=C1 |&1:5|,ASAP-0011328,Train,9.0,,CC1=NNC([C@H]2CCN(C(=O)CC3=CN=CC4=CC=CC=C34)C2)=C1,Cc1cc([C@H]2CCN(C(=O)Cc3cncc4ccccc34)C2)[nH]n1
O=C(CC1=CN=CC2=CC=CC=C12)N1CC2=CC=CC=C2C[C@H]1C1=CC=CC=C1 |&1:22|,ASAP-0008603,Train,4.79,5.49,O=C(CC1=CN=CC2=CC=CC=C12)N1CC2=CC=CC=C2C[C@H]1C1=CC=CC=C1,O=C(Cc1cncc2ccccc12)N1Cc2ccccc2C[C@H]1c1ccccc1
"O=C(CC1=CN=CC2=CC=CC=C12)N1[C@H]2CCC[C@H]1C1=C(C2)NN=C1 |&1:14,&2:18|",ASAP-0029793,Train,,4.82,O=C(CC1=CN=CC2=CC=CC=C12)N1[C@H]2CCC[C@H]1C1=C(C2)NN=C1,O=C(Cc1cncc2ccccc12)N1[C@H]2CCC[C@H]1c1cn[nH]c1C2
"C[C@H]1CCOC[C@]12NC(=O)N(C1=CN=CC3=CC=CC=C13)C2=O |&1:1,6|",ASAP-0000377,Train,4.23,,C[C@H]1CCOC[C@]12NC(=O)N(C1=CN=CC3=CC=CC=C13)C2=O,C[C@H]1CCOC[C@]12NC(=O)N(c1cncc3ccccc13)C2=O
"CNS(=O)(=O)OCC(=O)N1CCN(CC2=CC=CC(Cl)=C2)[C@H]2CS(=O)(=O)C[C@H]21 |&1:21,27|",ASAP-0031916,Train,5.57,6.38,CNS(=O)(=O)OCC(=O)N1CCN(CC2=CC=CC(Cl)=C2)[C@H]2CS(=O)(=O)C[C@H]21,CNS(=O)(=O)OCC(=O)N1CCN(Cc2cccc(Cl)c2)[C@H]2CS(=O)(=O)C[C@H]21
O=C(NCC(=O)N1CCCC1)C1=CN=CC2=CC=CC=C12,ASAP-0000853,Train,5.13,,O=C(NCC(=O)N1CCCC1)C1=CN=CC2=CC=CC=C12,O=C(NCC(=O)N1CCCC1)c1cncc2ccccc12
N#CC1(N(C(=O)CC2=CN=CC3=CC=CC=C23)C2=CC=CC=C2)CCCCC1,ASAP-0008439,Train,4.79,4.85,N#CC1(N(C(=O)CC2=CN=CC3=CC=CC=C23)C2=CC=CC=C2)CCCCC1,N#CC1(N(C(=O)Cc2cncc3ccccc23)c2ccccc2)CCCCC1
"COC[C@@H]1[C@H]2CCN(C(=O)CC3=CN=CC4=CC=CC=C34)C[C@H]21 |&1:3,4,22|",ASAP-0029611,Train,,4.26,COC[C@@H]1[C@H]2CCN(C(=O)CC3=CN=CC4=CC=CC=C34)C[C@H]21,COC[C@@H]1[C@H]2CCN(C(=O)Cc3cncc4ccccc34)C[C@H]21
O=C(CC1=C(F)C=C(F)C(F)=C1)NC1=CN=CC2=CC=CC=C12,ASAP-0000648,Train,5.35,5.69,O=C(CC1=C(F)C=C(F)C(F)=C1)NC1=CN=CC2=CC=CC=C12,O=C(Cc1cc(F)c(F)cc1F)Nc1cncc2ccccc12
CN1N=C(CNC(=O)C2=CN=CC3=CC=CC=C23)C2=CC=CC=C2C1=O,ASAP-0000838,Train,3.61,,CN1N=C(CNC(=O)C2=CN=CC3=CC=CC=C23)C2=CC=CC=C2C1=O,Cn1nc(CNC(=O)c2cncc3ccccc23)c2ccccc2c1=O
"O=C(CC1=CN=CC2=CC=CC=C12)N1CC[C@H]2C[C@H](O)C[C@H]2C1 |&1:16,21,&2:18|",ASAP-0031279,Train,4.87,4.16,O=C(CC1=CN=CC2=CC=CC=C12)N1CC[C@H]2C[C@H](O)C[C@H]2C1,O=C(Cc1cncc2ccccc12)N1CC[C@H]2C[C@H](O)C[C@H]2C1
"CNCCN1C[C@@]2(C(=O)N(C3=CN=CC4=CC=CC=C34)C[C@@H]2COCC2COC2)C2=CC(Cl)=CC=C2C1=O |a:6,21|",ASAP-0017451,Train,5.58,6.92,CNCCN1C[C@@]2(C(=O)N(C3=CN=CC4=CC=CC=C34)C[C@@H]2COCC2COC2)C2=CC(Cl)=CC=C2C1=O,CNCCN1C[C@@]2(C(=O)N(c3cncc4ccccc34)C[C@@H]2COCC2COC2)c2cc(Cl)ccc2C1=O
CC(=O)C1=CC=CC(CN2CCN(C(=O)COS(=O)(=O)N3CCOCC3)C[C@H]2CC(C)C)=C1 |&1:27|,ASAP-0011130,Train,4.45,6.13,CC(=O)C1=CC=CC(CN2CCN(C(=O)COS(=O)(=O)N3CCOCC3)C[C@H]2CC(C)C)=C1,CC(=O)c1cccc(CN2CCN(C(=O)COS(=O)(=O)N3CCOCC3)C[C@H]2CC(C)C)c1
O=C(CC1=CN=CC2=CC=CC=C12)N1CC[C@H](N2C=NC=N2)C1 |&1:16|,ASAP-0011206,Train,4.27,,O=C(CC1=CN=CC2=CC=CC=C12)N1CC[C@H](N2C=NC=N2)C1,O=C(Cc1cncc2ccccc12)N1CC[C@H](n2cncn2)C1
C[C@@H](O)CN1C[C@H](C(=O)NC2=CN=CC3=CC=CC=C23)C2=CC(Cl)=CC=C2C1=O |o1:6|,ASAP-0008669,Train,5.52,6.84,C[C@@H](O)CN1C[C@H](C(=O)NC2=CN=CC3=CC=CC=C23)C2=CC(Cl)=CC=C2C1=O,C[C@@H](O)CN1C[C@H](C(=O)Nc2cncc3ccccc23)c2cc(Cl)ccc2C1=O
"O=C(CC1=CN=CC2=CC=CC=C12)N1CC[C@H]2CCC[C@H]21 |&1:16,20|",ASAP-0029535,Train,,4.21,O=C(CC1=CN=CC2=CC=CC=C12)N1CC[C@H]2CCC[C@H]21,O=C(Cc1cncc2ccccc12)N1CC[C@H]2CCC[C@H]21
C[C@@H](O)CN1C[C@H](C(=O)NC2=CN=CC3=CC=CC=C23)C2=CC(Cl)=CC=C2C1=O |o1:6|,ASAP-0008663,Train,4.74,4.78,C[C@@H](O)CN1C[C@H](C(=O)NC2=CN=CC3=CC=CC=C23)C2=CC(Cl)=CC=C2C1=O,C[C@@H](O)CN1C[C@H](C(=O)Nc2cncc3ccccc23)c2cc(Cl)ccc2C1=O
CNC(=O)CN1C[C@]2(C(=O)N(C3=CN=CC4=CC=CC=C34)C/C2=C\F)C2=CC(Cl)=CC=C2C1=O |&1:7|,ASAP-0010722,Train,5.06,6.75,CNC(=O)CN1C[C@]2(C(=O)N(C3=CN=CC4=CC=CC=C34)C/C2=C\F)C2=CC(Cl)=CC=C2C1=O,CNC(=O)CN1C[C@]2(C(=O)N(c3cncc4ccccc34)C/C2=C\F)c2cc(Cl)ccc2C1=O
CCN1CCN(C2=CC=C(NC(=O)CN3CC4=CC=C(Cl)C=C4[C@H](C(=O)NC4=CN=CC5=CC=CC=C45)C3)C=C2)CC1 |&1:23|,ASAP-0000221,Train,5.67,7.55,CCN1CCN(C2=CC=C(NC(=O)CN3CC4=CC=C(Cl)C=C4[C@H](C(=O)NC4=CN=CC5=CC=CC=C45)C3)C=C2)CC1,CCN1CCN(c2ccc(NC(=O)CN3Cc4ccc(Cl)cc4[C@H](C(=O)Nc4cncc5ccccc45)C3)cc2)CC1
O=C(CC1=CN=CC2=CC=CC=C12)N1CCC2=NC=C(C(F)(F)F)C=C2C1,ASAP-0031418,Train,4.24,4.4,O=C(CC1=CN=CC2=CC=CC=C12)N1CCC2=NC=C(C(F)(F)F)C=C2C1,O=C(Cc1cncc2ccccc12)N1CCc2ncc(C(F)(F)F)cc2C1
"O=C(CC1=CN=CC2=CC=CC=C12)N1C[C@@H]2[C@H](C1)[C@H]2C(F)F |a:15,16,18|",ASAP-0029403,Train,,4.96,O=C(CC1=CN=CC2=CC=CC=C12)N1C[C@@H]2[C@H](C1)[C@H]2C(F)F,O=C(Cc1cncc2ccccc12)N1C[C@@H]2[C@H](C1)[C@H]2C(F)F
O=C(CC1=CN=CC2=CC=CC=C12)N1CC2=CC=CC=C2[C@H](C2=CC=CC=C2)C1 |&1:21|,ASAP-0012343,Train,4.99,4.55,O=C(CC1=CN=CC2=CC=CC=C12)N1CC2=CC=CC=C2[C@H](C2=CC=CC=C2)C1,O=C(Cc1cncc2ccccc12)N1Cc2ccccc2[C@H](c2ccccc2)C1
CCC(=O)NC1=CC=CC(N(CC2=CC=CC=C2)C(=O)CC2=CN=CC3=CC=CC=C23)=C1,ASAP-0013715,Train,5.77,4.55,CCC(=O)NC1=CC=CC(N(CC2=CC=CC=C2)C(=O)CC2=CN=CC3=CC=CC=C23)=C1,CCC(=O)Nc1cccc(N(Cc2ccccc2)C(=O)Cc2cncc3ccccc23)c1
"CC1=NN=C(NC[C@H]2CN(C3=CN=CC4=CC=CC=C34)C(=O)[C@@]23CN(CC2=NNC=C2)C(=O)C2=CC=C(Cl)C=C23)S1 |a:7,22|",ASAP-0029469,Train,7.34,7.62,CC1=NN=C(NC[C@H]2CN(C3=CN=CC4=CC=CC=C34)C(=O)[C@@]23CN(CC2=NNC=C2)C(=O)C2=CC=C(Cl)C=C23)S1,Cc1nnc(NC[C@H]2CN(c3cncc4ccccc34)C(=O)[C@@]23CN(Cc2cc[nH]n2)C(=O)c2ccc(Cl)cc23)s1
O=C(O)CN1CC2=CC=C(Cl)C=C2[C@H](C(=O)NC2=CN=CC3=CC=CC=C23)C1 |&1:13|,ASAP-0000187,Train,3.94,5.01,O=C(O)CN1CC2=CC=C(Cl)C=C2[C@H](C(=O)NC2=CN=CC3=CC=CC=C23)C1,O=C(O)CN1Cc2ccc(Cl)cc2[C@H](C(=O)Nc2cncc3ccccc23)C1
O=C1C[C@H](C(=O)NC2=CN=CC3=CC=CC=C23)C2=CC=CC=C2N1 |&1:3|,ASAP-0000647,Train,3.78,4.65,O=C1C[C@H](C(=O)NC2=CN=CC3=CC=CC=C23)C2=CC=CC=C2N1,O=C1C[C@H](C(=O)Nc2cncc3ccccc23)c2ccccc2N1
CO[C@]1(C(F)(F)F)CCN(C(=O)CC2=CN=CC3=CC=CC=C23)C1 |o1:2|,ASAP-0030878,Train,4.7,5.23,CO[C@]1(C(F)(F)F)CCN(C(=O)CC2=CN=CC3=CC=CC=C23)C1,CO[C@]1(C(F)(F)F)CCN(C(=O)Cc2cncc3ccccc23)C1
O=C(CC1=CN=CC2=CC=CC=C12)N1CC(F)(F)C(F)(F)C(F)(F)C1,ASAP-0029527,Train,,4.25,O=C(CC1=CN=CC2=CC=CC=C12)N1CC(F)(F)C(F)(F)C(F)(F)C1,O=C(Cc1cncc2ccccc12)N1CC(F)(F)C(F)(F)C(F)(F)C1
O=C1C[C@H](CC2=CC=CC=C2)NN1C1=CN=CC2=CC=CC=C12 |&1:3|,ASAP-0000581,Train,4.31,5.16,O=C1C[C@H](CC2=CC=CC=C2)NN1C1=CN=CC2=CC=CC=C12,O=C1C[C@H](Cc2ccccc2)NN1c1cncc2ccccc12
O=C(NCC1=CC2=C(CCCC2)N=C1O)C1=CN=CC2=CC=CC=C12,ASAP-0000811,Train,4.32,4.46,O=C(NCC1=CC2=C(CCCC2)N=C1O)C1=CN=CC2=CC=CC=C12,O=C(NCc1cc2c(nc1O)CCCC2)c1cncc2ccccc12
O=C(NCCC(=O)N1CCCCC1)C1=CN=CC2=CC=CC=C12,ASAP-0000805,Train,4.26,4.09,O=C(NCCC(=O)N1CCCCC1)C1=CN=CC2=CC=CC=C12,O=C(NCCC(=O)N1CCCCC1)c1cncc2ccccc12
O=C(CC1=CN=CC2=CC=CC=C12)N1CCC(CC2=CC=CC=N2)CC1,ASAP-0011498,Train,4.22,,O=C(CC1=CN=CC2=CC=CC=C12)N1CCC(CC2=CC=CC=N2)CC1,O=C(Cc1cncc2ccccc12)N1CCC(Cc2ccccn2)CC1
O=C1N[C@]2(C[C@@H](C3=C(Cl)C=CC=C3)C2)C(=O)N1C1=CN=CC2=CC=CC=C12,ASAP-0000153,Train,6.5,7.84,O=C1N[C@]2(C[C@@H](C3=C(Cl)C=CC=C3)C2)C(=O)N1C1=CN=CC2=CC=CC=C12,O=C1N[C@]2(C[C@@H](c3ccccc3Cl)C2)C(=O)N1c1cncc2ccccc12
CCC1=CC=C(CNC(=O)CN2CC3=CC=C(Cl)C=C3[C@H](C(=O)NC3=CN=CC4=CC=CC=C34)C2)C=C1 |&1:20|,ASAP-0000215,Train,6.03,6.99,CCC1=CC=C(CNC(=O)CN2CC3=CC=C(Cl)C=C3[C@H](C(=O)NC3=CN=CC4=CC=CC=C34)C2)C=C1,CCc1ccc(CNC(=O)CN2Cc3ccc(Cl)cc3[C@H](C(=O)Nc3cncc4ccccc34)C2)cc1
CN1C(=O)N(C2=CN=CC3=CC=CC=C23)C(=O)[C@@H]1CC1=CC=CC=C1,ASAP-0000532,Train,,4.06,CN1C(=O)N(C2=CN=CC3=CC=CC=C23)C(=O)[C@@H]1CC1=CC=CC=C1,CN1C(=O)N(c2cncc3ccccc23)C(=O)[C@@H]1Cc1ccccc1
COC1=CC=CC(C[C@H]2CCCN2C(=O)CC2=CN=CC3=CC=CC=C23)=C1 |o1:8|,ASAP-0030943,Train,4.05,5.28,COC1=CC=CC(C[C@H]2CCCN2C(=O)CC2=CN=CC3=CC=CC=C23)=C1,COc1cccc(C[C@H]2CCCN2C(=O)Cc2cncc3ccccc23)c1
N#CC1=CC=C(N(CC2=CC=CC=C2)C(=O)CC2=CN=CC3=CC=CC=C23)C=C1,ASAP-0008359,Train,5.69,4.89,N#CC1=CC=C(N(CC2=CC=CC=C2)C(=O)CC2=CN=CC3=CC=CC=C23)C=C1,N#Cc1ccc(N(Cc2ccccc2)C(=O)Cc2cncc3ccccc23)cc1
CCC1=NOC([C@H]2CCCN2C(=O)CC2=CN=CC3=CC=CC=C23)=C1 |&1:6|,ASAP-0029434,Train,,4.25,CCC1=NOC([C@H]2CCCN2C(=O)CC2=CN=CC3=CC=CC=C23)=C1,CCc1cc([C@H]2CCCN2C(=O)Cc2cncc3ccccc23)on1
"CC[C@H]1C[C@@H](C(F)(F)F)CCN1C(=O)CC1=CN=CC2=CC=CC=C12 |&1:2,4|",ASAP-0029363,Train,5.64,5.89,CC[C@H]1C[C@@H](C(F)(F)F)CCN1C(=O)CC1=CN=CC2=CC=CC=C12,CC[C@H]1C[C@@H](C(F)(F)F)CCN1C(=O)Cc1cncc2ccccc12
CC[C@H](C)OC1CCN(C(=O)CC2=CN=CC3=CC=CC=C23)CC1 |&1:2|,ASAP-0029695,Train,,4.33,CC[C@H](C)OC1CCN(C(=O)CC2=CN=CC3=CC=CC=C23)CC1,CC[C@H](C)OC1CCN(C(=O)Cc2cncc3ccccc23)CC1
N=C(N)NCC1=CC=C(OC(=O)NC2=CC=CC=C2)C=C1,ASAP-0008470,Train,4.2,5.13,N=C(N)NCC1=CC=C(OC(=O)NC2=CC=CC=C2)C=C1,N=C(N)NCc1ccc(OC(=O)Nc2ccccc2)cc1
CC(C)C[C@H](NC(=O)OC1CC2(C1)CN(C(=O)CC1=CC=CC=C1)C2)C(=O)N[C@H](C=O)C[C@@H]1CCNC1=O,ASAP-0008269,Train,4.7,4.2,CC(C)C[C@H](NC(=O)OC1CC2(C1)CN(C(=O)CC1=CC=CC=C1)C2)C(=O)N[C@H](C=O)C[C@@H]1CCNC1=O,CC(C)C[C@H](NC(=O)OC1CC2(C1)CN(C(=O)Cc1ccccc1)C2)C(=O)N[C@H](C=O)C[C@@H]1CCNC1=O
"C[C@H]1CC[C@H]2CCCN(C(=O)CC3=CN=CC4=CC=CC=C34)[C@H]2C1 |&1:1,&2:4,&3:22|",ASAP-0008384,Train,4.27,4.92,C[C@H]1CC[C@H]2CCCN(C(=O)CC3=CN=CC4=CC=CC=C34)[C@H]2C1,C[C@H]1CC[C@H]2CCCN(C(=O)Cc3cncc4ccccc34)[C@H]2C1
O=C(NCCN1C(=O)CC2=CC=CC=C21)C1=CN=CC2=CC=CC=C12,ASAP-0000818,Train,4.21,,O=C(NCCN1C(=O)CC2=CC=CC=C21)C1=CN=CC2=CC=CC=C12,O=C(NCCN1C(=O)Cc2ccccc21)c1cncc2ccccc12
C[C@H](C1=CC=CC=C1)N(C(=O)CC1=CN=CC2=CC=CC=C12)C1CCN(C)CC1,ASAP-0008501,Train,4.28,4.7,C[C@H](C1=CC=CC=C1)N(C(=O)CC1=CN=CC2=CC=CC=C12)C1CCN(C)CC1,C[C@H](c1ccccc1)N(C(=O)Cc1cncc2ccccc12)C1CCN(C)CC1
O=C1NC2=CC=C(Cl)C=C2[C@]12CCN(C1=CN=CC3=CC=CC=C13)C2=O |o1:10|,ASAP-0011338,Train,5.59,6.44,O=C1NC2=CC=C(Cl)C=C2[C@]12CCN(C1=CN=CC3=CC=CC=C13)C2=O,O=C1Nc2ccc(Cl)cc2[C@]12CCN(c1cncc3ccccc13)C2=O
C=C(CN(C(=O)[C@H]1CN(CC(=O)NC)CC2=CC=C(Cl)C=C21)C1=CN=CC2=CC=CC=C12)C(=O)NC1=NC=C(C(F)(F)F)C=C1,ASAP-0012168,Train,,6.53,C=C(CN(C(=O)[C@H]1CN(CC(=O)NC)CC2=CC=C(Cl)C=C21)C1=CN=CC2=CC=CC=C12)C(=O)NC1=NC=C(C(F)(F)F)C=C1,C=C(CN(C(=O)[C@H]1CN(CC(=O)NC)Cc2ccc(Cl)cc21)c1cncc2ccccc12)C(=O)Nc1ccc(C(F)(F)F)cn1
"CC[C@@H]1C[C@H](C)CCN1C(=O)CC1=CN=CC2=CC=CC=C12 |&1:2,4|",ASAP-0031834,Train,5.59,5.64,CC[C@@H]1C[C@H](C)CCN1C(=O)CC1=CN=CC2=CC=CC=C12,CC[C@@H]1C[C@H](C)CCN1C(=O)Cc1cncc2ccccc12
O=C(CC1=CN=CC2=CC=CC=C12)N1CCC2(CCC2)CC1,ASAP-0029653,Train,5.14,5.85,O=C(CC1=CN=CC2=CC=CC=C12)N1CCC2(CCC2)CC1,O=C(Cc1cncc2ccccc12)N1CCC2(CCC2)CC1
"CNC(=O)CN1C[C@@]2(C(=O)N(C3=CN=CC4=CC=CC=C34)C[C@@H]2COC(C)C)C2=CC(Cl)=CC=C2C1=O |a:7,22|",ASAP-0013832,Train,5.55,6.94,CNC(=O)CN1C[C@@]2(C(=O)N(C3=CN=CC4=CC=CC=C34)C[C@@H]2COC(C)C)C2=CC(Cl)=CC=C2C1=O,CNC(=O)CN1C[C@@]2(C(=O)N(c3cncc4ccccc34)C[C@@H]2COC(C)C)c2cc(Cl)ccc2C1=O
CC(C)C[C@H]1CN(C(=O)COS(=O)(=O)N2CCNCC2)CCN1CC1=CC=CC(Cl)=C1 |&1:4|,ASAP-0008331,Train,4.25,6.92,CC(C)C[C@H]1CN(C(=O)COS(=O)(=O)N2CCNCC2)CCN1CC1=CC=CC(Cl)=C1,CC(C)C[C@H]1CN(C(=O)COS(=O)(=O)N2CCNCC2)CCN1Cc1cccc(Cl)c1
"C[C@H]1[C@@H]2CCN(C(=O)CC3=CN=CC4=CC=CC=C34)C[C@H]12 |&1:1,2,20|",ASAP-0029680,Train,5.34,5.58,C[C@H]1[C@@H]2CCN(C(=O)CC3=CN=CC4=CC=CC=C34)C[C@H]12,C[C@@H]1[C@H]2CN(C(=O)Cc3cncc4ccccc34)CC[C@@H]12
"CO[C@H]1C[C@H](O)CN(C(=O)CC2=CN=CC3=CC=CC=C23)C1 |a:2,4|",ASAP-0031852,Train,4.17,,CO[C@H]1C[C@H](O)CN(C(=O)CC2=CN=CC3=CC=CC=C23)C1,CO[C@H]1C[C@H](O)CN(C(=O)Cc2cncc3ccccc23)C1
O=C(CC1=CN=CC2=CC=CC=C12)N1CC[C@]2(CCCC3=CC=CC=C32)C1 |o1:16|,ASAP-0030703,Train,4.53,5.54,O=C(CC1=CN=CC2=CC=CC=C12)N1CC[C@]2(CCCC3=CC=CC=C32)C1,O=C(Cc1cncc2ccccc12)N1CC[C@]2(CCCc3ccccc32)C1
"C[C@H]1[C@@H]2CN(C(=O)CC3=CN=CC4=CC=CC=C34)C[C@H]12 |a:1,2,19|",ASAP-0029576,Train,,5.0,C[C@H]1[C@@H]2CN(C(=O)CC3=CN=CC4=CC=CC=C34)C[C@H]12,C[C@@H]1[C@H]2CN(C(=O)Cc3cncc4ccccc34)C[C@@H]12
O=C(CC1=CN=CC2=CC=CC=C12)NC1=CC=CC=C1,ASAP-0008624,Train,4.29,4.0,O=C(CC1=CN=CC2=CC=CC=C12)NC1=CC=CC=C1,O=C(Cc1cncc2ccccc12)Nc1ccccc1
CN1N=CC=C1C[C@H]1CCCN1C(=O)CC1=CN=CC2=CC=CC=C12 |a:7|,ASAP-0029848,Train,4.36,4.12,CN1N=CC=C1C[C@H]1CCCN1C(=O)CC1=CN=CC2=CC=CC=C12,Cn1nccc1C[C@H]1CCCN1C(=O)Cc1cncc2ccccc12
CC1=CSC(C[C@H]2CCCN(C(=O)CC3=CN=CC4=CC=CC=C34)C2)=N1 |&1:6|,ASAP-0029485,Train,,4.17,CC1=CSC(C[C@H]2CCCN(C(=O)CC3=CN=CC4=CC=CC=C34)C2)=N1,Cc1csc(C[C@H]2CCCN(C(=O)Cc3cncc4ccccc34)C2)n1
N#CC1CC2(CCN(C(=O)CC3=CN=CC4=CC=CC=C34)C2)C1,ASAP-0029925,Train,,4.06,N#CC1CC2(CCN(C(=O)CC3=CN=CC4=CC=CC=C34)C2)C1,N#CC1CC2(CCN(C(=O)Cc3cncc4ccccc34)C2)C1
O=C(CC1=CN=CC2=CC=CC=C12)N1CCCC2=CC=CC=C21,ASAP-0008366,Train,4.74,4.68,O=C(CC1=CN=CC2=CC=CC=C12)N1CCCC2=CC=CC=C21,O=C(Cc1cncc2ccccc12)N1CCCc2ccccc21
CN1N=CC(C2CCC2)=C1CNC(=O)C1=CN=CC2=CC=CC=C12,ASAP-0000794,Train,4.16,4.25,CN1N=CC(C2CCC2)=C1CNC(=O)C1=CN=CC2=CC=CC=C12,Cn1ncc(C2CCC2)c1CNC(=O)c1cncc2ccccc12
CC1=CC=CC2=C1C=C(CNC(=O)C1=CN=CC3=CC=CC=C13)N2,ASAP-0000809,Train,3.66,4.87,CC1=CC=CC2=C1C=C(CNC(=O)C1=CN=CC3=CC=CC=C13)N2,Cc1cccc2[nH]c(CNC(=O)c3cncc4ccccc34)cc12
COC1=CC=C(CNC(=O)CN2CC3=CC=C(Cl)C=C3[C@H](C(=O)NC3=CN=CC4=CC=CC=C34)C2)C=C1OC |&1:20|,ASAP-0000207,Train,5.72,6.94,COC1=CC=C(CNC(=O)CN2CC3=CC=C(Cl)C=C3[C@H](C(=O)NC3=CN=CC4=CC=CC=C34)C2)C=C1OC,COc1ccc(CNC(=O)CN2Cc3ccc(Cl)cc3[C@H](C(=O)Nc3cncc4ccccc34)C2)cc1OC
C=CC[C@H](NC1=CC(Cl)=CC(NC(=O)OCC2=CC=CC=C2)=C1)C1=CC=CC(CN)=C1 |&1:3|,ASAP-0027971,Train,4.43,4.43,C=CC[C@H](NC1=CC(Cl)=CC(NC(=O)OCC2=CC=CC=C2)=C1)C1=CC=CC(CN)=C1,C=CC[C@H](Nc1cc(Cl)cc(NC(=O)OCc2ccccc2)c1)c1cccc(CN)c1
"O=C(CC1=CN=CC2=CC=CC=C12)N1CC[C@H]2CC[C@H]1C2 |&1:16,&2:19|",ASAP-0031123,Train,4.81,4.67,O=C(CC1=CN=CC2=CC=CC=C12)N1CC[C@H]2CC[C@H]1C2,O=C(Cc1cncc2ccccc12)N1CC[C@H]2CC[C@H]1C2
O=C(CC1=CN=CC2=CC=CC=C12)N1CC(F)(F)C[C@H]1C1=CC=CC=C1 |&1:19|,ASAP-0011467,Train,5.11,4.55,O=C(CC1=CN=CC2=CC=CC=C12)N1CC(F)(F)C[C@H]1C1=CC=CC=C1,O=C(Cc1cncc2ccccc12)N1CC(F)(F)C[C@H]1c1ccccc1
O=C(CN1CC2=CC=C(Cl)C=C2[C@H](C(=O)NC2=CN=CC3=CC=CC=C23)C1)NCC1=CC=CC(Br)=C1 |&1:12|,ASAP-0000155,Train,4.84,7.35,O=C(CN1CC2=CC=C(Cl)C=C2[C@H](C(=O)NC2=CN=CC3=CC=CC=C23)C1)NCC1=CC=CC(Br)=C1,O=C(CN1Cc2ccc(Cl)cc2[C@H](C(=O)Nc2cncc3ccccc23)C1)NCc1cccc(Br)c1
"O=C(CC1=CN=CC2=CC=CC=C12)N1C[C@H]2CCCS(=O)(=O)[C@H]2C1 |&1:15,22|",ASAP-0029776,Train,,4.04,O=C(CC1=CN=CC2=CC=CC=C12)N1C[C@H]2CCCS(=O)(=O)[C@H]2C1,O=C(Cc1cncc2ccccc12)N1C[C@H]2CCCS(=O)(=O)[C@H]2C1
C=C(CN(C(=O)[C@H]1CN(CC(=O)NC)CC2=CC=C(Cl)C=C21)C1=CN=CC2=CC=CC=C12)C(=O)N(CC1=CC=CC=C1)[C@H]1CCS(=O)(=O)C1,ASAP-0011892,Train,9.0,,C=C(CN(C(=O)[C@H]1CN(CC(=O)NC)CC2=CC=C(Cl)C=C21)C1=CN=CC2=CC=CC=C12)C(=O)N(CC1=CC=CC=C1)[C@H]1CCS(=O)(=O)C1,C=C(CN(C(=O)[C@H]1CN(CC(=O)NC)Cc2ccc(Cl)cc21)c1cncc2ccccc12)C(=O)N(Cc1ccccc1)[C@H]1CCS(=O)(=O)C1
"C[C@H]1C[C@@H](C(F)(F)F)CCN1C(=O)CC1=CN=CC2=CC=CC=C12 |&1:1,3|",ASAP-0029598,Train,5.56,5.93,C[C@H]1C[C@@H](C(F)(F)F)CCN1C(=O)CC1=CN=CC2=CC=CC=C12,C[C@H]1C[C@@H](C(F)(F)F)CCN1C(=O)Cc1cncc2ccccc12
"N#CC1[C@H]2CC[C@H]1CN(C(=O)CC1=CN=CC3=CC=CC=C13)C2 |&1:3,&2:6|",ASAP-0029884,Train,,4.86,N#CC1[C@H]2CC[C@H]1CN(C(=O)CC1=CN=CC3=CC=CC=C13)C2,N#CC1[C@H]2CC[C@H]1CN(C(=O)Cc1cncc3ccccc13)C2
O=C(CC1=C(F)C(F)=CC=C1)NC1=CN=CC2=CC=CC=C12,ASAP-0000711,Train,4.95,4.66,O=C(CC1=C(F)C(F)=CC=C1)NC1=CN=CC2=CC=CC=C12,O=C(Cc1cccc(F)c1F)Nc1cncc2ccccc12
CNC(=O)CN(CC1=CC=CC(Cl)=C1)C(=O)CC1=CN=CC2=CC=CC=C12,ASAP-0031815,Train,4.64,5.36,CNC(=O)CN(CC1=CC=CC(Cl)=C1)C(=O)CC1=CN=CC2=CC=CC=C12,CNC(=O)CN(Cc1cccc(Cl)c1)C(=O)Cc1cncc2ccccc12
CC(F)(F)[C@H](C(=O)NC1=CN=CC2=CC=CC=C12)C1=CC=CC=C1 |&1:4|,ASAP-0000657,Train,3.95,4.91,CC(F)(F)[C@H](C(=O)NC1=CN=CC2=CC=CC=C12)C1=CC=CC=C1,CC(F)(F)[C@H](C(=O)Nc1cncc2ccccc12)c1ccccc1
COC1=CC=C(C(=O)NC2=CC=CC(/C=C3/C(=O)NC(=O)C4=CC=CC=C34)=C2)C=C1,ASAP-0013646,Train,,5.04,COC1=CC=C(C(=O)NC2=CC=CC(/C=C3/C(=O)NC(=O)C4=CC=CC=C34)=C2)C=C1,COc1ccc(C(=O)Nc2cccc(/C=C3/C(=O)NC(=O)c4ccccc43)c2)cc1
"CC1=NN=C(NC[C@H]2CN(C3=CN=CC4=CC=CC=C34)C(=O)[C@@]23CN(CC2=NNC=C2)C(=O)C2=CC=C(Cl)C=C23)O1 |a:7,22|",ASAP-0031001,Train,6.93,7.68,CC1=NN=C(NC[C@H]2CN(C3=CN=CC4=CC=CC=C34)C(=O)[C@@]23CN(CC2=NNC=C2)C(=O)C2=CC=C(Cl)C=C23)O1,Cc1nnc(NC[C@H]2CN(c3cncc4ccccc34)C(=O)[C@@]23CN(Cc2cc[nH]n2)C(=O)c2ccc(Cl)cc23)o1
C[C@H]1C2=CC=CN=C2CCN1C(=O)CC1=CN=CC2=CC=CC=C12 |&1:1|,ASAP-0031463,Train,4.28,4.34,C[C@H]1C2=CC=CN=C2CCN1C(=O)CC1=CN=CC2=CC=CC=C12,C[C@H]1c2cccnc2CCN1C(=O)Cc1cncc2ccccc12
CC(C)CC1CCN(C(=O)CC2=CN=CC3=CC=CC=C23)CC1,ASAP-0031878,Train,4.46,5.31,CC(C)CC1CCN(C(=O)CC2=CN=CC3=CC=CC=C23)CC1,CC(C)CC1CCN(C(=O)Cc2cncc3ccccc23)CC1
"CNCCN1C[C@@]2(C(=O)N(C3=CN=CC4=CC=CC=C34)C[C@@H]2COCC2CS(=O)(=O)C2)C2=CC(Cl)=CC=C2C1=O |a:6,21|",ASAP-0017447,Train,6.39,7.26,CNCCN1C[C@@]2(C(=O)N(C3=CN=CC4=CC=CC=C34)C[C@@H]2COCC2CS(=O)(=O)C2)C2=CC(Cl)=CC=C2C1=O,CNCCN1C[C@@]2(C(=O)N(c3cncc4ccccc34)C[C@@H]2COCC2CS(=O)(=O)C2)c2cc(Cl)ccc2C1=O
O=C(CC1=C(Cl)C(Cl)=CC=C1)NC1=CN=CC2=CC=CC=C12,ASAP-0000643,Train,5.03,,O=C(CC1=C(Cl)C(Cl)=CC=C1)NC1=CN=CC2=CC=CC=C12,O=C(Cc1cccc(Cl)c1Cl)Nc1cncc2ccccc12
"C[C@H]1CCC[C@H](CCN(C)C)N1C(=O)CC1=CN=CC2=CC=CC=C12 |&1:1,&2:5|",ASAP-0029490,Train,,4.24,C[C@H]1CCC[C@H](CCN(C)C)N1C(=O)CC1=CN=CC2=CC=CC=C12,C[C@H]1CCC[C@H](CCN(C)C)N1C(=O)Cc1cncc2ccccc12
CC1=CC=C2NC=C(CCNC(=O)CN3CC4=CC=C(Cl)C=C4[C@H](C(=O)NC4=CN=CC5=CC=CC=C45)C3)C2=C1 |&1:23|,ASAP-0000209,Train,5.64,7.12,CC1=CC=C2NC=C(CCNC(=O)CN3CC4=CC=C(Cl)C=C4[C@H](C(=O)NC4=CN=CC5=CC=CC=C45)C3)C2=C1,Cc1ccc2[nH]cc(CCNC(=O)CN3Cc4ccc(Cl)cc4[C@H](C(=O)Nc4cncc5ccccc45)C3)c2c1
CC1=CSC(N2CCCN(C(=O)CC3=CN=CC4=CC=CC=C34)CC2)=N1,ASAP-0011391,Train,4.28,,CC1=CSC(N2CCCN(C(=O)CC3=CN=CC4=CC=CC=C34)CC2)=N1,Cc1csc(N2CCCN(C(=O)Cc3cncc4ccccc34)CC2)n1
CN1C[C@H](C(=O)NC2=CN=CC3=CC=CC=C23)C2=CC(CO)=CC=C2C1=O |o1:3|,ASAP-0008585,Train,3.83,4.34,CN1C[C@H](C(=O)NC2=CN=CC3=CC=CC=C23)C2=CC(CO)=CC=C2C1=O,CN1C[C@H](C(=O)Nc2cncc3ccccc23)c2cc(CO)ccc2C1=O
O=C(CC1=CN=CC2=CC=CC=C12)N1CCCN2C3=CC=CC=C3C[C@H]2C1 |&1:25|,ASAP-0011280,Train,4.44,4.84,O=C(CC1=CN=CC2=CC=CC=C12)N1CCCN2C3=CC=CC=C3C[C@H]2C1,O=C(Cc1cncc2ccccc12)N1CCCN2c3ccccc3C[C@H]2C1
CCOC[C@]1(C)C(=O)N(C2=CN=CC3=CC=CC=C23)C(=O)N1C |&1:4|,ASAP-0000149,Train,8.16,,CCOC[C@]1(C)C(=O)N(C2=CN=CC3=CC=CC=C23)C(=O)N1C,CCOC[C@]1(C)C(=O)N(c2cncc3ccccc23)C(=O)N1C
O=C(CC1=CN=CC2=CC=CC=C12)N1CCC[C@H]1CN1C=NC=N1 |&1:17|,ASAP-0011396,Train,4.36,,O=C(CC1=CN=CC2=CC=CC=C12)N1CCC[C@H]1CN1C=NC=N1,O=C(Cc1cncc2ccccc12)N1CCC[C@H]1Cn1cncn1
O=C(CC1=CN=CC2=CC=CC=C12)N1CCC2(CCOC2)CC1,ASAP-0029662,Train,,4.97,O=C(CC1=CN=CC2=CC=CC=C12)N1CCC2(CCOC2)CC1,O=C(Cc1cncc2ccccc12)N1CCC2(CCOC2)CC1
CN1C[C@H](C(=O)NC2=CN=CC3=CC=CC=C23)C2=CC(F)=CC=C2C1=O |o1:3|,ASAP-0008330,Train,5.42,6.34,CN1C[C@H](C(=O)NC2=CN=CC3=CC=CC=C23)C2=CC(F)=CC=C2C1=O,CN1C[C@H](C(=O)Nc2cncc3ccccc23)c2cc(F)ccc2C1=O
CNC(=O)C1=CC=C2C(=O)N(C)C[C@H](C(=O)NC3=CN=CC4=CC=CC=C34)C2=C1 |o1:13|,ASAP-0008473,Train,4.29,4.4,CNC(=O)C1=CC=C2C(=O)N(C)C[C@H](C(=O)NC3=CN=CC4=CC=CC=C34)C2=C1,CNC(=O)c1ccc2c(c1)[C@@H](C(=O)Nc1cncc3ccccc13)CN(C)C2=O
CNC(=O)CN1C[C@@]2(C(=O)N(C3=CN=CC4=CC=CC=C34)C[C@@H]2C)C2=CC=C(F)C=C2C1=O,ASAP-0000734,Train,5.35,6.28,CNC(=O)CN1C[C@@]2(C(=O)N(C3=CN=CC4=CC=CC=C34)C[C@@H]2C)C2=CC=C(F)C=C2C1=O,CNC(=O)CN1C[C@@]2(C(=O)N(c3cncc4ccccc34)C[C@@H]2C)c2ccc(F)cc2C1=O
CN1CCN(C2=CC=C(NC(=O)CN3CC4=CC=C(Cl)C=C4[C@H](C(=O)NC4=CN=CC5=CC=CC=C45)C3)C=C2)CC1 |&1:22|,ASAP-0000219,Train,5.64,6.69,CN1CCN(C2=CC=C(NC(=O)CN3CC4=CC=C(Cl)C=C4[C@H](C(=O)NC4=CN=CC5=CC=CC=C45)C3)C=C2)CC1,CN1CCN(c2ccc(NC(=O)CN3Cc4ccc(Cl)cc4[C@H](C(=O)Nc4cncc5ccccc45)C3)cc2)CC1
COC1=CC2=CN=CC(CC(=O)N(CC3=CC=CC(Cl)=C3)C3=CC=C(N(C)C)C=N3)=C2C=C1OC,ASAP-0008453,Train,4.58,5.84,COC1=CC2=CN=CC(CC(=O)N(CC3=CC=CC(Cl)=C3)C3=CC=C(N(C)C)C=N3)=C2C=C1OC,COc1cc2cncc(CC(=O)N(Cc3cccc(Cl)c3)c3ccc(N(C)C)cn3)c2cc1OC
CN(CC1=CN=C2C=CC=CN12)C(=O)C1=CN=CC2=CC=CC=C12,ASAP-0008282,Train,4.94,,CN(CC1=CN=C2C=CC=CN12)C(=O)C1=CN=CC2=CC=CC=C12,CN(Cc1cnc2ccccn12)C(=O)c1cncc2ccccc12
O=C(CC1=CN=CC2=CC=CC=C12)N1CCC[C@H]1CC1=CC=CN=C1 |&1:17|,ASAP-0011388,Train,4.55,,O=C(CC1=CN=CC2=CC=CC=C12)N1CCC[C@H]1CC1=CC=CN=C1,O=C(Cc1cncc2ccccc12)N1CCC[C@H]1Cc1cccnc1
"CC(C)O[C@H]1CCN(C(=O)CC2=CN=CC3=CC=CC=C23)[C@@H](C)C1 |&1:4,21|",ASAP-0029665,Train,,4.39,CC(C)O[C@H]1CCN(C(=O)CC2=CN=CC3=CC=CC=C23)[C@@H](C)C1,CC(C)O[C@H]1CCN(C(=O)Cc2cncc3ccccc23)[C@@H](C)C1
O=C(CC1=CN=CC2=CC=CC=C12)N1CC(C2CCCCC2)C1,ASAP-0011160,Train,4.59,4.74,O=C(CC1=CN=CC2=CC=CC=C12)N1CC(C2CCCCC2)C1,O=C(Cc1cncc2ccccc12)N1CC(C2CCCCC2)C1
COCCC1CCN(C(=O)CC2=CN=CC3=CC=CC=C23)CC1,ASAP-0029696,Train,,5.0,COCCC1CCN(C(=O)CC2=CN=CC3=CC=CC=C23)CC1,COCCC1CCN(C(=O)Cc2cncc3ccccc23)CC1
O=C(CC1=CN=CC2=CC=CC=C12)N1CCC[C@H]1CCCN1C=CC=N1 |&1:17|,ASAP-0029452,Train,,4.15,O=C(CC1=CN=CC2=CC=CC=C12)N1CCC[C@H]1CCCN1C=CC=N1,O=C(Cc1cncc2ccccc12)N1CCC[C@H]1CCCn1cccn1
O=C(CC1=CN=CC2=CC=CC=C12)N1CCCCC[C@H]1CC1=CC=CS1 |&1:19|,ASAP-0011470,Train,4.54,4.85,O=C(CC1=CN=CC2=CC=CC=C12)N1CCCCC[C@H]1CC1=CC=CS1,O=C(Cc1cncc2ccccc12)N1CCCCC[C@H]1Cc1cccs1
O=C(CC1=CN=CC2=CC=CC=C12)N1CC[C@H](C2(C3=CC=CC=C3)CC2)C1 |&1:16|,ASAP-0011471,Train,4.39,4.95,O=C(CC1=CN=CC2=CC=CC=C12)N1CC[C@H](C2(C3=CC=CC=C3)CC2)C1,O=C(Cc1cncc2ccccc12)N1CC[C@H](C2(c3ccccc3)CC2)C1
O=C(C1=CN=CC2=CC=CC=C12)N1CCC[C@H]1C1=CC=CC=C1,ASAP-0000831,Train,4.27,,O=C(C1=CN=CC2=CC=CC=C12)N1CCC[C@H]1C1=CC=CC=C1,O=C(c1cncc2ccccc12)N1CCC[C@H]1c1ccccc1
CCC1=NC([C@H]2CCCN2C(=O)CC2=CN=CC3=CC=CC=C23)=NO1 |&1:5|,ASAP-0029528,Train,,4.2,CCC1=NC([C@H]2CCCN2C(=O)CC2=CN=CC3=CC=CC=C23)=NO1,CCc1nc([C@H]2CCCN2C(=O)Cc2cncc3ccccc23)no1
"CC[C@H]1C[C@@H](C(F)(F)F)CCN1C(=O)CC1=CN=CC2=CC=CC=C12 |o1:2,4|",ASAP-0030921,Train,5.49,6.13,CC[C@H]1C[C@@H](C(F)(F)F)CCN1C(=O)CC1=CN=CC2=CC=CC=C12,CC[C@H]1C[C@@H](C(F)(F)F)CCN1C(=O)Cc1cncc2ccccc12
"O=C(CC1=CN=CC2=CC=CC=C12)N1C[C@H]2C=C[C@H]1CC2 |&1:15,&2:18|",ASAP-0029459,Train,,4.66,O=C(CC1=CN=CC2=CC=CC=C12)N1C[C@H]2C=C[C@H]1CC2,O=C(Cc1cncc2ccccc12)N1C[C@H]2C=C[C@H]1CC2
CN(C)C1=NOC([C@H]2CCCN2C(=O)CC2=CN=CC3=CC=CC=C23)=N1 |&1:7|,ASAP-0030029,Train,4.51,,CN(C)C1=NOC([C@H]2CCCN2C(=O)CC2=CN=CC3=CC=CC=C23)=N1,CN(C)c1noc([C@H]2CCCN2C(=O)Cc2cncc3ccccc23)n1
CO[C@]1(C(F)(F)F)CCN(C(=O)CC2=CN=CC3=CC=CC=C23)C1 |o1:2|,ASAP-0030879,Train,4.48,5.15,CO[C@]1(C(F)(F)F)CCN(C(=O)CC2=CN=CC3=CC=CC=C23)C1,CO[C@]1(C(F)(F)F)CCN(C(=O)Cc2cncc3ccccc23)C1
O=C(CN1CC2=CC=C(Cl)C=C2[C@H](C(=O)NC2=CN=CC3=CC=CC=C23)C1)NCC1=CC=C(F)C=C1 |&1:12|,ASAP-0000161,Train,5.38,7.11,O=C(CN1CC2=CC=C(Cl)C=C2[C@H](C(=O)NC2=CN=CC3=CC=CC=C23)C1)NCC1=CC=C(F)C=C1,O=C(CN1Cc2ccc(Cl)cc2[C@H](C(=O)Nc2cncc3ccccc23)C1)NCc1ccc(F)cc1
"C[C@H]1CCN(C(=O)CC2=CN=CC3=CC=CC=C23)[C@@H](C)C1 |a:1,18|",ASAP-0029700,Train,5.2,5.49,C[C@H]1CCN(C(=O)CC2=CN=CC3=CC=CC=C23)[C@@H](C)C1,C[C@H]1CCN(C(=O)Cc2cncc3ccccc23)[C@@H](C)C1
O=C1C(C2=CC=CC(Cl)=C2)=CN=CN1C1=CN=CC2=CC=CC=C12,ASAP-0008245,Train,4.76,5.78,O=C1C(C2=CC=CC(Cl)=C2)=CN=CN1C1=CN=CC2=CC=CC=C12,O=c1c(-c2cccc(Cl)c2)cncn1-c1cncc2ccccc12
O=C(CC1=CN=CC2=CC=CC=C12)N1C[C@H](C2CCCCC2)C[C@H]1C(F)(F)F,ASAP-0008593,Train,4.26,,O=C(CC1=CN=CC2=CC=CC=C12)N1C[C@H](C2CCCCC2)C[C@H]1C(F)(F)F,O=C(Cc1cncc2ccccc12)N1C[C@H](C2CCCCC2)C[C@H]1C(F)(F)F
O=C1CC2(CCN(C(=O)CC3=CN=CC4=CC=CC=C34)CC2)CN1,ASAP-0029664,Train,,4.16,O=C1CC2(CCN(C(=O)CC3=CN=CC4=CC=CC=C34)CC2)CN1,O=C1CC2(CCN(C(=O)Cc3cncc4ccccc34)CC2)CN1
CC1=CC=C(O[C@H]2CCN(C(=O)CC3=CN=CC4=CC=CC=C34)C2)C=N1 |&1:6|,ASAP-0011370,Train,4.27,,CC1=CC=C(O[C@H]2CCN(C(=O)CC3=CN=CC4=CC=CC=C34)C2)C=N1,Cc1ccc(O[C@H]2CCN(C(=O)Cc3cncc4ccccc34)C2)cn1
O=C(CC1=CN=CC2=CC=CC=C12)N1CCC2(CC1)C[C@H]2F |&1:20|,ASAP-0029551,Train,4.57,5.11,O=C(CC1=CN=CC2=CC=CC=C12)N1CCC2(CC1)C[C@H]2F,O=C(Cc1cncc2ccccc12)N1CCC2(CC1)C[C@H]2F
O=C(CC1=CN=CC2=CC=CC=C12)N1CCCC2(CC2)C1,ASAP-0031887,Train,4.11,4.41,O=C(CC1=CN=CC2=CC=CC=C12)N1CCCC2(CC2)C1,O=C(Cc1cncc2ccccc12)N1CCCC2(CC2)C1
C[C@@H](C(=O)N(C)CC1=CC=CC(Cl)=C1F)C1=CN=CC2=CC=CC=C12,ASAP-0008677,Train,3.88,,C[C@@H](C(=O)N(C)CC1=CC=CC(Cl)=C1F)C1=CN=CC2=CC=CC=C12,C[C@@H](C(=O)N(C)Cc1cccc(Cl)c1F)c1cncc2ccccc12
CC1=CC2=C(C=C1C)[C@H](C(=O)NC1=CN=CC3=CC=CC=C13)CO2 |&1:8|,ASAP-0000718,Train,5.29,5.34,CC1=CC2=C(C=C1C)[C@H](C(=O)NC1=CN=CC3=CC=CC=C13)CO2,Cc1cc2c(cc1C)[C@H](C(=O)Nc1cncc3ccccc13)CO2
"CC(=O)N1C[C@]2(CC[C@H]1C)NC(=O)N(C1=CN=CC3=CC=CC=C13)C2=O |&1:5,8|",ASAP-0000539,Train,4.34,4.21,CC(=O)N1C[C@]2(CC[C@H]1C)NC(=O)N(C1=CN=CC3=CC=CC=C13)C2=O,CC(=O)N1C[C@]2(CC[C@H]1C)NC(=O)N(c1cncc3ccccc13)C2=O
"O=C(CN1CC2=CC=C(Cl)C=C2[C@H](C(=O)NC2=CN=CC3=CC=CC=C23)C1)NCCCCCCCOC1=CC=CC2=C1C(=O)N([C@H]1CCC(=O)NC1=O)C2=O |&1:12,&2:45|",ASAP-0010735,Train,5.03,6.81,O=C(CN1CC2=CC=C(Cl)C=C2[C@H](C(=O)NC2=CN=CC3=CC=CC=C23)C1)NCCCCCCCOC1=CC=CC2=C1C(=O)N([C@H]1CCC(=O)NC1=O)C2=O,O=C(CN1Cc2ccc(Cl)cc2[C@H](C(=O)Nc2cncc3ccccc23)C1)NCCCCCCCOc1cccc2c1C(=O)N([C@H]1CCC(=O)NC1=O)C2=O
O=C(CC1=CN=CC2=CC=CC=C12)N1CCCCCC[C@H]1C1=CC=CC=C1 |&1:20|,ASAP-0008629,Train,5.59,5.27,O=C(CC1=CN=CC2=CC=CC=C12)N1CCCCCC[C@H]1C1=CC=CC=C1,O=C(Cc1cncc2ccccc12)N1CCCCCC[C@H]1c1ccccc1
COC1=CC=C(CNC2=CN=C([C@H](NC(=O)CCl)C3=CC=CC=C3)S2)C(OC)=C1 |&1:12|,ASAP-0000772,Train,4.11,4.33,COC1=CC=C(CNC2=CN=C([C@H](NC(=O)CCl)C3=CC=CC=C3)S2)C(OC)=C1,COc1ccc(CNc2cnc([C@H](NC(=O)CCl)c3ccccc3)s2)c(OC)c1
"C[C@H]1CN(C2=CN=CC3=CC=CC=C23)C(=O)[C@@]12CN(CC1=NC=CC=N1)C(=O)C1=CC=C(F)C=C12 |a:1,16|",ASAP-0014553,Train,5.44,6.25,C[C@H]1CN(C2=CN=CC3=CC=CC=C23)C(=O)[C@@]12CN(CC1=NC=CC=N1)C(=O)C1=CC=C(F)C=C12,C[C@H]1CN(c2cncc3ccccc23)C(=O)[C@@]12CN(Cc1ncccn1)C(=O)c1ccc(F)cc12
O=C(CC1=CN=CC2=CC=CC=C12)N1CCC([C@H]2CCOC2)CC1 |o1:17|,ASAP-0031881,Train,4.25,4.57,O=C(CC1=CN=CC2=CC=CC=C12)N1CCC([C@H]2CCOC2)CC1,O=C(Cc1cncc2ccccc12)N1CCC([C@H]2CCOC2)CC1
O=C1N[C@H](CC2=CC=CC=C2)C(=O)N1C1=CN=CC2=CC=CC=C12,ASAP-0000522,Train,4.87,4.5,O=C1N[C@H](CC2=CC=CC=C2)C(=O)N1C1=CN=CC2=CC=CC=C12,O=C1N[C@H](Cc2ccccc2)C(=O)N1c1cncc2ccccc12
CC(C)[C@H]1C2=C(CCN1C(=O)CC1=CN=CC3=CC=CC=C13)SC=C2 |o1:3|,ASAP-0031557,Train,4.6,5.49,CC(C)[C@H]1C2=C(CCN1C(=O)CC1=CN=CC3=CC=CC=C13)SC=C2,CC(C)[C@H]1c2ccsc2CCN1C(=O)Cc1cncc2ccccc12
O=C(CN1CC2=CC=C(Cl)C=C2[C@H](C(=O)NC2=CN=CC3=CC=CC=C23)C1)NC(C1=CC=CC=C1)C1=CC=CC=C1 |&1:12|,ASAP-0000218,Train,6.02,7.04,O=C(CN1CC2=CC=C(Cl)C=C2[C@H](C(=O)NC2=CN=CC3=CC=CC=C23)C1)NC(C1=CC=CC=C1)C1=CC=CC=C1,O=C(CN1Cc2ccc(Cl)cc2[C@H](C(=O)Nc2cncc3ccccc23)C1)NC(c1ccccc1)c1ccccc1
O=C(CC1=CN=CC2=CC=CC=C12)N1CCC(F)(F)CC1,ASAP-0029591,Train,5.18,5.17,O=C(CC1=CN=CC2=CC=CC=C12)N1CCC(F)(F)CC1,O=C(Cc1cncc2ccccc12)N1CCC(F)(F)CC1
O=C(CC1=CN=CC2=CC=CC=C12)N1CCCSC[C@H]1C(F)(F)F |&1:19|,ASAP-0011245,Train,4.04,4.36,O=C(CC1=CN=CC2=CC=CC=C12)N1CCCSC[C@H]1C(F)(F)F,O=C(Cc1cncc2ccccc12)N1CCCSC[C@H]1C(F)(F)F
O=C(CC1=CN=CC2=CC=CC=C12)N1CC[C@H]1CC1CCCC1 |&1:16|,ASAP-0011493,Train,4.62,4.92,O=C(CC1=CN=CC2=CC=CC=C12)N1CC[C@H]1CC1CCCC1,O=C(Cc1cncc2ccccc12)N1CC[C@H]1CC1CCCC1
O=C(CC1=CN=CC2=CC=CC=C12)N1CCC[C@H]1C1=CC=CC(F)=C1 |&1:17|,ASAP-0011434,Train,4.22,5.77,O=C(CC1=CN=CC2=CC=CC=C12)N1CCC[C@H]1C1=CC=CC(F)=C1,O=C(Cc1cncc2ccccc12)N1CCC[C@H]1c1cccc(F)c1
C=CC(=O)N1CCCC2=CC=C(N(CC3=CC=CC(Br)=C3)C(=O)CC3=CN=CC4=CC=CC=C34)C=C21,ASAP-0021181,Train,6.35,7.62,C=CC(=O)N1CCCC2=CC=C(N(CC3=CC=CC(Br)=C3)C(=O)CC3=CN=CC4=CC=CC=C34)C=C21,C=CC(=O)N1CCCc2ccc(N(Cc3cccc(Br)c3)C(=O)Cc3cncc4ccccc34)cc21
CC(C)[C@]1(C#N)CCN(C(=O)CC2=CN=CC3=CC=CC=C23)C1 |&1:3|,ASAP-0029408,Train,4.75,5.9,CC(C)[C@]1(C#N)CCN(C(=O)CC2=CN=CC3=CC=CC=C23)C1,CC(C)[C@]1(C#N)CCN(C(=O)Cc2cncc3ccccc23)C1
CN1C=C([C@H]2CCN(C(=O)CC3=CN=CC4=CC=CC=C34)C2)C=N1 |&1:4|,ASAP-0011273,Train,4.24,,CN1C=C([C@H]2CCN(C(=O)CC3=CN=CC4=CC=CC=C34)C2)C=N1,Cn1cc([C@H]2CCN(C(=O)Cc3cncc4ccccc34)C2)cn1
COC1=CC=CC=C1CNC(=O)CN1CC2=CC=C(Cl)C=C2[C@H](C(=O)NC2=CN=CC3=CC=CC=C23)C1 |&1:22|,ASAP-0000223,Train,5.79,6.96,COC1=CC=CC=C1CNC(=O)CN1CC2=CC=C(Cl)C=C2[C@H](C(=O)NC2=CN=CC3=CC=CC=C23)C1,COc1ccccc1CNC(=O)CN1Cc2ccc(Cl)cc2[C@H](C(=O)Nc2cncc3ccccc23)C1
CN(CC1=NN(C2=CC=CC=C2)N=C1)C(=O)C1=CN=CC2=CC=CC=C12,ASAP-0000828,Train,7.33,,CN(CC1=NN(C2=CC=CC=C2)N=C1)C(=O)C1=CN=CC2=CC=CC=C12,CN(Cc1cnn(-c2ccccc2)n1)C(=O)c1cncc2ccccc12
O=C(CC1=CN=CC2=CC=CC=C12)N1CCC[C@H]1C1=CC=CC(F)=C1F |&1:17|,ASAP-0030057,Train,4.01,5.27,O=C(CC1=CN=CC2=CC=CC=C12)N1CCC[C@H]1C1=CC=CC(F)=C1F,O=C(Cc1cncc2ccccc12)N1CCC[C@H]1c1cccc(F)c1F
C[C@]1(C2=CC=CC=C2)CCCN(C(=O)CC2=CN=CC3=CC=CC=C23)C1 |&1:1|,ASAP-0029342,Train,,4.57,C[C@]1(C2=CC=CC=C2)CCCN(C(=O)CC2=CN=CC3=CC=CC=C23)C1,C[C@]1(c2ccccc2)CCCN(C(=O)Cc2cncc3ccccc23)C1
O=C([C@H]1CC2=CC=CC=C2CN1C(=O)CC1=CN=CC2=CC=CC=C12)N1CCCC1 |&1:2|,ASAP-0011491,Train,4.21,4.61,O=C([C@H]1CC2=CC=CC=C2CN1C(=O)CC1=CN=CC2=CC=CC=C12)N1CCCC1,O=C([C@H]1Cc2ccccc2CN1C(=O)Cc1cncc2ccccc12)N1CCCC1
O=C(CC1=CN=CC2=CC=CC=C12)N1CC[C@H](N2CCCCC2)C1 |&1:16|,ASAP-0011512,Train,,4.08,O=C(CC1=CN=CC2=CC=CC=C12)N1CC[C@H](N2CCCCC2)C1,O=C(Cc1cncc2ccccc12)N1CC[C@H](N2CCCCC2)C1
C[C@H]1CN(C(=O)CC2=CN=CC3=CC=CC=C23)CC2=C1SC=C2 |o1:1|,ASAP-0031761,Train,4.6,5.92,C[C@H]1CN(C(=O)CC2=CN=CC3=CC=CC=C23)CC2=C1SC=C2,C[C@H]1CN(C(=O)Cc2cncc3ccccc23)Cc2ccsc21
"C[C@H]1CC[C@H]2C(=O)N(C3=CN=CC4=CC=CC=C34)C(=O)N2C1 |o1:1,4|",ASAP-0000183,Train,4.76,,C[C@H]1CC[C@H]2C(=O)N(C3=CN=CC4=CC=CC=C34)C(=O)N2C1,C[C@H]1CC[C@H]2C(=O)N(c3cncc4ccccc34)C(=O)N2C1
CO[C@H](C)C1CCN(C(=O)CC2=CN=CC3=CC=CC=C23)CC1 |&1:2|,ASAP-0029565,Train,4.12,5.34,CO[C@H](C)C1CCN(C(=O)CC2=CN=CC3=CC=CC=C23)CC1,CO[C@H](C)C1CCN(C(=O)Cc2cncc3ccccc23)CC1
O=C(CC1=CN=CC2=CC=CC=C12)N1CCC(C2=NC=CO2)CC1,ASAP-0011507,Train,4.3,4.11,O=C(CC1=CN=CC2=CC=CC=C12)N1CCC(C2=NC=CO2)CC1,O=C(Cc1cncc2ccccc12)N1CCC(c2ncco2)CC1
O=C(CC1=CN=CC2=CC=CC=C12)N1CCC2(O)CC1C2,ASAP-0031185,Train,4.22,,O=C(CC1=CN=CC2=CC=CC=C12)N1CCC2(O)CC1C2,O=C(Cc1cncc2ccccc12)N1CCC2(O)CC1C2
O=C(CC1=CN=CC2=CC=CC=C12)N1CC[C@](C2=CC=CC=C2)(C(F)(F)F)C1 |&1:16|,ASAP-0011481,Train,3.53,4.75,O=C(CC1=CN=CC2=CC=CC=C12)N1CC[C@](C2=CC=CC=C2)(C(F)(F)F)C1,O=C(Cc1cncc2ccccc12)N1CC[C@](c2ccccc2)(C(F)(F)F)C1
O=C(CC1=CN=CC2=CC=CC=C12)N1CC(CC2=CSC=C2)C1,ASAP-0011495,Train,4.29,4.65,O=C(CC1=CN=CC2=CC=CC=C12)N1CC(CC2=CSC=C2)C1,O=C(Cc1cncc2ccccc12)N1CC(Cc2ccsc2)C1
CN1CCC[C@]12CCCN(C(=O)CC1=CN=CC3=CC=CC=C13)C2 |&1:5|,ASAP-0011353,Train,6.69,,CN1CCC[C@]12CCCN(C(=O)CC1=CN=CC3=CC=CC=C13)C2,CN1CCC[C@]12CCCN(C(=O)Cc1cncc3ccccc13)C2
C=CC(=O)N1CCCC2=C1C=CC=C2N(CC1=CC=CC(N2CC3(CCC3)C2)=C1)C(=O)CC1=CN=CC2=CC=CC=C12,ASAP-0017433,Train,4.8,,C=CC(=O)N1CCCC2=C1C=CC=C2N(CC1=CC=CC(N2CC3(CCC3)C2)=C1)C(=O)CC1=CN=CC2=CC=CC=C12,C=CC(=O)N1CCCc2c1cccc2N(Cc1cccc(N2CC3(CCC3)C2)c1)C(=O)Cc1cncc2ccccc12
"CC(=O)N1C[C@@]2(CC[C@H]1C)NC(=O)N(C1=CN=CC3=CC=CC=C13)C2=O |&1:5,8|",ASAP-0000531,Train,4.44,4.36,CC(=O)N1C[C@@]2(CC[C@H]1C)NC(=O)N(C1=CN=CC3=CC=CC=C13)C2=O,CC(=O)N1C[C@@]2(CC[C@H]1C)NC(=O)N(c1cncc3ccccc13)C2=O
"CO[C@H]1CCN2C(=O)N(C3=CN=CC4=CC=CC=C34)C(=O)[C@H]2C1 |o1:2,21|",ASAP-0000231,Train,4.21,,CO[C@H]1CCN2C(=O)N(C3=CN=CC4=CC=CC=C34)C(=O)[C@H]2C1,CO[C@H]1CCN2C(=O)N(c3cncc4ccccc34)C(=O)[C@H]2C1
CNS(=O)(=O)OCC(=O)N[C@H](C)C1=CC(Cl)=CC(C2=CC=C(S(N)(=O)=O)C=C2)=C1 |&1:10|,ASAP-0000537,Train,4.19,5.76,CNS(=O)(=O)OCC(=O)N[C@H](C)C1=CC(Cl)=CC(C2=CC=C(S(N)(=O)=O)C=C2)=C1,CNS(=O)(=O)OCC(=O)N[C@H](C)c1cc(Cl)cc(-c2ccc(S(N)(=O)=O)cc2)c1
C=C(CN(C(=O)NC1=CN=CC2=CC=CC=C12)C1=CC=CC(Cl)=C1)C(=O)NCC,ASAP-0000519,Train,4.58,5.77,C=C(CN(C(=O)NC1=CN=CC2=CC=CC=C12)C1=CC=CC(Cl)=C1)C(=O)NCC,C=C(CN(C(=O)Nc1cncc2ccccc12)c1cccc(Cl)c1)C(=O)NCC
COC1=CC(CNC(=O)CN2CC3=CC=C(Cl)C=C3[C@H](C(=O)NC3=CN=CC4=CC=CC=C34)C2)=CC(OC)=C1 |&1:19|,ASAP-0000205,Train,5.95,7.16,COC1=CC(CNC(=O)CN2CC3=CC=C(Cl)C=C3[C@H](C(=O)NC3=CN=CC4=CC=CC=C34)C2)=CC(OC)=C1,COc1cc(CNC(=O)CN2Cc3ccc(Cl)cc3[C@H](C(=O)Nc3cncc4ccccc34)C2)cc(OC)c1
O=C(CC1=CN=CC2=CC=CC=C12)N1CCSC[C@H]1C1CCC1 |&1:18|,ASAP-0011362,Train,3.97,4.61,O=C(CC1=CN=CC2=CC=CC=C12)N1CCSC[C@H]1C1CCC1,O=C(Cc1cncc2ccccc12)N1CCSC[C@H]1C1CCC1
O=C(NC1=CN=CC2=CC=CC=C12)[C@H](CC(F)(F)F)C1=CC(F)=CC=C1 |&1:13|,ASAP-0000719,Train,4.1,5.2,O=C(NC1=CN=CC2=CC=CC=C12)[C@H](CC(F)(F)F)C1=CC(F)=CC=C1,O=C(Nc1cncc2ccccc12)[C@H](CC(F)(F)F)c1cccc(F)c1
CCOC1=CC=CC=C1CNC(=O)CN1CC2=CC=C(Cl)C=C2[C@H](C(=O)NC2=CN=CC3=CC=CC=C23)C1 |&1:23|,ASAP-0000212,Train,6.04,6.94,CCOC1=CC=CC=C1CNC(=O)CN1CC2=CC=C(Cl)C=C2[C@H](C(=O)NC2=CN=CC3=CC=CC=C23)C1,CCOc1ccccc1CNC(=O)CN1Cc2ccc(Cl)cc2[C@H](C(=O)Nc2cncc3ccccc23)C1
O=C(CC1=CN=CC2=CC=CC=C12)N1CCC[C@]2(C=CC3=CC=CC=C3O2)C1 |&1:17|,ASAP-0029324,Train,,4.17,O=C(CC1=CN=CC2=CC=CC=C12)N1CCC[C@]2(C=CC3=CC=CC=C3O2)C1,O=C(Cc1cncc2ccccc12)N1CCC[C@]2(C=Cc3ccccc3O2)C1
N#CC1=C(NC(=O)C2CCOC3=C2C=C(Cl)C=C3)C2=CC=CC=C2C=N1,ASAP-0000174,Train,4.06,,N#CC1=C(NC(=O)C2CCOC3=C2C=C(Cl)C=C3)C2=CC=CC=C2C=N1,N#Cc1ncc2ccccc2c1NC(=O)C1CCOc2ccc(Cl)cc21
N#CC[C@@H]1CCCN(C(=O)CC2=CN=CC3=CC=CC=C23)C1 |a:3|,ASAP-0031778,Train,4.3,4.34,N#CC[C@@H]1CCCN(C(=O)CC2=CN=CC3=CC=CC=C23)C1,N#CC[C@@H]1CCCN(C(=O)Cc2cncc3ccccc23)C1
O=C(CC1=CN=CC2=CC=CC=C12)N1CCOC[C@H]1C1=NC2=CC=CC=C2S1 |&1:18|,ASAP-0011476,Train,4.04,4.01,O=C(CC1=CN=CC2=CC=CC=C12)N1CCOC[C@H]1C1=NC2=CC=CC=C2S1,O=C(Cc1cncc2ccccc12)N1CCOC[C@H]1c1nc2ccccc2s1
O=C(CN1CC2=CC=C(Cl)C=C2[C@H](C(=O)NC2=CN=CC3=CC=CC=C23)C1)NCC1=CC=C(CCO)C=C1 |&1:12|,ASAP-0000167,Train,5.32,7.1,O=C(CN1CC2=CC=C(Cl)C=C2[C@H](C(=O)NC2=CN=CC3=CC=CC=C23)C1)NCC1=CC=C(CCO)C=C1,O=C(CN1Cc2ccc(Cl)cc2[C@H](C(=O)Nc2cncc3ccccc23)C1)NCc1ccc(CCO)cc1
CO[C@@H](C)CN1C[C@H](C(=O)NC2=CN=CC3=CC=CC=C23)C2=CC(Cl)=CC=C2C1=O |o1:7|,ASAP-0010713,Train,,4.33,CO[C@@H](C)CN1C[C@H](C(=O)NC2=CN=CC3=CC=CC=C23)C2=CC(Cl)=CC=C2C1=O,CO[C@@H](C)CN1C[C@H](C(=O)Nc2cncc3ccccc23)c2cc(Cl)ccc2C1=O
C#CC1(C)CCN(C(=O)CC2=CN=CC3=CC=CC=C23)CC1,ASAP-0031776,Train,4.99,5.33,C#CC1(C)CCN(C(=O)CC2=CN=CC3=CC=CC=C23)CC1,C#CC1(C)CCN(C(=O)Cc2cncc3ccccc23)CC1
O=C(CC1=CN=CC2=CC=CC=C12)N1CCC(CN2CCCC2=O)CC1,ASAP-0029524,Train,,4.46,O=C(CC1=CN=CC2=CC=CC=C12)N1CCC(CN2CCCC2=O)CC1,O=C(Cc1cncc2ccccc12)N1CCC(CN2CCCC2=O)CC1
CN1C[C@H](C(=O)NC2=CN=CC3=CC=CC=C23)C2=CC(CO)=CC=C2C1=O |o1:3|,ASAP-0008586,Train,4.23,,CN1C[C@H](C(=O)NC2=CN=CC3=CC=CC=C23)C2=CC(CO)=CC=C2C1=O,CN1C[C@H](C(=O)Nc2cncc3ccccc23)c2cc(CO)ccc2C1=O
"O=C(COS(=O)(=O)N1CCOCC1)N1CCN(CC2=CC=CC(Cl)=C2)[C@H]2CS(=O)(=O)C[C@H]21 |&1:25,31|",ASAP-0010753,Train,4.67,6.62,O=C(COS(=O)(=O)N1CCOCC1)N1CCN(CC2=CC=CC(Cl)=C2)[C@H]2CS(=O)(=O)C[C@H]21,O=C(COS(=O)(=O)N1CCOCC1)N1CCN(Cc2cccc(Cl)c2)[C@H]2CS(=O)(=O)C[C@H]21
"O=C(CC1=CN=CC2=CC=CC=C12)N1C[C@H]2COC[C@@]2(C2=CC=CC=C2)C1 |&1:15,19|",ASAP-0029438,Train,,5.17,O=C(CC1=CN=CC2=CC=CC=C12)N1C[C@H]2COC[C@@]2(C2=CC=CC=C2)C1,O=C(Cc1cncc2ccccc12)N1C[C@H]2COC[C@@]2(c2ccccc2)C1
"O=C1C2=CC=C(Cl)C=C2[C@@]2(CN1CC1=NN=CO1)C(=O)N(C1=CN=CC3=CC=CC=C13)C[C@@H]2CNC1=CC=NC=N1 |a:9,32|",ASAP-0015916,Train,6.63,7.13,O=C1C2=CC=C(Cl)C=C2[C@@]2(CN1CC1=NN=CO1)C(=O)N(C1=CN=CC3=CC=CC=C13)C[C@@H]2CNC1=CC=NC=N1,O=C1c2ccc(Cl)cc2[C@@]2(CN1Cc1nnco1)C(=O)N(c1cncc3ccccc13)C[C@@H]2CNc1ccncn1
C[C@H]1CN(C2=CN=CC3=CC=CC=C23)C(=O)[C@@]12CN(CC(=O)NCC1=NN(C)C=C1)C(=O)C1=CC=CC=C12,ASAP-0000652,Train,5.12,5.59,C[C@H]1CN(C2=CN=CC3=CC=CC=C23)C(=O)[C@@]12CN(CC(=O)NCC1=NN(C)C=C1)C(=O)C1=CC=CC=C12,C[C@H]1CN(c2cncc3ccccc23)C(=O)[C@@]12CN(CC(=O)NCc1ccn(C)n1)C(=O)c1ccccc12
O=C(CC1=CN=CC2=CC=CC=C12)N1CCC[C@H](CN2C=CN=N2)C1 |&1:17|,ASAP-0011373,Train,4.25,,O=C(CC1=CN=CC2=CC=CC=C12)N1CCC[C@H](CN2C=CN=N2)C1,O=C(Cc1cncc2ccccc12)N1CCC[C@H](Cn2ccnn2)C1
C[C@H](O)CN1C[C@H](C(=O)NC2=CN=CC3=CC=CC=C23)C2=CC(Cl)=CC=C2C1=O |o1:6|,ASAP-0008638,Train,4.21,5.31,C[C@H](O)CN1C[C@H](C(=O)NC2=CN=CC3=CC=CC=C23)C2=CC(Cl)=CC=C2C1=O,C[C@H](O)CN1C[C@H](C(=O)Nc2cncc3ccccc23)c2cc(Cl)ccc2C1=O
O=C(CC1=CN=CC2=CC=CC=C12)N1CCCC[C@H]1C1=NC2=CC=CC=C2S1 |&1:18|,ASAP-0011479,Train,5.06,4.45,O=C(CC1=CN=CC2=CC=CC=C12)N1CCCC[C@H]1C1=NC2=CC=CC=C2S1,O=C(Cc1cncc2ccccc12)N1CCCC[C@H]1c1nc2ccccc2s1
O=C(NC1=CN=CC2=CC=CC=C12)C(F)(F)C1=CC=C(F)C(F)=C1,ASAP-0000656,Train,3.88,5.16,O=C(NC1=CN=CC2=CC=CC=C12)C(F)(F)C1=CC=C(F)C(F)=C1,O=C(Nc1cncc2ccccc12)C(F)(F)c1ccc(F)c(F)c1
CC1=CC=C(F)C(CN(C)C(=O)C2=CN=CC3=CC=CC=C23)=C1,ASAP-0000864,Train,4.21,,CC1=CC=C(F)C(CN(C)C(=O)C2=CN=CC3=CC=CC=C23)=C1,Cc1ccc(F)c(CN(C)C(=O)c2cncc3ccccc23)c1
CC1=NC([C@H]2CCCN2C(=O)CC2=CN=CC3=CC=CC=C23)=CS1 |&1:4|,ASAP-0011503,Train,4.1,4.67,CC1=NC([C@H]2CCCN2C(=O)CC2=CN=CC3=CC=CC=C23)=CS1,Cc1nc([C@H]2CCCN2C(=O)Cc2cncc3ccccc23)cs1
N#CC1=CC=CC=C1CNC(=O)C1=CN=CC2=CC=CC=C12,ASAP-0000852,Train,4.0,,N#CC1=CC=CC=C1CNC(=O)C1=CN=CC2=CC=CC=C12,N#Cc1ccccc1CNC(=O)c1cncc2ccccc12
CC1=NN(C[C@H]2CCCCN2C(=O)CC2=CN=CC3=CC=CC=C23)C(C)=C1 |&1:5|,ASAP-0029489,Train,,4.19,CC1=NN(C[C@H]2CCCCN2C(=O)CC2=CN=CC3=CC=CC=C23)C(C)=C1,Cc1cc(C)n(C[C@H]2CCCCN2C(=O)Cc2cncc3ccccc23)n1
"O=C(CC1=CN=CC2=CC=CC=C12)N1C[C@H]2CCCCCC[C@@H]2C1 |o1:15,22|",ASAP-0030751,Train,4.08,6.03,O=C(CC1=CN=CC2=CC=CC=C12)N1C[C@H]2CCCCCC[C@@H]2C1,O=C(Cc1cncc2ccccc12)N1C[C@H]2CCCCCC[C@@H]2C1
CC(C)C1=NC([C@H]2CCCN(C(=O)CC3=CN=CC4=CC=CC=C34)C2)=NO1 |&1:6|,ASAP-0029315,Train,,4.04,CC(C)C1=NC([C@H]2CCCN(C(=O)CC3=CN=CC4=CC=CC=C34)C2)=NO1,CC(C)c1nc([C@H]2CCCN(C(=O)Cc3cncc4ccccc34)C2)no1
CN1C=NC(CN2C(=O)N/C(=N\C3=CC4=CN(C)N=C4C=C3Cl)N(CC3=CC(F)=C(F)C=C3F)C2=O)=N1,ASAP-0000572,Train,6.46,8.43,CN1C=NC(CN2C(=O)N/C(=N\C3=CC4=CN(C)N=C4C=C3Cl)N(CC3=CC(F)=C(F)C=C3F)C2=O)=N1,Cn1cnc(Cn2c(=O)[nH]/c(=N\c3cc4cn(C)nc4cc3Cl)n(Cc3cc(F)c(F)cc3F)c2=O)n1
C=CC[C@H](NC1=CC=CC(C2=NNN=N2)=C1)C1=CC(Cl)=CC2=C1C=NN2 |&1:3|,ASAP-0027832,Train,4.65,,C=CC[C@H](NC1=CC=CC(C2=NNN=N2)=C1)C1=CC(Cl)=CC2=C1C=NN2,C=CC[C@H](Nc1cccc(-c2nn[nH]n2)c1)c1cc(Cl)cc2[nH]ncc12
CN(C(=O)C1=CC=CN=C1)[C@H]1C2=CC=CC=C2C[C@H]1O,ASAP-0000812,Train,5.23,,CN(C(=O)C1=CC=CN=C1)[C@H]1C2=CC=CC=C2C[C@H]1O,CN(C(=O)c1cccnc1)[C@H]1c2ccccc2C[C@H]1O
CN1C=C([C@H]2CCCN2C(=O)CC2=CN=CC3=CC=CC=C23)C2=CC=CC=C21 |&1:4|,ASAP-0029787,Train,4.6,4.76,CN1C=C([C@H]2CCCN2C(=O)CC2=CN=CC3=CC=CC=C23)C2=CC=CC=C21,Cn1cc([C@H]2CCCN2C(=O)Cc2cncc3ccccc23)c2ccccc21
"C[C@H]1CC[C@]2(CO1)NC(=O)N(C1=CN=CC3=CC=CC=C13)C2=O |&1:1,4|",ASAP-0000271,Train,4.31,4.19,C[C@H]1CC[C@]2(CO1)NC(=O)N(C1=CN=CC3=CC=CC=C13)C2=O,C[C@H]1CC[C@]2(CO1)NC(=O)N(c1cncc3ccccc13)C2=O
O=C(CC1=CN=CC2=CC=CC=C12)N1CC[C@H](OC(F)(F)F)C1 |&1:16|,ASAP-0029866,Train,4.74,5.62,O=C(CC1=CN=CC2=CC=CC=C12)N1CC[C@H](OC(F)(F)F)C1,O=C(Cc1cncc2ccccc12)N1CC[C@H](OC(F)(F)F)C1
C=CC(=O)N1C[C@H](C(N)=O)CC2=CC=C(N(CC3=CC=CC(Cl)=C3)C(=O)CC3=CN=CC4=CC=CC=C34)C=C21 |&1:6|,ASAP-0029037,Train,6.05,6.66,C=CC(=O)N1C[C@H](C(N)=O)CC2=CC=C(N(CC3=CC=CC(Cl)=C3)C(=O)CC3=CN=CC4=CC=CC=C34)C=C21,C=CC(=O)N1C[C@H](C(N)=O)Cc2ccc(N(Cc3cccc(Cl)c3)C(=O)Cc3cncc4ccccc34)cc21
O=C(CC1=CN=CC2=CC=CC=C12)N1CC[C@H](C2=CC=CC(F)=C2)C1 |o1:16|,ASAP-0030857,Train,4.06,5.28,O=C(CC1=CN=CC2=CC=CC=C12)N1CC[C@H](C2=CC=CC(F)=C2)C1,O=C(Cc1cncc2ccccc12)N1CC[C@H](c2cccc(F)c2)C1
O=C(CC1=CN=CC2=CC=CC=C12)N1CCC[C@H](C(F)(F)F)CC1 |&1:17|,ASAP-0031759,Train,5.59,6.33,O=C(CC1=CN=CC2=CC=CC=C12)N1CCC[C@H](C(F)(F)F)CC1,O=C(Cc1cncc2ccccc12)N1CCC[C@H](C(F)(F)F)CC1
"O=C(CCl)N1CCN(CC2=CC=CC(Cl)=C2)[C@H]2CS(=O)(=O)C[C@H]21 |&1:16,&2:22|",ASAP-0013279,Train,4.54,7.26,O=C(CCl)N1CCN(CC2=CC=CC(Cl)=C2)[C@H]2CS(=O)(=O)C[C@H]21,O=C(CCl)N1CCN(Cc2cccc(Cl)c2)[C@H]2CS(=O)(=O)C[C@H]21
O=C(CC1=CN=CC2=CC=CC=C12)N1CCC[C@H]1CN1C=CC=N1 |&1:17|,ASAP-0011410,Train,4.37,,O=C(CC1=CN=CC2=CC=CC=C12)N1CCC[C@H]1CN1C=CC=N1,O=C(Cc1cncc2ccccc12)N1CCC[C@H]1Cn1cccn1
"C[C@H]1COC[C@H](C)N1CCN1C[C@@]2(C(=O)N(C3=CN=CC4=CC=CC=C34)C[C@@H]2C)C2=CC(Cl)=CC=C2C1=O |a:1,5,12,27|",ASAP-0016106,Train,6.58,8.02,C[C@H]1COC[C@H](C)N1CCN1C[C@@]2(C(=O)N(C3=CN=CC4=CC=CC=C34)C[C@@H]2C)C2=CC(Cl)=CC=C2C1=O,C[C@H]1COC[C@H](C)N1CCN1C[C@@]2(C(=O)N(c3cncc4ccccc34)C[C@@H]2C)c2cc(Cl)ccc2C1=O
O=C(NCC1=NC2=CC(Cl)=CC=C2S1)C1=CN=CC2=CC=CC=C12,ASAP-0000819,Train,4.96,4.04,O=C(NCC1=NC2=CC(Cl)=CC=C2S1)C1=CN=CC2=CC=CC=C12,O=C(NCc1nc2cc(Cl)ccc2s1)c1cncc2ccccc12
"O=C(N1CCN(CC2=CC=CC(Cl)=C2)[C@H]2CS(=O)(=O)C[C@H]21)C12CC1C2 |&1:14,&2:20|",ASAP-0016548,Train,4.25,,O=C(N1CCN(CC2=CC=CC(Cl)=C2)[C@H]2CS(=O)(=O)C[C@H]21)C12CC1C2,O=C(N1CCN(Cc2cccc(Cl)c2)[C@H]2CS(=O)(=O)C[C@H]21)C12CC1C2
O=C(CC1=CN=CC2=CC=CC=C12)N1CC[C@H](S(=O)(=O)C(F)F)C1 |&1:16|,ASAP-0029402,Train,,4.63,O=C(CC1=CN=CC2=CC=CC=C12)N1CC[C@H](S(=O)(=O)C(F)F)C1,O=C(Cc1cncc2ccccc12)N1CC[C@H](S(=O)(=O)C(F)F)C1
CN1C[C@H](C(=O)NC2=CN=CC3=CC=CC=C23)C2=CC(C#N)=CC=C2C1=O |o1:3|,ASAP-0008433,Train,5.04,6.08,CN1C[C@H](C(=O)NC2=CN=CC3=CC=CC=C23)C2=CC(C#N)=CC=C2C1=O,CN1C[C@H](C(=O)Nc2cncc3ccccc23)c2cc(C#N)ccc2C1=O
O=C(NC1=CN=CC2=CC=CC=C12)C(F)(F)C1=CC(F)=CC(F)=C1,ASAP-0000658,Train,4.16,5.53,O=C(NC1=CN=CC2=CC=CC=C12)C(F)(F)C1=CC(F)=CC(F)=C1,O=C(Nc1cncc2ccccc12)C(F)(F)c1cc(F)cc(F)c1
"O=C(CC1=CN=CC2=CC=CC=C12)N1CC[C@@H]2CCCC[C@H]2C1 |a:16,21|",ASAP-0031917,Train,4.6,6.09,O=C(CC1=CN=CC2=CC=CC=C12)N1CC[C@@H]2CCCC[C@H]2C1,O=C(Cc1cncc2ccccc12)N1CC[C@@H]2CCCC[C@H]2C1
O=C(CC1=CN=CC2=CC=CC=C12)N1CCC2(CCOCC2)CC1,ASAP-0029561,Train,,4.3,O=C(CC1=CN=CC2=CC=CC=C12)N1CCC2(CCOCC2)CC1,O=C(Cc1cncc2ccccc12)N1CCC2(CCOCC2)CC1
CNS(=O)(=O)OCC(=O)N1CCN(S(=O)(=O)C2=CSC=C2)[C@H](C(=O)NCC2=CC=CC=N2)C1 |&1:21|,ASAP-0000638,Train,,4.79,CNS(=O)(=O)OCC(=O)N1CCN(S(=O)(=O)C2=CSC=C2)[C@H](C(=O)NCC2=CC=CC=N2)C1,CNS(=O)(=O)OCC(=O)N1CCN(S(=O)(=O)c2ccsc2)[C@H](C(=O)NCc2ccccn2)C1
O=C(CC1=CN=CC2=CC=CC=C12)N1CCC[C@H]1C1=NOC(C2CC2)=C1 |&1:17|,ASAP-0029413,Train,,4.51,O=C(CC1=CN=CC2=CC=CC=C12)N1CCC[C@H]1C1=NOC(C2CC2)=C1,O=C(Cc1cncc2ccccc12)N1CCC[C@H]1c1cc(C2CC2)on1
"C=CC(=O)N1CCN(CC2=CC=CC(Cl)=C2)[C@H]2CS(=O)(=O)C[C@H]21 |&1:16,&2:22|",ASAP-0016439,Train,1.43,,C=CC(=O)N1CCN(CC2=CC=CC(Cl)=C2)[C@H]2CS(=O)(=O)C[C@H]21,C=CC(=O)N1CCN(Cc2cccc(Cl)c2)[C@H]2CS(=O)(=O)C[C@H]21
C[C@H](O)CN1C[C@H](C(=O)NC2=CN=CC3=CC=CC=C23)C2=CC(Cl)=CC=C2C1=O |o1:6|,ASAP-0008639,Train,5.5,6.86,C[C@H](O)CN1C[C@H](C(=O)NC2=CN=CC3=CC=CC=C23)C2=CC(Cl)=CC=C2C1=O,C[C@H](O)CN1C[C@H](C(=O)Nc2cncc3ccccc23)c2cc(Cl)ccc2C1=O
O=C(CC1=CN=CC2=CC=CC=C12)N1CCC(CC2CC2)CC1,ASAP-0029602,Train,4.01,5.56,O=C(CC1=CN=CC2=CC=CC=C12)N1CCC(CC2CC2)CC1,O=C(Cc1cncc2ccccc12)N1CCC(CC2CC2)CC1
CC1=NC=C(CNC(=O)C2=CN=CC3=CC=CC=C23)N1C1=CC=CC=C1,ASAP-0000802,Train,4.1,,CC1=NC=C(CNC(=O)C2=CN=CC3=CC=CC=C23)N1C1=CC=CC=C1,Cc1ncc(CNC(=O)c2cncc3ccccc23)n1-c1ccccc1
"C[C@H]1CCN(C(=O)CC2=CN=CC3=CC=CC=C23)[C@H]2C(=O)NC[C@H]12 |&1:1,&2:18,&3:23|",ASAP-0029825,Train,,5.28,C[C@H]1CCN(C(=O)CC2=CN=CC3=CC=CC=C23)[C@H]2C(=O)NC[C@H]12,C[C@H]1CCN(C(=O)Cc2cncc3ccccc23)[C@H]2C(=O)NC[C@H]12
C=C(CN1CCC2=C(C=C(Cl)C=C2)C1C(=O)NC1=CN=CC2=CC=CC=C12)C(=O)OC,ASAP-0000144,Train,4.9,6.11,C=C(CN1CCC2=C(C=C(Cl)C=C2)C1C(=O)NC1=CN=CC2=CC=CC=C12)C(=O)OC,C=C(CN1CCc2ccc(Cl)cc2C1C(=O)Nc1cncc2ccccc12)C(=O)OC
"C[C@H]1CN(C2=CN=CC3=CC=CC=C23)C(=O)[C@@]12CN(CCN1C[C@@H]3C[C@H]1CO3)C(=O)C1=CC=C(Cl)C=C12 |a:1,16,23,25|",ASAP-0015385,Train,6.5,8.0,C[C@H]1CN(C2=CN=CC3=CC=CC=C23)C(=O)[C@@]12CN(CCN1C[C@@H]3C[C@H]1CO3)C(=O)C1=CC=C(Cl)C=C12,C[C@H]1CN(c2cncc3ccccc23)C(=O)[C@@]12CN(CCN1C[C@@H]3C[C@H]1CO3)C(=O)c1ccc(Cl)cc12
"COC1=CC=CC=C1[C@@H]1C[C@H](C)CCN1C(=O)CC1=CN=CC2=CC=CC=C12 |o1:8,10|",ASAP-0030807,Train,6.22,5.87,COC1=CC=CC=C1[C@@H]1C[C@H](C)CCN1C(=O)CC1=CN=CC2=CC=CC=C12,COc1ccccc1[C@@H]1C[C@H](C)CCN1C(=O)Cc1cncc2ccccc12
O=C(CC1=CN=CC2=CC=CC=C12)N1CCC[C@H](C2CCOCC2)C1 |&1:17|,ASAP-0029444,Train,,4.34,O=C(CC1=CN=CC2=CC=CC=C12)N1CCC[C@H](C2CCOCC2)C1,O=C(Cc1cncc2ccccc12)N1CCC[C@H](C2CCOCC2)C1
O=C1N(C2=CN=CC3=CC=CC=C23)CCC[C@]12CCOC1=CC=C(Cl)C=C12 |o1:16|,ASAP-0008442,Train,5.12,6.53,O=C1N(C2=CN=CC3=CC=CC=C23)CCC[C@]12CCOC1=CC=C(Cl)C=C12,O=C1N(c2cncc3ccccc23)CCC[C@]12CCOc1ccc(Cl)cc12
O=C(CC1=CN=CC2=CC=CC=C12)N1CCC[C@H]1C1CCCCCC1 |&1:17|,ASAP-0011473,Train,4.05,5.01,O=C(CC1=CN=CC2=CC=CC=C12)N1CCC[C@H]1C1CCCCCC1,O=C(Cc1cncc2ccccc12)N1CCC[C@H]1C1CCCCCC1
CC(C)C[C@H]1CN(C(=O)COS(=O)(=O)N2CCOCC2)CCN1CC1=CC(Cl)=CC2=CC=CC=C12 |&1:4|,ASAP-0010726,Train,5.09,6.79,CC(C)C[C@H]1CN(C(=O)COS(=O)(=O)N2CCOCC2)CCN1CC1=CC(Cl)=CC2=CC=CC=C12,CC(C)C[C@H]1CN(C(=O)COS(=O)(=O)N2CCOCC2)CCN1Cc1cc(Cl)cc2ccccc12
"CCN1CCC[C@H]1[C@H]1CCCN1C(=O)CC1=CN=CC2=CC=CC=C12 |&1:6,&2:7|",ASAP-0011511,Train,4.28,,CCN1CCC[C@H]1[C@H]1CCCN1C(=O)CC1=CN=CC2=CC=CC=C12,CCN1CCC[C@H]1[C@H]1CCCN1C(=O)Cc1cncc2ccccc12
O=C(NC1=CC=CC=C1)OCC1=CC=CC=C1,ASAP-0008424,Train,4.1,,O=C(NC1=CC=CC=C1)OCC1=CC=CC=C1,O=C(Nc1ccccc1)OCc1ccccc1
O=C(C1=CN=CC2=CC=CC=C12)N1CC[C@H]1C1=CC=CC=C1,ASAP-0000850,Train,4.33,,O=C(C1=CN=CC2=CC=CC=C12)N1CC[C@H]1C1=CC=CC=C1,O=C(c1cncc2ccccc12)N1CC[C@H]1c1ccccc1
CCCCNC(=O)C1=CN=C([C@H](NC(=O)CCl)C2=CC=CC(Cl)=C2)S1 |&1:11|,ASAP-0000573,Train,4.32,5.25,CCCCNC(=O)C1=CN=C([C@H](NC(=O)CCl)C2=CC=CC(Cl)=C2)S1,CCCCNC(=O)c1cnc([C@H](NC(=O)CCl)c2cccc(Cl)c2)s1
O=C(CC1=CN=CC2=CC=CC=C12)N1CC[C@H](OC2=CC=CC(F)=C2)C1 |&1:16|,ASAP-0029495,Train,,4.86,O=C(CC1=CN=CC2=CC=CC=C12)N1CC[C@H](OC2=CC=CC(F)=C2)C1,O=C(Cc1cncc2ccccc12)N1CC[C@H](Oc2cccc(F)c2)C1
O=C1CCCN1C[C@@H]1CCCN1C(=O)CC1=CN=CC2=CC=CC=C12,ASAP-0011229,Train,4.32,,O=C1CCCN1C[C@@H]1CCCN1C(=O)CC1=CN=CC2=CC=CC=C12,O=C1CCCN1C[C@@H]1CCCN1C(=O)Cc1cncc2ccccc12
CO[C@]1(C(F)(F)F)CCN(C(=O)CC2=CN=CC3=CC=CC=C23)C1 |&1:2|,ASAP-0029313,Train,,5.07,CO[C@]1(C(F)(F)F)CCN(C(=O)CC2=CN=CC3=CC=CC=C23)C1,CO[C@]1(C(F)(F)F)CCN(C(=O)Cc2cncc3ccccc23)C1
CC(C)(C)[C@H](NC(=O)C(F)(F)F)C(=O)N1C[C@H]2[C@@H]([C@H]1C(=O)N[C@H](C#N)C[C@@H]1CCNC1=O)C2(C)C,ASAP-0000370,Train,7.25,8.68,CC(C)(C)[C@H](NC(=O)C(F)(F)F)C(=O)N1C[C@H]2[C@@H]([C@H]1C(=O)N[C@H](C#N)C[C@@H]1CCNC1=O)C2(C)C,CC(C)(C)[C@H](NC(=O)C(F)(F)F)C(=O)N1C[C@H]2[C@@H]([C@H]1C(=O)N[C@H](C#N)C[C@@H]1CCNC1=O)C2(C)C
O=C(CC1=CN=CC2=CC=CC=C12)N1CCC[C@H](CC2CC2)C1 |&1:17|,ASAP-0011191,Train,4.03,4.82,O=C(CC1=CN=CC2=CC=CC=C12)N1CCC[C@H](CC2CC2)C1,O=C(Cc1cncc2ccccc12)N1CCC[C@H](CC2CC2)C1
N#CC1(C2=CC=CC=C2)CCN(C(=O)CC2=CN=CC3=CC=CC=C23)CC1,ASAP-0029333,Train,4.6,5.36,N#CC1(C2=CC=CC=C2)CCN(C(=O)CC2=CN=CC3=CC=CC=C23)CC1,N#CC1(c2ccccc2)CCN(C(=O)Cc2cncc3ccccc23)CC1
C=CC(=O)NC1=CC=C(F)C(N(CC2=CC=CC(Cl)=C2)C(=O)CC2=CN=CC3=CC=CC=C23)=C1,ASAP-0011044,Train,5.68,5.28,C=CC(=O)NC1=CC=C(F)C(N(CC2=CC=CC(Cl)=C2)C(=O)CC2=CN=CC3=CC=CC=C23)=C1,C=CC(=O)Nc1ccc(F)c(N(Cc2cccc(Cl)c2)C(=O)Cc2cncc3ccccc23)c1
C=C(CN[C@]1(C(=O)NC2=CN=CC3=CC=CC=C23)CCOC2=CC=C(Cl)C=C21)C(=O)OC(C)(C)C,ASAP-0000444,Train,5.05,,C=C(CN[C@]1(C(=O)NC2=CN=CC3=CC=CC=C23)CCOC2=CC=C(Cl)C=C21)C(=O)OC(C)(C)C,C=C(CN[C@]1(C(=O)Nc2cncc3ccccc23)CCOc2ccc(Cl)cc21)C(=O)OC(C)(C)C
O=C(NCC1=CC=CS1)[C@@H]1CN(C(=O)C2=CN=CC3=CC=CC=C23)CCN1C1=CC=C(Cl)C(Cl)=C1,ASAP-0008659,Train,5.44,7.89,O=C(NCC1=CC=CS1)[C@@H]1CN(C(=O)C2=CN=CC3=CC=CC=C23)CCN1C1=CC=C(Cl)C(Cl)=C1,O=C(NCc1cccs1)[C@@H]1CN(C(=O)c2cncc3ccccc23)CCN1c1ccc(Cl)c(Cl)c1
O=C(CC1=CN=CC2=CC=CC=C12)N(CC1=CC=CC=C1)CC1=CC=C(F)C=C1,ASAP-0008408,Train,5.02,5.0,O=C(CC1=CN=CC2=CC=CC=C12)N(CC1=CC=CC=C1)CC1=CC=C(F)C=C1,O=C(Cc1cncc2ccccc12)N(Cc1ccccc1)Cc1ccc(F)cc1
CC1=CC=C(CCNC(=O)CN2CC3=CC=C(Cl)C=C3[C@H](C(=O)NC3=CN=CC4=CC=CC=C34)C2)C=C1 |&1:20|,ASAP-0000227,Train,5.8,7.12,CC1=CC=C(CCNC(=O)CN2CC3=CC=C(Cl)C=C3[C@H](C(=O)NC3=CN=CC4=CC=CC=C34)C2)C=C1,Cc1ccc(CCNC(=O)CN2Cc3ccc(Cl)cc3[C@H](C(=O)Nc3cncc4ccccc34)C2)cc1
O=C(CC1=CN=CC2=CC=CC=C12)N1CC[C@]2(CC=CCO2)C1 |o1:16|,ASAP-0030757,Train,4.11,5.34,O=C(CC1=CN=CC2=CC=CC=C12)N1CC[C@]2(CC=CCO2)C1,O=C(Cc1cncc2ccccc12)N1CC[C@]2(CC=CCO2)C1
O=C(CC1=CN=CC2=CC=CC=C12)N1CCC2(CCCC2)CC1,ASAP-0029628,Train,4.67,5.79,O=C(CC1=CN=CC2=CC=CC=C12)N1CCC2(CCCC2)CC1,O=C(Cc1cncc2ccccc12)N1CCC2(CCCC2)CC1
"CC(C)NS(=O)(=O)OCC(=O)N1CCN(CC2=CC=CC(Cl)=C2)[C@H]2CS(=O)(=O)C[C@@H]21 |&1:23,29|",ASAP-0028930,Train,4.52,,CC(C)NS(=O)(=O)OCC(=O)N1CCN(CC2=CC=CC(Cl)=C2)[C@H]2CS(=O)(=O)C[C@@H]21,CC(C)NS(=O)(=O)OCC(=O)N1CCN(Cc2cccc(Cl)c2)[C@H]2CS(=O)(=O)C[C@@H]21
O=C(CC1=CN=CC2=CC=CC=C12)N1CC[C@H](C2=CC=CN=C2)C1 |&1:16|,ASAP-0011385,Train,4.27,4.1,O=C(CC1=CN=CC2=CC=CC=C12)N1CC[C@H](C2=CC=CN=C2)C1,O=C(Cc1cncc2ccccc12)N1CC[C@H](c2cccnc2)C1
"O=C(CC1=CN=CC2=CC=CC=C12)N1[C@H]2C=CC[C@H]1CCC2 |&1:14,&2:18|",ASAP-0029400,Train,4.4,5.24,O=C(CC1=CN=CC2=CC=CC=C12)N1[C@H]2C=CC[C@H]1CCC2,O=C(Cc1cncc2ccccc12)N1[C@H]2CC=C[C@H]1CCC2
"CN1C[C@H]2[C@H](CCCN2C(=O)CC2=CN=CC3=CC=CC=C23)C1=O |&1:3,4|",ASAP-0029449,Train,,4.05,CN1C[C@H]2[C@H](CCCN2C(=O)CC2=CN=CC3=CC=CC=C23)C1=O,CN1C[C@H]2[C@H](CCCN2C(=O)Cc2cncc3ccccc23)C1=O
C[C@H]1CN(C2=CN=CC3=CC=CC=C23)C(=O)[C@@]12CN(CC(=O)NC1CCC1)C(=O)C1=CC=C(F)C=C12,ASAP-0011347,Train,5.6,6.76,C[C@H]1CN(C2=CN=CC3=CC=CC=C23)C(=O)[C@@]12CN(CC(=O)NC1CCC1)C(=O)C1=CC=C(F)C=C12,C[C@H]1CN(c2cncc3ccccc23)C(=O)[C@@]12CN(CC(=O)NC1CCC1)C(=O)c1ccc(F)cc12
O=C(CC1=CC=C(F)C=C1F)NC1=CN=CC2=CC=CC=C12,ASAP-0000729,Train,5.0,4.6,O=C(CC1=CC=C(F)C=C1F)NC1=CN=CC2=CC=CC=C12,O=C(Cc1ccc(F)cc1F)Nc1cncc2ccccc12
"O=C(CC1=CN=CC2=CC=CC=C12)N1C[C@H]2C[C@H]2C1 |&1:15,&2:17|",ASAP-0031229,Train,4.23,4.19,O=C(CC1=CN=CC2=CC=CC=C12)N1C[C@H]2C[C@H]2C1,O=C(Cc1cncc2ccccc12)N1C[C@H]2C[C@H]2C1
O=C(CC1=CN=CC2=CC=CC=C12)N1CCCC[C@H]1CCC1=CC=CC=C1 |&1:18|,ASAP-0011474,Train,4.51,4.67,O=C(CC1=CN=CC2=CC=CC=C12)N1CCCC[C@H]1CCC1=CC=CC=C1,O=C(Cc1cncc2ccccc12)N1CCCC[C@H]1CCc1ccccc1
O=C(CC1=CN=CC2=CC=CC=C12)N1CCC[C@H](OC2=CC=CC=C2)C1 |&1:17|,ASAP-0029869,Train,,4.27,O=C(CC1=CN=CC2=CC=CC=C12)N1CCC[C@H](OC2=CC=CC=C2)C1,O=C(Cc1cncc2ccccc12)N1CCC[C@H](Oc2ccccc2)C1
CC1=CC=C(CNC(=O)CN2CC3=CC=C(Cl)C=C3[C@H](C(=O)NC3=CN=CC4=CC=CC=C34)C2)C=C1 |&1:19|,ASAP-0000217,Train,5.78,6.96,CC1=CC=C(CNC(=O)CN2CC3=CC=C(Cl)C=C3[C@H](C(=O)NC3=CN=CC4=CC=CC=C34)C2)C=C1,Cc1ccc(CNC(=O)CN2Cc3ccc(Cl)cc3[C@H](C(=O)Nc3cncc4ccccc34)C2)cc1
O=C(CC1=CN=CC2=CC=CC=C12)N1CCCC2(CCC2)CC1,ASAP-0011164,Train,5.13,5.79,O=C(CC1=CN=CC2=CC=CC=C12)N1CCCC2(CCC2)CC1,O=C(Cc1cncc2ccccc12)N1CCCC2(CCC2)CC1
O=C(CC1=CN=CC2=CC=CC=C12)N1CCC(C2=CSC=N2)CC1,ASAP-0011527,Train,,4.1,O=C(CC1=CN=CC2=CC=CC=C12)N1CCC(C2=CSC=N2)CC1,O=C(Cc1cncc2ccccc12)N1CCC(c2cscn2)CC1
"O=C(CC1=CN=CC2=CC=CC=C12)N1C[C@H]2CS(=O)(=O)C[C@H]2C1 |a:15,21|",ASAP-0029426,Train,,4.63,O=C(CC1=CN=CC2=CC=CC=C12)N1C[C@H]2CS(=O)(=O)C[C@H]2C1,O=C(Cc1cncc2ccccc12)N1C[C@@H]2CS(=O)(=O)C[C@@H]2C1
CN1C(CNC(=O)C2=CN=CC3=CC=CC=C23)=NC2=CC(F)=CC=C21,ASAP-0000856,Train,4.5,,CN1C(CNC(=O)C2=CN=CC3=CC=CC=C23)=NC2=CC(F)=CC=C21,Cn1c(CNC(=O)c2cncc3ccccc23)nc2cc(F)ccc21
O=C(CC1=CN=CC2=CC=CC=C12)N(CC1=CC=CC=C1)[C@H]1CCCC12CCC2 |&1:21|,ASAP-0008636,Train,4.72,4.95,O=C(CC1=CN=CC2=CC=CC=C12)N(CC1=CC=CC=C1)[C@H]1CCCC12CCC2,O=C(Cc1cncc2ccccc12)N(Cc1ccccc1)[C@H]1CCCC12CCC2
CCO[C@@H]1CCCN(C(=O)CC2=CN=CC3=CC=CC=C23)C1 |a:3|,ASAP-0029474,Train,,4.14,CCO[C@@H]1CCCN(C(=O)CC2=CN=CC3=CC=CC=C23)C1,CCO[C@@H]1CCCN(C(=O)Cc2cncc3ccccc23)C1
CC(C)[C@H]1C2=C(CCN1C(=O)CC1=CN=CC3=CC=CC=C13)SC=C2 |&1:3|,ASAP-0031357,Train,5.53,6.86,CC(C)[C@H]1C2=C(CCN1C(=O)CC1=CN=CC3=CC=CC=C13)SC=C2,CC(C)[C@H]1c2ccsc2CCN1C(=O)Cc1cncc2ccccc12
O=C(CC1=CN=CC2=CC=CC=C12)N1CCC[C@H](N2C=NC=N2)C1 |&1:17|,ASAP-0011384,Train,4.28,,O=C(CC1=CN=CC2=CC=CC=C12)N1CCC[C@H](N2C=NC=N2)C1,O=C(Cc1cncc2ccccc12)N1CCC[C@H](n2cncn2)C1
O=C(CC1=CN=CC2=CC=CC=C12)N1CCC(C2CCC2)CC1,ASAP-0011155,Train,4.0,5.67,O=C(CC1=CN=CC2=CC=CC=C12)N1CCC(C2CCC2)CC1,O=C(Cc1cncc2ccccc12)N1CCC(C2CCC2)CC1
C=C(CN(C(=O)[C@H]1CN(CC(=O)NC)C(=O)C2=CC=C(Cl)C=C21)C1=CN=CC2=CC=CC=C12)C(=O)O |&1:6|,ASAP-0013315,Train,4.19,5.46,C=C(CN(C(=O)[C@H]1CN(CC(=O)NC)C(=O)C2=CC=C(Cl)C=C21)C1=CN=CC2=CC=CC=C12)C(=O)O,C=C(CN(C(=O)[C@H]1CN(CC(=O)NC)C(=O)c2ccc(Cl)cc21)c1cncc2ccccc12)C(=O)O
CNC(=O)C1(N2C[C@]3(CCN(C4=CN=CC5=CC=CC=C45)C3=O)C3=CC(Cl)=CC=C3C2=O)CC1 |a:7|,ASAP-0014212,Train,5.78,7.54,CNC(=O)C1(N2C[C@]3(CCN(C4=CN=CC5=CC=CC=C45)C3=O)C3=CC(Cl)=CC=C3C2=O)CC1,CNC(=O)C1(N2C[C@]3(CCN(c4cncc5ccccc45)C3=O)c3cc(Cl)ccc3C2=O)CC1
O=C(CC1=CN=CC2=CC=CC=C12)N1CCCN(CC2=CC=CC=C2)CC1,ASAP-0011486,Train,4.26,,O=C(CC1=CN=CC2=CC=CC=C12)N1CCCN(CC2=CC=CC=C2)CC1,O=C(Cc1cncc2ccccc12)N1CCCN(Cc2ccccc2)CC1
C[C@H]1CC2=C(C=CS2)CN1C(=O)CC1=CN=CC2=CC=CC=C12 |o1:1|,ASAP-0031647,Train,4.51,5.16,C[C@H]1CC2=C(C=CS2)CN1C(=O)CC1=CN=CC2=CC=CC=C12,C[C@H]1Cc2sccc2CN1C(=O)Cc1cncc2ccccc12
O=C(NCC1=CC=CC=C1N1C=CC=N1)C1=CN=CC2=CC=CC=C12,ASAP-0000829,Train,4.29,,O=C(NCC1=CC=CC=C1N1C=CC=N1)C1=CN=CC2=CC=CC=C12,O=C(NCc1ccccc1-n1cccn1)c1cncc2ccccc12
CC1=NC=C(C2=CC=CC(Cl)=C2)C(=O)N1C1=CN=CC2=CC=CC=C12,ASAP-0008255,Train,4.91,4.8,CC1=NC=C(C2=CC=CC(Cl)=C2)C(=O)N1C1=CN=CC2=CC=CC=C12,Cc1ncc(-c2cccc(Cl)c2)c(=O)n1-c1cncc2ccccc12
C[C@H]1CN(C)CCN1C(=O)CC1=CN=CC2=CC=CC=C12 |&1:1|,ASAP-0031223,Train,4.92,,C[C@H]1CN(C)CCN1C(=O)CC1=CN=CC2=CC=CC=C12,C[C@H]1CN(C)CCN1C(=O)Cc1cncc2ccccc12
O=C(CC1=CN=CC2=CC=CC=C12)N1CCN(C2=CC=CN=C2)CC1,ASAP-0011504,Train,,4.04,O=C(CC1=CN=CC2=CC=CC=C12)N1CCN(C2=CC=CN=C2)CC1,O=C(Cc1cncc2ccccc12)N1CCN(c2cccnc2)CC1
"O=C1C2=CC=C(Cl)C=C2[C@@]2(CN1CCN1CC3(COC3)C1)C(=O)N(C1=CN=CC3=CC=CC=C13)C[C@@H]2CNC1=NC=CC=N1 |a:9,35|",ASAP-0015114,Train,6.43,7.24,O=C1C2=CC=C(Cl)C=C2[C@@]2(CN1CCN1CC3(COC3)C1)C(=O)N(C1=CN=CC3=CC=CC=C13)C[C@@H]2CNC1=NC=CC=N1,O=C1c2ccc(Cl)cc2[C@@]2(CN1CCN1CC3(COC3)C1)C(=O)N(c1cncc3ccccc13)C[C@@H]2CNc1ncccn1
CN1C[C@H](C(=O)NC2=CN=CC3=CC=CC=C23)C2=CC(Cl)=CC=C2C1=O |o1:3|,ASAP-0008313,Train,4.13,5.17,CN1C[C@H](C(=O)NC2=CN=CC3=CC=CC=C23)C2=CC(Cl)=CC=C2C1=O,CN1C[C@H](C(=O)Nc2cncc3ccccc23)c2cc(Cl)ccc2C1=O
N#CC1=CC=C2C(=C1)OC1=C(F)C=CC=C1CN2C(=O)CC1=CN=CC2=CC=CC=C12,ASAP-0011332,Train,4.99,4.81,N#CC1=CC=C2C(=C1)OC1=C(F)C=CC=C1CN2C(=O)CC1=CN=CC2=CC=CC=C12,N#Cc1ccc2c(c1)Oc1c(F)cccc1CN2C(=O)Cc1cncc2ccccc12
CC[C@H](C(=O)NC1=CN=CC2=CC=CC=C12)C1=CC=CC=C1 |&1:2|,ASAP-0000713,Train,3.95,5.03,CC[C@H](C(=O)NC1=CN=CC2=CC=CC=C12)C1=CC=CC=C1,CC[C@H](C(=O)Nc1cncc2ccccc12)c1ccccc1
O=C(CC1=CN=CC2=CC=CC=C12)N1CCC[C@H](C2CCC2)C1 |&1:17|,ASAP-0011288,Train,4.05,5.17,O=C(CC1=CN=CC2=CC=CC=C12)N1CCC[C@H](C2CCC2)C1,O=C(Cc1cncc2ccccc12)N1CCC[C@H](C2CCC2)C1
C=CC(=O)N1CCCC2=C1C=CC=C2N(CC1=CC=CC(C2=CC=CN2)=C1)C(=O)CC1=CN=CC2=CC=CC=C12,ASAP-0017428,Train,5.41,4.79,C=CC(=O)N1CCCC2=C1C=CC=C2N(CC1=CC=CC(C2=CC=CN2)=C1)C(=O)CC1=CN=CC2=CC=CC=C12,C=CC(=O)N1CCCc2c1cccc2N(Cc1cccc(-c2ccc[nH]2)c1)C(=O)Cc1cncc2ccccc12
"CO[C@@H]1C[C@H](O)CN(C(=O)CC2=CN=CC3=CC=CC=C23)C1 |a:2,4|",ASAP-0031873,Train,4.2,,CO[C@@H]1C[C@H](O)CN(C(=O)CC2=CN=CC3=CC=CC=C23)C1,CO[C@@H]1C[C@H](O)CN(C(=O)Cc2cncc3ccccc23)C1
CC1=CN=C2NC=C(CCNC(=O)C3=CN=CC4=CC=CC=C34)C2=C1,ASAP-0000822,Train,4.36,,CC1=CN=C2NC=C(CCNC(=O)C3=CN=CC4=CC=CC=C34)C2=C1,Cc1cnc2[nH]cc(CCNC(=O)c3cncc4ccccc34)c2c1
O=C(CC1=CN=CC2=CC=CC=C12)N1CCC2=CC=CC=C2C2=CC=CC=C21,ASAP-0008436,Train,3.97,,O=C(CC1=CN=CC2=CC=CC=C12)N1CCC2=CC=CC=C2C2=CC=CC=C21,O=C(Cc1cncc2ccccc12)N1CCc2ccccc2-c2ccccc21
"C[C@H]1CCN2C(=O)N(C3=CN=CC4=CC=CC=C34)C(=O)[C@H]2C1 |o1:1,20|",ASAP-0000270,Train,4.52,,C[C@H]1CCN2C(=O)N(C3=CN=CC4=CC=CC=C34)C(=O)[C@H]2C1,C[C@H]1CCN2C(=O)N(c3cncc4ccccc34)C(=O)[C@H]2C1
"O=C(CC1=CN=CC2=CC=CC=C12)N1CC[C@H]2C[C@@H]1C2 |a:16,18|",ASAP-0031224,Train,4.48,4.39,O=C(CC1=CN=CC2=CC=CC=C12)N1CC[C@H]2C[C@@H]1C2,O=C(Cc1cncc2ccccc12)N1CC[C@H]2C[C@@H]1C2
COC1=CC=CC=C1C[C@H]1CCN(C(=O)CC2=CN=CC3=CC=CC=C23)C1 |&1:9|,ASAP-0029537,Train,,4.88,COC1=CC=CC=C1C[C@H]1CCN(C(=O)CC2=CN=CC3=CC=CC=C23)C1,COc1ccccc1C[C@H]1CCN(C(=O)Cc2cncc3ccccc23)C1
"CC[C@H](C1=CC=CC=C1)[C@H]1CCCN1C(=O)CC1=CN=CC2=CC=CC=C12 |&1:2,&2:9|",ASAP-0011379,Train,4.52,4.92,CC[C@H](C1=CC=CC=C1)[C@H]1CCCN1C(=O)CC1=CN=CC2=CC=CC=C12,CC[C@H](c1ccccc1)[C@H]1CCCN1C(=O)Cc1cncc2ccccc12
COCC(=O)[C@H]1CCCCN1C(=O)CC1=CN=CC2=CC=CC=C12 |&1:5|,ASAP-0029929,Train,,4.06,COCC(=O)[C@H]1CCCCN1C(=O)CC1=CN=CC2=CC=CC=C12,COCC(=O)[C@H]1CCCCN1C(=O)Cc1cncc2ccccc12
"C[C@H](OC(C)(C)C)[C@@H](NC(=O)OCC1=CC=CC(OCCCCCCOC2=CC=CC3=C2C(=O)N([C@H]2CCC(=O)NC2=O)C3=O)=C1)C(=O)N[C@H](CC1CCCCC1)C(=O)N[C@H](C=O)C[C@@H]1CCNC1=O |a:1,7,49,60,64,&1:35|",ASAP-0021103,Train,4.16,5.41,C[C@H](OC(C)(C)C)[C@@H](NC(=O)OCC1=CC=CC(OCCCCCCOC2=CC=CC3=C2C(=O)N([C@H]2CCC(=O)NC2=O)C3=O)=C1)C(=O)N[C@H](CC1CCCCC1)C(=O)N[C@H](C=O)C[C@@H]1CCNC1=O,C[C@H](OC(C)(C)C)[C@@H](NC(=O)OCc1cccc(OCCCCCCOc2cccc3c2C(=O)N([C@H]2CCC(=O)NC2=O)C3=O)c1)C(=O)N[C@H](CC1CCCCC1)C(=O)N[C@H](C=O)C[C@@H]1CCNC1=O
O=C(N[C@H]1CCCN(C(=O)C2=CN=CC3=CC=CC=C23)C1)C1=CC=C(Cl)C=C1 |&1:3|,ASAP-0008257,Train,4.22,,O=C(N[C@H]1CCCN(C(=O)C2=CN=CC3=CC=CC=C23)C1)C1=CC=C(Cl)C=C1,O=C(N[C@H]1CCCN(C(=O)c2cncc3ccccc23)C1)c1ccc(Cl)cc1
"O=C(CC1=CN=CC2=CC=CC=C12)N1C[C@H](F)[C@H](C2=CC=CC=C2)C1 |&1:15,17|",ASAP-0011300,Train,4.05,4.76,O=C(CC1=CN=CC2=CC=CC=C12)N1C[C@H](F)[C@H](C2=CC=CC=C2)C1,O=C(Cc1cncc2ccccc12)N1C[C@H](F)[C@H](c2ccccc2)C1
C=CC(=O)N(C)C1=CC=CC(N(CC2=CC=CC(Cl)=C2)C(=O)CC2=CN=CC3=CC=CC=C23)=C1,ASAP-0011041,Train,6.23,5.76,C=CC(=O)N(C)C1=CC=CC(N(CC2=CC=CC(Cl)=C2)C(=O)CC2=CN=CC3=CC=CC=C23)=C1,C=CC(=O)N(C)c1cccc(N(Cc2cccc(Cl)c2)C(=O)Cc2cncc3ccccc23)c1
COC1=CC=C(C)C=C1CC(=O)NC1=CN=CC2=CC=CC=C12,ASAP-0000644,Train,4.38,5.25,COC1=CC=C(C)C=C1CC(=O)NC1=CN=CC2=CC=CC=C12,COc1ccc(C)cc1CC(=O)Nc1cncc2ccccc12
"CO[C@H]1CCN2C(=O)N(C3=CN=CC4=CC=CC=C34)C(=O)[C@H]2C1 |o1:2,21|",ASAP-0000233,Train,4.25,,CO[C@H]1CCN2C(=O)N(C3=CN=CC4=CC=CC=C34)C(=O)[C@H]2C1,CO[C@H]1CCN2C(=O)N(c3cncc4ccccc34)C(=O)[C@H]2C1
O=C(CC1=CN=CC2=CC=CC=C12)N1CC[C@H](C2=CC=CC(F)=C2)C1 |&1:16|,ASAP-0029337,Train,,5.07,O=C(CC1=CN=CC2=CC=CC=C12)N1CC[C@H](C2=CC=CC(F)=C2)C1,O=C(Cc1cncc2ccccc12)N1CC[C@H](c2cccc(F)c2)C1
C=C(CN(C(=O)[C@H]1CN(CC(=O)NC)CC2=CC=C(Cl)C=C21)C1=CN=CC2=CC=CC=C12)C(=O)N1CCC(C)(C(=O)NC)CC1,ASAP-0011947,Train,6.59,,C=C(CN(C(=O)[C@H]1CN(CC(=O)NC)CC2=CC=C(Cl)C=C21)C1=CN=CC2=CC=CC=C12)C(=O)N1CCC(C)(C(=O)NC)CC1,C=C(CN(C(=O)[C@H]1CN(CC(=O)NC)Cc2ccc(Cl)cc21)c1cncc2ccccc12)C(=O)N1CCC(C)(C(=O)NC)CC1
O=C(CN(CC1=CC=CC(Cl)=C1)C(=O)CC1=CN=CC2=CC=CC=C12)N1CCCC1,ASAP-0031798,Train,4.87,5.75,O=C(CN(CC1=CC=CC(Cl)=C1)C(=O)CC1=CN=CC2=CC=CC=C12)N1CCCC1,O=C(CN(Cc1cccc(Cl)c1)C(=O)Cc1cncc2ccccc12)N1CCCC1
"CNC(=O)CN1C[C@]2(C(=O)N(C3=CN=CC4=CC=CC=C34)C[C@H]2CC2CC2)C2=CC(Cl)=CC=C2C1=O |o1:7,22|",ASAP-0000737,Train,4.15,5.27,CNC(=O)CN1C[C@]2(C(=O)N(C3=CN=CC4=CC=CC=C34)C[C@H]2CC2CC2)C2=CC(Cl)=CC=C2C1=O,CNC(=O)CN1C[C@]2(C(=O)N(c3cncc4ccccc34)C[C@H]2CC2CC2)c2cc(Cl)ccc2C1=O
"COC1=CC=CC=C1[C@@H]1C[C@H](C)CCN1C(=O)CC1=CN=CC2=CC=CC=C12 |o1:8,10|",ASAP-0030808,Train,6.16,6.19,COC1=CC=CC=C1[C@@H]1C[C@H](C)CCN1C(=O)CC1=CN=CC2=CC=CC=C12,COc1ccccc1[C@@H]1C[C@H](C)CCN1C(=O)Cc1cncc2ccccc12
O=C(CC1=CN=CC2=CC=CC=C12)N1CCC[C@H]1C1CCCC1 |&1:17|,ASAP-0011290,Train,4.53,5.59,O=C(CC1=CN=CC2=CC=CC=C12)N1CCC[C@H]1C1CCCC1,O=C(Cc1cncc2ccccc12)N1CCC[C@H]1C1CCCC1
"CC1(C)CN(C(=O)CC2=CN=CC3=CC=CC=C23)[C@H]2COC[C@H]21 |&1:18,22|",ASAP-0029472,Train,,4.42,CC1(C)CN(C(=O)CC2=CN=CC3=CC=CC=C23)[C@H]2COC[C@H]21,CC1(C)CN(C(=O)Cc2cncc3ccccc23)[C@H]2COC[C@H]21
O=C(CC1=CN=CC2=CC=CC=C12)N1CCC2=C(C=CS2)[C@H]1C1CC1 |o1:21|,ASAP-0031869,Train,4.68,5.32,O=C(CC1=CN=CC2=CC=CC=C12)N1CCC2=C(C=CS2)[C@H]1C1CC1,O=C(Cc1cncc2ccccc12)N1CCc2sccc2[C@H]1C1CC1
CC(C)C[C@H]1CN(C(=O)COS(=O)(=O)N2CCOCC2)CCN1CC1=CC=CC(Cl)=C1 |&1:4|,ASAP-0008315,Train,5.05,6.9,CC(C)C[C@H]1CN(C(=O)COS(=O)(=O)N2CCOCC2)CCN1CC1=CC=CC(Cl)=C1,CC(C)C[C@H]1CN(C(=O)COS(=O)(=O)N2CCOCC2)CCN1Cc1cccc(Cl)c1
"O=C(CN1CC2=CC=C(Cl)C=C2[C@H](C(=O)NC2=CN=CC3=CC=CC=C23)C1)NCCCCCOC1=CC=CC2=C1C(=O)N([C@H]1CCC(=O)NC1=O)C2=O |&1:12,&2:43|",ASAP-0010734,Train,5.89,7.23,O=C(CN1CC2=CC=C(Cl)C=C2[C@H](C(=O)NC2=CN=CC3=CC=CC=C23)C1)NCCCCCOC1=CC=CC2=C1C(=O)N([C@H]1CCC(=O)NC1=O)C2=O,O=C(CN1Cc2ccc(Cl)cc2[C@H](C(=O)Nc2cncc3ccccc23)C1)NCCCCCOc1cccc2c1C(=O)N([C@H]1CCC(=O)NC1=O)C2=O
C[C@H](NC(=O)COS(N)(=O)=O)C1=CC(Cl)=CC(C2=CC=C(S(N)(=O)=O)C=C2)=C1 |&1:1|,ASAP-0000516,Train,4.26,5.75,C[C@H](NC(=O)COS(N)(=O)=O)C1=CC(Cl)=CC(C2=CC=C(S(N)(=O)=O)C=C2)=C1,C[C@H](NC(=O)COS(N)(=O)=O)c1cc(Cl)cc(-c2ccc(S(N)(=O)=O)cc2)c1
C[C@H](C1=CC=CC=C1)N(CC1=CC=CC=C1)C(=O)CC1=CN=CC2=CC=CC=C12,ASAP-0008405,Train,5.2,5.15,C[C@H](C1=CC=CC=C1)N(CC1=CC=CC=C1)C(=O)CC1=CN=CC2=CC=CC=C12,C[C@H](c1ccccc1)N(Cc1ccccc1)C(=O)Cc1cncc2ccccc12
"C[C@H]1C[C@H](C2=CSC=C2)CN1C(=O)CC1=CN=CC2=CC=CC=C12 |&1:1,&2:3|",ASAP-0011492,Train,4.1,5.05,C[C@H]1C[C@H](C2=CSC=C2)CN1C(=O)CC1=CN=CC2=CC=CC=C12,C[C@H]1C[C@H](c2ccsc2)CN1C(=O)Cc1cncc2ccccc12
CC1=CN=C2CCN(C(=O)CC3=CN=CC4=CC=CC=C34)CC2=C1,ASAP-0031482,Train,4.76,5.03,CC1=CN=C2CCN(C(=O)CC3=CN=CC4=CC=CC=C34)CC2=C1,Cc1cnc2c(c1)CN(C(=O)Cc1cncc3ccccc13)CC2
CNC(=O)CN1C[C@@]2(C(=O)N(C3=CN=CC4=CC=CC=C34)C[C@@H]2C)C2=CN=CC=C2C1=O,ASAP-0000807,Train,4.45,5.59,CNC(=O)CN1C[C@@]2(C(=O)N(C3=CN=CC4=CC=CC=C34)C[C@@H]2C)C2=CN=CC=C2C1=O,CNC(=O)CN1C[C@@]2(C(=O)N(c3cncc4ccccc34)C[C@@H]2C)c2cnccc2C1=O
"C[C@H]1C[C@H]2CC[C@@H](C1)N2C(=O)CC1=CN=CC2=CC=CC=C12 |a:1,3,6|",ASAP-0031226,Train,4.82,5.38,C[C@H]1C[C@H]2CC[C@@H](C1)N2C(=O)CC1=CN=CC2=CC=CC=C12,C[C@H]1C[C@H]2CC[C@@H](C1)N2C(=O)Cc1cncc2ccccc12
O=C(CN1CC2=CC=C(Cl)C=C2[C@H](C(=O)NC2=CN=CC3=CC=CC=C23)C1)NCCC1=CC=C(C(F)(F)F)C=C1 |&1:12|,ASAP-0000213,Train,5.8,7.15,O=C(CN1CC2=CC=C(Cl)C=C2[C@H](C(=O)NC2=CN=CC3=CC=CC=C23)C1)NCCC1=CC=C(C(F)(F)F)C=C1,O=C(CN1Cc2ccc(Cl)cc2[C@H](C(=O)Nc2cncc3ccccc23)C1)NCCc1ccc(C(F)(F)F)cc1
"O=C(CC1=CN=CC2=CC=CC=C12)N1CC[C@H]2C[C@H]2C1 |&1:16,&2:18|",ASAP-0029712,Train,4.62,4.55,O=C(CC1=CN=CC2=CC=CC=C12)N1CC[C@H]2C[C@H]2C1,O=C(Cc1cncc2ccccc12)N1CC[C@H]2C[C@H]2C1
O=C(CC1=CN=CC2=CC=CC=C12)N1CCC[C@H](C2=CC=CC(F)=C2)C1 |&1:17|,ASAP-0029417,Train,,5.1,O=C(CC1=CN=CC2=CC=CC=C12)N1CCC[C@H](C2=CC=CC(F)=C2)C1,O=C(Cc1cncc2ccccc12)N1CCC[C@H](c2cccc(F)c2)C1
O=C(CC1=CN=CC2=CC=CC=C12)N1CC[C@]2(CCCC3=CC=CC=C32)C1 |o1:16|,ASAP-0030702,Train,3.55,5.35,O=C(CC1=CN=CC2=CC=CC=C12)N1CC[C@]2(CCCC3=CC=CC=C32)C1,O=C(Cc1cncc2ccccc12)N1CC[C@]2(CCCc3ccccc32)C1
C=C(CN(C(=O)[C@H]1CN(CC(=O)NC)CC2=CC=C(Cl)C=C21)C1=CN=CC2=CC=CC=C12)C(=O)NCC1=CC=C(OC)C=C1Cl |&1:6|,ASAP-0013743,Train,4.25,7.91,C=C(CN(C(=O)[C@H]1CN(CC(=O)NC)CC2=CC=C(Cl)C=C21)C1=CN=CC2=CC=CC=C12)C(=O)NCC1=CC=C(OC)C=C1Cl,C=C(CN(C(=O)[C@H]1CN(CC(=O)NC)Cc2ccc(Cl)cc21)c1cncc2ccccc12)C(=O)NCc1ccc(OC)cc1Cl
O=C(CC1=CN=CC2=CC=CC=C12)N1CCC2=NOC=C2C1,ASAP-0029494,Train,4.5,5.49,O=C(CC1=CN=CC2=CC=CC=C12)N1CCC2=NOC=C2C1,O=C(Cc1cncc2ccccc12)N1CCc2nocc2C1
CNC(=O)C1(N2C[C@@]3(C(=O)N(C4=CN=CC5=CC=CC=C45)C[C@@H]3C)C3=CC(Cl)=CC=C3C2=O)CC1,ASAP-0011129,Train,6.44,8.04,CNC(=O)C1(N2C[C@@]3(C(=O)N(C4=CN=CC5=CC=CC=C45)C[C@@H]3C)C3=CC(Cl)=CC=C3C2=O)CC1,CNC(=O)C1(N2C[C@@]3(C(=O)N(c4cncc5ccccc45)C[C@@H]3C)c3cc(Cl)ccc3C2=O)CC1
O=C(C1=CN=CC2=CC=CC=C12)N1CCCC[C@H]1C1=CC=CC(Cl)=C1 |&1:17|,ASAP-0008264,Train,4.37,,O=C(C1=CN=CC2=CC=CC=C12)N1CCCC[C@H]1C1=CC=CC(Cl)=C1,O=C(c1cncc2ccccc12)N1CCCC[C@H]1c1cccc(Cl)c1
"O=C(CC1=CN=CC2=CC=CC=C12)N1CC[C@H]2CCO[C@H]2C1 |&1:16,20|",ASAP-0029439,Train,,4.23,O=C(CC1=CN=CC2=CC=CC=C12)N1CC[C@H]2CCO[C@H]2C1,O=C(Cc1cncc2ccccc12)N1CC[C@H]2CCO[C@H]2C1
"O=C1C2=CC=C(Cl)C=C2[C@@]2(CN1CC1=NNC=C1)C(=O)N(C1=CN=CC3=CC=CC=C13)C[C@@H]2CNC1=NN=CO1 |a:9,32|",ASAP-0030064,Train,7.12,8.18,O=C1C2=CC=C(Cl)C=C2[C@@]2(CN1CC1=NNC=C1)C(=O)N(C1=CN=CC3=CC=CC=C13)C[C@@H]2CNC1=NN=CO1,O=C1c2ccc(Cl)cc2[C@@]2(CN1Cc1cc[nH]n1)C(=O)N(c1cncc3ccccc13)C[C@@H]2CNc1nnco1
"CNC(=O)CN1C[C@]2(C(=O)N(C3=CN=CC4=CC=CC=C34)C[C@H]2CC2=CC=CC=C2)C2=CC(Cl)=CC=C2C1=O |o1:7,22|",ASAP-0000435,Train,4.75,5.81,CNC(=O)CN1C[C@]2(C(=O)N(C3=CN=CC4=CC=CC=C34)C[C@H]2CC2=CC=CC=C2)C2=CC(Cl)=CC=C2C1=O,CNC(=O)CN1C[C@]2(C(=O)N(c3cncc4ccccc34)C[C@H]2Cc2ccccc2)c2cc(Cl)ccc2C1=O
C=C(CN(C(=O)[C@H]1CCOC2=CC=C(Cl)C=C21)C1=CN=CC2=CC=CC=C12)C(=O)NCC1=CC=CC=C1 |&1:6|,ASAP-0000538,Train,5.23,5.24,C=C(CN(C(=O)[C@H]1CCOC2=CC=C(Cl)C=C21)C1=CN=CC2=CC=CC=C12)C(=O)NCC1=CC=CC=C1,C=C(CN(C(=O)[C@H]1CCOc2ccc(Cl)cc21)c1cncc2ccccc12)C(=O)NCc1ccccc1
O=C(CC1=CN=CC2=CC=CC=C12)N1CCC(OC2CC2)CC1,ASAP-0029671,Train,,4.29,O=C(CC1=CN=CC2=CC=CC=C12)N1CCC(OC2CC2)CC1,O=C(Cc1cncc2ccccc12)N1CCC(OC2CC2)CC1
COC1=CC=C(N(CC2=CC=CC=C2)C(=O)CC2=CN=CC3=CC=CC=C23)C=C1,ASAP-0008374,Train,5.72,5.37,COC1=CC=C(N(CC2=CC=CC=C2)C(=O)CC2=CN=CC3=CC=CC=C23)C=C1,COc1ccc(N(Cc2ccccc2)C(=O)Cc2cncc3ccccc23)cc1
O=C(NCCC1=CNC2=CC=C(F)C=C12)C1=CN=CC2=CC=CC=C12,ASAP-0000840,Train,3.82,4.82,O=C(NCCC1=CNC2=CC=C(F)C=C12)C1=CN=CC2=CC=CC=C12,O=C(NCCc1c[nH]c2ccc(F)cc12)c1cncc2ccccc12
CC(=O)NC1=CC=C(NC(=O)CN2CC3=CC=C(Cl)C=C3[C@H](C(=O)NC3=CN=CC4=CC=CC=C34)C2)C=C1 |&1:21|,ASAP-0000164,Train,5.27,7.47,CC(=O)NC1=CC=C(NC(=O)CN2CC3=CC=C(Cl)C=C3[C@H](C(=O)NC3=CN=CC4=CC=CC=C34)C2)C=C1,CC(=O)Nc1ccc(NC(=O)CN2Cc3ccc(Cl)cc3[C@H](C(=O)Nc3cncc4ccccc34)C2)cc1
CC1=CC=C([C@H](C(=O)NC2=CN=CC3=CC=CC=C23)C2CC2)C=C1 |&1:5|,ASAP-0000726,Train,4.31,4.73,CC1=CC=C([C@H](C(=O)NC2=CN=CC3=CC=CC=C23)C2CC2)C=C1,Cc1ccc([C@H](C(=O)Nc2cncc3ccccc23)C2CC2)cc1
"O=C(CC1=CN=CC2=CC=CC=C12)N1CC[C@H](C[C@H]2CCCO2)C1 |&1:16,&2:18|",ASAP-0011266,Train,4.25,,O=C(CC1=CN=CC2=CC=CC=C12)N1CC[C@H](C[C@H]2CCCO2)C1,O=C(Cc1cncc2ccccc12)N1CC[C@H](C[C@H]2CCCO2)C1
"O=C(N[C@@H]1C[C@H](O)C2=CC=CC=C21)C1=CN=CC2=CC=CC=C12 |&1:3,5|",ASAP-0000859,Train,4.5,,O=C(N[C@@H]1C[C@H](O)C2=CC=CC=C21)C1=CN=CC2=CC=CC=C12,O=C(N[C@@H]1C[C@H](O)c2ccccc21)c1cncc2ccccc12
O=C(CC1=CN=CC2=CC=CC=C12)N1CCC2(CC1)COC2,ASAP-0029727,Train,,4.27,O=C(CC1=CN=CC2=CC=CC=C12)N1CCC2(CC1)COC2,O=C(Cc1cncc2ccccc12)N1CCC2(CC1)COC2
CC[C@H]1C2=C(CCN1C(=O)CC1=CN=CC3=CC=CC=C13)SC=C2 |&1:2|,ASAP-0011175,Train,5.38,6.28,CC[C@H]1C2=C(CCN1C(=O)CC1=CN=CC3=CC=CC=C13)SC=C2,CC[C@H]1c2ccsc2CCN1C(=O)Cc1cncc2ccccc12
COC1CCN(C(=O)CC2=CN=CC3=CC=CC=C23)CC1,ASAP-0029587,Train,,4.59,COC1CCN(C(=O)CC2=CN=CC3=CC=CC=C23)CC1,COC1CCN(C(=O)Cc2cncc3ccccc23)CC1
O=C(CC1=CN=CC2=CC=CC=C12)N1CCC[C@H]1C1=CC=CC(F)=C1F |o1:17|,ASAP-0031016,Train,4.09,5.61,O=C(CC1=CN=CC2=CC=CC=C12)N1CCC[C@H]1C1=CC=CC(F)=C1F,O=C(Cc1cncc2ccccc12)N1CCC[C@H]1c1cccc(F)c1F
CNC(=O)CN1C[C@@]2(C(=O)N(C3=CN=CC4=CC=CC=C34)C[C@@H]2CS(=O)(=O)N(C)C)C2=CC(F)=CC=C2C1=O,ASAP-0013404,Train,4.07,6.83,CNC(=O)CN1C[C@@]2(C(=O)N(C3=CN=CC4=CC=CC=C34)C[C@@H]2CS(=O)(=O)N(C)C)C2=CC(F)=CC=C2C1=O,CNC(=O)CN1C[C@@]2(C(=O)N(c3cncc4ccccc34)C[C@@H]2CS(=O)(=O)N(C)C)c2cc(F)ccc2C1=O
"CC1=NC(CN2C[C@@]3(C(=O)N(C4=CN=CC5=CC=CC=C45)C[C@@H]3C)C3=CC(F)=CC=C3C2=O)=CN1 |a:7,22|",ASAP-0014618,Train,6.3,7.56,CC1=NC(CN2C[C@@]3(C(=O)N(C4=CN=CC5=CC=CC=C45)C[C@@H]3C)C3=CC(F)=CC=C3C2=O)=CN1,Cc1nc(CN2C[C@@]3(C(=O)N(c4cncc5ccccc45)C[C@@H]3C)c3cc(F)ccc3C2=O)c[nH]1
O=C(CC1=CN=CC2=CC=CC=C12)N1CCC([C@H]2CCOC2)CC1 |o1:17|,ASAP-0031882,Train,4.27,4.68,O=C(CC1=CN=CC2=CC=CC=C12)N1CCC([C@H]2CCOC2)CC1,O=C(Cc1cncc2ccccc12)N1CCC([C@H]2CCOC2)CC1
O=C(CC1=CN=CC2=CC=CC=C12)N1CCC(CC2=CC(F)=CC=C2F)CC1,ASAP-0011296,Train,4.29,4.27,O=C(CC1=CN=CC2=CC=CC=C12)N1CCC(CC2=CC(F)=CC=C2F)CC1,O=C(Cc1cncc2ccccc12)N1CCC(Cc2cc(F)ccc2F)CC1
O=C(CC1=CN=CC2=CC=CC=C12)N(CC1=CC=CC(Cl)=C1)C12CC(C1)N(CC1COC1)C2,ASAP-0011039,Train,4.17,5.4,O=C(CC1=CN=CC2=CC=CC=C12)N(CC1=CC=CC(Cl)=C1)C12CC(C1)N(CC1COC1)C2,O=C(Cc1cncc2ccccc12)N(Cc1cccc(Cl)c1)C12CC(C1)N(CC1COC1)C2
"O=C(CN1CC2=CC=C(Cl)C=C2[C@H](C(=O)NC2=CN=CC3=CC=CC=C23)C1)NCCOCCOCCOCCNC1=CC=CC2=C1C(=O)N([C@H]1CCC(=O)NC1=O)C2=O |&1:12,&2:49|",ASAP-0010751,Train,5.05,6.14,O=C(CN1CC2=CC=C(Cl)C=C2[C@H](C(=O)NC2=CN=CC3=CC=CC=C23)C1)NCCOCCOCCOCCNC1=CC=CC2=C1C(=O)N([C@H]1CCC(=O)NC1=O)C2=O,O=C(CN1Cc2ccc(Cl)cc2[C@H](C(=O)Nc2cncc3ccccc23)C1)NCCOCCOCCOCCNc1cccc2c1C(=O)N([C@H]1CCC(=O)NC1=O)C2=O
COC1=CC=C(O)C([C@H](C)NC(=O)C2=CN=CC3=CC=CC=C23)=C1 |&1:8|,ASAP-0000857,Train,4.3,,COC1=CC=C(O)C([C@H](C)NC(=O)C2=CN=CC3=CC=CC=C23)=C1,COc1ccc(O)c([C@H](C)NC(=O)c2cncc3ccccc23)c1
COC1=CC=C2OCC[C@@H](NC(=O)C3=CN=CC4=CC=CC=C34)C2=C1,ASAP-0000836,Train,3.9,,COC1=CC=C2OCC[C@@H](NC(=O)C3=CN=CC4=CC=CC=C34)C2=C1,COc1ccc2c(c1)[C@H](NC(=O)c1cncc3ccccc13)CCO2
"CNS(=O)(=O)OCC(=O)N1CCN(CC2=CC=CC(Cl)=C2)[C@H]2CS(=O)(=O)C[C@@H]21 |&1:21,27|",ASAP-0028869,Train,4.25,,CNS(=O)(=O)OCC(=O)N1CCN(CC2=CC=CC(Cl)=C2)[C@H]2CS(=O)(=O)C[C@@H]21,CNS(=O)(=O)OCC(=O)N1CCN(Cc2cccc(Cl)c2)[C@H]2CS(=O)(=O)C[C@@H]21
COC1(C)CCN(C(=O)CC2=CN=CC3=CC=CC=C23)CC1,ASAP-0029716,Train,,4.76,COC1(C)CCN(C(=O)CC2=CN=CC3=CC=CC=C23)CC1,COC1(C)CCN(C(=O)Cc2cncc3ccccc23)CC1
C=CC(=O)NC1=CC=CC(N(CC2=CC=CC(C3=CNC=C3)=C2)C(=O)CC2=CN=CC3=CC=CC=C23)=C1,ASAP-0014654,Train,4.59,4.05,C=CC(=O)NC1=CC=CC(N(CC2=CC=CC(C3=CNC=C3)=C2)C(=O)CC2=CN=CC3=CC=CC=C23)=C1,C=CC(=O)Nc1cccc(N(Cc2cccc(-c3cc[nH]c3)c2)C(=O)Cc2cncc3ccccc23)c1
O=C(CC1=CN=CC2=CC=CC=C12)N1CCC[C@H]1CC1=CC=C(F)C=C1 |&1:17|,ASAP-0011472,Train,4.33,4.65,O=C(CC1=CN=CC2=CC=CC=C12)N1CCC[C@H]1CC1=CC=C(F)C=C1,O=C(Cc1cncc2ccccc12)N1CCC[C@H]1Cc1ccc(F)cc1
CC1=CC=CC=C1NC(=O)C[C@H]1SC(=O)N(C2=CC=CC=C2)C1=O |&1:11|,ASAP-0013612,Train,4.83,6.23,CC1=CC=CC=C1NC(=O)C[C@H]1SC(=O)N(C2=CC=CC=C2)C1=O,Cc1ccccc1NC(=O)C[C@H]1SC(=O)N(c2ccccc2)C1=O
O=C(CC1=CN=CC2=CC=CC=C12)N1CCC[C@H](C2=NC=CO2)C1 |&1:17|,ASAP-0011227,Train,4.3,4.12,O=C(CC1=CN=CC2=CC=CC=C12)N1CCC[C@H](C2=NC=CO2)C1,O=C(Cc1cncc2ccccc12)N1CCC[C@H](c2ncco2)C1
CNC(=O)CN1C[C@]2(C(=O)N(C3=CN=CC4=CC=CC=C34)C[C@@H]2CC2=CC=CC=C2)C2=CC(Cl)=CC=C2C1=O,ASAP-0000439,Train,4.09,5.2,CNC(=O)CN1C[C@]2(C(=O)N(C3=CN=CC4=CC=CC=C34)C[C@@H]2CC2=CC=CC=C2)C2=CC(Cl)=CC=C2C1=O,CNC(=O)CN1C[C@]2(C(=O)N(c3cncc4ccccc34)C[C@@H]2Cc2ccccc2)c2cc(Cl)ccc2C1=O
CO[C@H](C)CN1C[C@H](C(=O)NC2=CN=CC3=CC=CC=C23)C2=CC(Cl)=CC=C2C1=O |o1:7|,ASAP-0010711,Train,5.73,6.74,CO[C@H](C)CN1C[C@H](C(=O)NC2=CN=CC3=CC=CC=C23)C2=CC(Cl)=CC=C2C1=O,CO[C@H](C)CN1C[C@H](C(=O)Nc2cncc3ccccc23)c2cc(Cl)ccc2C1=O
"O=C(CC1=CN=CC2=CC=CC=C12)N1CC[C@H]2CCCC[C@H]2CC1 |&1:16,&2:21|",ASAP-0008385,Train,4.75,5.88,O=C(CC1=CN=CC2=CC=CC=C12)N1CC[C@H]2CCCC[C@H]2CC1,O=C(Cc1cncc2ccccc12)N1CC[C@H]2CCCC[C@H]2CC1
O=C1N[C@]2(CCOC3=CC=NC=C32)C(=O)N1C1=CN=CC2=CC=CC=C12 |&1:3|,ASAP-0000440,Train,4.27,4.27,O=C1N[C@]2(CCOC3=CC=NC=C32)C(=O)N1C1=CN=CC2=CC=CC=C12,O=C1N[C@]2(CCOc3ccncc32)C(=O)N1c1cncc2ccccc12
O=C(CC1=CN=CC2=CC=CC=C12)N1CCC(OC2CCC2)CC1,ASAP-0029822,Train,,4.3,O=C(CC1=CN=CC2=CC=CC=C12)N1CCC(OC2CCC2)CC1,O=C(Cc1cncc2ccccc12)N1CCC(OC2CCC2)CC1
C=CC(=O)N1CCCC2=CC=C(N(CC3=CC=CC(Cl)=C3)C(=O)CC3=CN=CC4=C(F)C=CC=C34)C=C21,ASAP-0022456,Train,6.14,7.41,C=CC(=O)N1CCCC2=CC=C(N(CC3=CC=CC(Cl)=C3)C(=O)CC3=CN=CC4=C(F)C=CC=C34)C=C21,C=CC(=O)N1CCCc2ccc(N(Cc3cccc(Cl)c3)C(=O)Cc3cncc4c(F)cccc34)cc21
"CC1=CC=CC=C1[C@H]1C[C@H](C)N(C(=O)CC2=CN=CC3=CC=CC=C23)C1 |&1:7,&2:9|",ASAP-0029811,Train,,4.86,CC1=CC=CC=C1[C@H]1C[C@H](C)N(C(=O)CC2=CN=CC3=CC=CC=C23)C1,Cc1ccccc1[C@H]1C[C@H](C)N(C(=O)Cc2cncc3ccccc23)C1
CN1C(=O)[C@]2(CCN(C3=CN=CC4=CC=CC=C34)C2=O)C2=CC(Cl)=CC=C21 |o1:4|,ASAP-0011067,Train,5.24,6.38,CN1C(=O)[C@]2(CCN(C3=CN=CC4=CC=CC=C34)C2=O)C2=CC(Cl)=CC=C21,CN1C(=O)[C@]2(CCN(c3cncc4ccccc34)C2=O)c2cc(Cl)ccc21
"C#CC(=O)N1CCN(CC2=CC=CC(Cl)=C2)[C@H]2CS(=O)(=O)C[C@H]21 |&1:16,&2:22|",ASAP-0016438,Train,4.6,5.32,C#CC(=O)N1CCN(CC2=CC=CC(Cl)=C2)[C@H]2CS(=O)(=O)C[C@H]21,C#CC(=O)N1CCN(Cc2cccc(Cl)c2)[C@H]2CS(=O)(=O)C[C@H]21
O=C(NC1=C(Cl)N=CC2=CC=CC=C12)C1CCOC2=C1C=C(Cl)C=C2,ASAP-0000172,Train,4.68,,O=C(NC1=C(Cl)N=CC2=CC=CC=C12)C1CCOC2=C1C=C(Cl)C=C2,O=C(Nc1c(Cl)ncc2ccccc12)C1CCOc2ccc(Cl)cc21
"N#CN1CCN(CC2=CC=CC(Cl)=C2)[C@H]2CS(=O)(=O)C[C@H]21 |&1:14,&2:20|",ASAP-0016748,Train,8.56,,N#CN1CCN(CC2=CC=CC(Cl)=C2)[C@H]2CS(=O)(=O)C[C@H]21,N#CN1CCN(Cc2cccc(Cl)c2)[C@H]2CS(=O)(=O)C[C@H]21
O=C(CC1=CN=CC2=CC=CC=C12)N(CCC(F)(F)F)CC1=CC=CC=C1,ASAP-0008605,Train,5.02,4.78,O=C(CC1=CN=CC2=CC=CC=C12)N(CCC(F)(F)F)CC1=CC=CC=C1,O=C(Cc1cncc2ccccc12)N(CCC(F)(F)F)Cc1ccccc1
O=C(NCC1=CSC2=CC=C(Cl)C=C12)C1=CN=CC2=CC=CC=C12,ASAP-0000848,Train,4.12,,O=C(NCC1=CSC2=CC=C(Cl)C=C12)C1=CN=CC2=CC=CC=C12,O=C(NCc1csc2ccc(Cl)cc12)c1cncc2ccccc12
O=C(CN1CC2=CC=C(Cl)C=C2[C@H](C(=O)NC2=CN=CC3=CC=CC=C23)C1)NCC1=CC=C(Br)C=C1 |&1:12|,ASAP-0000158,Train,5.45,6.86,O=C(CN1CC2=CC=C(Cl)C=C2[C@H](C(=O)NC2=CN=CC3=CC=CC=C23)C1)NCC1=CC=C(Br)C=C1,O=C(CN1Cc2ccc(Cl)cc2[C@H](C(=O)Nc2cncc3ccccc23)C1)NCc1ccc(Br)cc1
CC(C)(C)N(CC1=CC=CC=C1)C(=O)CN1CC2=CC=C(Cl)C=C2[C@H](C(=O)NC2=CN=CC3=CC=CC=C23)C1 |&1:24|,ASAP-0000165,Train,4.99,6.0,CC(C)(C)N(CC1=CC=CC=C1)C(=O)CN1CC2=CC=C(Cl)C=C2[C@H](C(=O)NC2=CN=CC3=CC=CC=C23)C1,CC(C)(C)N(Cc1ccccc1)C(=O)CN1Cc2ccc(Cl)cc2[C@H](C(=O)Nc2cncc3ccccc23)C1
CC(C)(C#N)NC(=O)[C@H](CC1=CC=CC(Cl)=C1)C1=CN=CC2=CC=CC=C12 |&1:8|,ASAP-0008440,Train,3.51,4.12,CC(C)(C#N)NC(=O)[C@H](CC1=CC=CC(Cl)=C1)C1=CN=CC2=CC=CC=C12,CC(C)(C#N)NC(=O)[C@H](Cc1cccc(Cl)c1)c1cncc2ccccc12
"CC#CC(=O)N1CCN(CC2=CC=CC(Cl)=C2)[C@H]2CS(=O)(=O)C[C@H]21 |&1:17,&2:23|",ASAP-0017420,Train,4.18,,CC#CC(=O)N1CCN(CC2=CC=CC(Cl)=C2)[C@H]2CS(=O)(=O)C[C@H]21,CC#CC(=O)N1CCN(Cc2cccc(Cl)c2)[C@H]2CS(=O)(=O)C[C@H]21
"C[C@H]1C[C@H](C2=CC=CC=C2)N(C(=O)CC2=CN=CC3=CC=CC=C23)C1 |&1:1,&2:3|",ASAP-0008595,Train,5.38,4.82,C[C@H]1C[C@H](C2=CC=CC=C2)N(C(=O)CC2=CN=CC3=CC=CC=C23)C1,C[C@H]1C[C@H](c2ccccc2)N(C(=O)Cc2cncc3ccccc23)C1
"O=C(CC1=CN=CC2=CC=CC=C12)N1C[C@H]2CC[C@H]2[C@H]1C1=CC=CC=C1 |&1:15,18,19|",ASAP-0029873,Train,4.84,5.26,O=C(CC1=CN=CC2=CC=CC=C12)N1C[C@H]2CC[C@H]2[C@H]1C1=CC=CC=C1,O=C(Cc1cncc2ccccc12)N1C[C@H]2CC[C@H]2[C@H]1c1ccccc1
C[C@H]1CC(F)(F)CCN1C(=O)CC1=CN=CC2=CC=CC=C12 |&1:1|,ASAP-0029502,Train,5.57,5.32,C[C@H]1CC(F)(F)CCN1C(=O)CC1=CN=CC2=CC=CC=C12,C[C@H]1CC(F)(F)CCN1C(=O)Cc1cncc2ccccc12
O=C(CC1=CN=CC2=CC=CC=C12)N1CCC[C@H]1C1=CC=CC=N1 |&1:17|,ASAP-0011398,Train,4.82,4.24,O=C(CC1=CN=CC2=CC=CC=C12)N1CCC[C@H]1C1=CC=CC=N1,O=C(Cc1cncc2ccccc12)N1CCC[C@H]1c1ccccn1
O=C(CC1=CN=CC2=CC=CC=C12)N1CCCC2(CCC2)C1,ASAP-0011157,Train,3.56,4.56,O=C(CC1=CN=CC2=CC=CC=C12)N1CCCC2(CCC2)C1,O=C(Cc1cncc2ccccc12)N1CCCC2(CCC2)C1
O=C(CN1CC2=CC=C(Cl)C=C2[C@H](C(=O)NC2=CN=CC3=CC=CC=C23)C1)NCC1=CC=C2OCOC2=C1 |&1:12|,ASAP-0000160,Train,5.4,6.95,O=C(CN1CC2=CC=C(Cl)C=C2[C@H](C(=O)NC2=CN=CC3=CC=CC=C23)C1)NCC1=CC=C2OCOC2=C1,O=C(CN1Cc2ccc(Cl)cc2[C@H](C(=O)Nc2cncc3ccccc23)C1)NCc1ccc2c(c1)OCO2
CC1=CC(F)=CC(CC(=O)NC2=CN=CC3=CC=CC=C23)=C1,ASAP-0000646,Train,5.33,5.79,CC1=CC(F)=CC(CC(=O)NC2=CN=CC3=CC=CC=C23)=C1,Cc1cc(F)cc(CC(=O)Nc2cncc3ccccc23)c1
O=C(CN1CC2=CC=C(Cl)C=C2[C@H](C(=O)NC2=CN=CC3=CC=CC=C23)C1)NCC1=CC=CC=C1 |&1:12|,ASAP-0000157,Train,5.37,7.22,O=C(CN1CC2=CC=C(Cl)C=C2[C@H](C(=O)NC2=CN=CC3=CC=CC=C23)C1)NCC1=CC=CC=C1,O=C(CN1Cc2ccc(Cl)cc2[C@H](C(=O)Nc2cncc3ccccc23)C1)NCc1ccccc1
O=C(CC1=CN=CC2=CC=CC=C12)N1CCC(CC(F)(F)F)CC1,ASAP-0031552,Train,4.41,5.69,O=C(CC1=CN=CC2=CC=CC=C12)N1CCC(CC(F)(F)F)CC1,O=C(Cc1cncc2ccccc12)N1CCC(CC(F)(F)F)CC1
CN1C[C@]2(CCCN(C3=CN=CC4=CC=CC=C34)C2=O)C2=CC(Cl)=CC=C2C1=O |o1:3|,ASAP-0008362,Train,4.79,5.98,CN1C[C@]2(CCCN(C3=CN=CC4=CC=CC=C34)C2=O)C2=CC(Cl)=CC=C2C1=O,CN1C[C@]2(CCCN(c3cncc4ccccc34)C2=O)c2cc(Cl)ccc2C1=O
CCC1(C)CCN(C(=O)CC2=CN=CC3=CC=CC=C23)CC1,ASAP-0031790,Train,5.3,6.13,CCC1(C)CCN(C(=O)CC2=CN=CC3=CC=CC=C23)CC1,CCC1(C)CCN(C(=O)Cc2cncc3ccccc23)CC1
O=C(CC1=CN=CC2=CC=CC=C12)N1CCS[C@H](C2=CC=CC=C2)C1 |&1:17|,ASAP-0011241,Train,4.88,4.81,O=C(CC1=CN=CC2=CC=CC=C12)N1CCS[C@H](C2=CC=CC=C2)C1,O=C(Cc1cncc2ccccc12)N1CCS[C@H](c2ccccc2)C1
O=C(CC1=CN=CC2=CC=CC=C12)NCC1=CC=CC(Cl)=C1,ASAP-0008383,Train,4.08,5.25,O=C(CC1=CN=CC2=CC=CC=C12)NCC1=CC=CC(Cl)=C1,O=C(Cc1cncc2ccccc12)NCc1cccc(Cl)c1
"CO[C@H]1CC[C@H]2C(=O)N(C3=CN=CC4=CC=CC=C34)C(=O)N2C1 |o1:2,5|",ASAP-0000232,Train,4.22,,CO[C@H]1CC[C@H]2C(=O)N(C3=CN=CC4=CC=CC=C34)C(=O)N2C1,CO[C@H]1CC[C@H]2C(=O)N(c3cncc4ccccc34)C(=O)N2C1
CN1CCN2C(=O)N(C3=CN=CC4=CC=CC=C34)C(=O)[C@@H]2C1,ASAP-0000234,Train,4.2,,CN1CCN2C(=O)N(C3=CN=CC4=CC=CC=C34)C(=O)[C@@H]2C1,CN1CCN2C(=O)N(c3cncc4ccccc34)C(=O)[C@@H]2C1
O=C(CC1=CN=CC2=CC=CC=C12)N1CCCC[C@H]1C1=CC=CC=C1 |&1:18|,ASAP-0011285,Train,5.18,5.11,O=C(CC1=CN=CC2=CC=CC=C12)N1CCCC[C@H]1C1=CC=CC=C1,O=C(Cc1cncc2ccccc12)N1CCCC[C@H]1c1ccccc1
O=C(CC1=CN=CC2=CC=CC=C12)N1CC[C@H](CC2=CC=C(F)C(F)=C2)C1 |&1:16|,ASAP-0029767,Train,,4.71,O=C(CC1=CN=CC2=CC=CC=C12)N1CC[C@H](CC2=CC=C(F)C(F)=C2)C1,O=C(Cc1cncc2ccccc12)N1CC[C@H](Cc2ccc(F)c(F)c2)C1
"C[C@H]1CCN(C(=O)CC2=CN=CC3=CC=CC=C23)C[C@H]1C |o1:1,19|",ASAP-0031755,Train,4.88,5.26,C[C@H]1CCN(C(=O)CC2=CN=CC3=CC=CC=C23)C[C@H]1C,C[C@@H]1CN(C(=O)Cc2cncc3ccccc23)CC[C@@H]1C
O=C(CC1=CN=CC2=CC=CC=C12)N1CCCSC[C@H]1C1CC1 |&1:19|,ASAP-0011438,Train,4.01,4.22,O=C(CC1=CN=CC2=CC=CC=C12)N1CCCSC[C@H]1C1CC1,O=C(Cc1cncc2ccccc12)N1CCCSC[C@H]1C1CC1
"C[C@H]1C[C@H]2C[C@@H]1CN2C(=O)CC1=CN=CC2=CC=CC=C12 |&1:1,3,5|",ASAP-0031159,Train,4.78,4.98,C[C@H]1C[C@H]2C[C@@H]1CN2C(=O)CC1=CN=CC2=CC=CC=C12,C[C@H]1C[C@H]2C[C@@H]1CN2C(=O)Cc1cncc2ccccc12
C=CC(=O)N1CCCCC2=CC=C(N(CC3=CC=C(Cl)C=C3)C(=O)CC3=CN=CC4=CC=CC=C34)C=C21,ASAP-0028934,Train,4.55,4.56,C=CC(=O)N1CCCCC2=CC=C(N(CC3=CC=C(Cl)C=C3)C(=O)CC3=CN=CC4=CC=CC=C34)C=C21,C=CC(=O)N1CCCCc2ccc(N(Cc3ccc(Cl)cc3)C(=O)Cc3cncc4ccccc34)cc21
CCC1=CC=C2C(=C1)[C@H](NC(=O)C1=CN=CC3=CC=CC=C13)C(=O)N2C |&1:8|,ASAP-0008261,Train,4.28,,CCC1=CC=C2C(=C1)[C@H](NC(=O)C1=CN=CC3=CC=CC=C13)C(=O)N2C,CCc1ccc2c(c1)[C@H](NC(=O)c1cncc3ccccc13)C(=O)N2C
C=C(CN(C(=O)[C@H]1CN(CC(=O)NC)CC2=CC=C(Cl)C=C21)C1=CN=CC2=CC=CC=C12)C(=O)NC1=CC=C(N2C=CC=N2)C=C1 |&1:6|,ASAP-0013836,Train,4.81,5.55,C=C(CN(C(=O)[C@H]1CN(CC(=O)NC)CC2=CC=C(Cl)C=C21)C1=CN=CC2=CC=CC=C12)C(=O)NC1=CC=C(N2C=CC=N2)C=C1,C=C(CN(C(=O)[C@H]1CN(CC(=O)NC)Cc2ccc(Cl)cc21)c1cncc2ccccc12)C(=O)Nc1ccc(-n2cccn2)cc1
O=C(CC1=CN=CC2=CC=CC=C12)N1CCOC[C@H]1C1=CC=CS1 |&1:18|,ASAP-0011412,Train,4.87,4.53,O=C(CC1=CN=CC2=CC=CC=C12)N1CCOC[C@H]1C1=CC=CS1,O=C(Cc1cncc2ccccc12)N1CCOC[C@H]1c1cccs1
N#CC1=CC=C2C(=C1)OC1=C(Cl)C=CC=C1CN2C(=O)CC1=CN=CC2=CC=CC=C12,ASAP-0011145,Train,5.12,,N#CC1=CC=C2C(=C1)OC1=C(Cl)C=CC=C1CN2C(=O)CC1=CN=CC2=CC=CC=C12,N#Cc1ccc2c(c1)Oc1c(Cl)cccc1CN2C(=O)Cc1cncc2ccccc12
O=C(CC1=CN=CC2=CC=CC=C12)N1CCC[C@H](C2=NOC=C2)C1 |&1:17|,ASAP-0029425,Train,,4.47,O=C(CC1=CN=CC2=CC=CC=C12)N1CCC[C@H](C2=NOC=C2)C1,O=C(Cc1cncc2ccccc12)N1CCC[C@H](c2ccon2)C1
C=CC(=O)NC1=CC=C(Cl)C(N(CC2=CC=CC(Cl)=C2)C(=O)CC2=CN=CC3=CC=CC=C23)=C1,ASAP-0011531,Train,5.03,5.3,C=CC(=O)NC1=CC=C(Cl)C(N(CC2=CC=CC(Cl)=C2)C(=O)CC2=CN=CC3=CC=CC=C23)=C1,C=CC(=O)Nc1ccc(Cl)c(N(Cc2cccc(Cl)c2)C(=O)Cc2cncc3ccccc23)c1
O=C(CC1=CN=CC2=CC=CC=C12)N1CCC(C2=CC=CC=C2)CC1,ASAP-0011179,Train,4.31,4.49,O=C(CC1=CN=CC2=CC=CC=C12)N1CCC(C2=CC=CC=C2)CC1,O=C(Cc1cncc2ccccc12)N1CCC(c2ccccc2)CC1
C#CC1=CC=C(NC(=O)C=C)C=C1N(CC1=CC=CC(Cl)=C1)C(=O)CC1=CN=CC2=CC=CC=C12,ASAP-0013314,Train,4.46,,C#CC1=CC=C(NC(=O)C=C)C=C1N(CC1=CC=CC(Cl)=C1)C(=O)CC1=CN=CC2=CC=CC=C12,C#Cc1ccc(NC(=O)C=C)cc1N(Cc1cccc(Cl)c1)C(=O)Cc1cncc2ccccc12
C=CC(=O)N1C[C@H](CO)CC2=CC=C(N(CC3=CC=CC(Cl)=C3)C(=O)CC3=CN=CC4=CC=CC=C34)C=C21 |&1:6|,ASAP-0028927,Train,5.71,,C=CC(=O)N1C[C@H](CO)CC2=CC=C(N(CC3=CC=CC(Cl)=C3)C(=O)CC3=CN=CC4=CC=CC=C34)C=C21,C=CC(=O)N1C[C@H](CO)Cc2ccc(N(Cc3cccc(Cl)c3)C(=O)Cc3cncc4ccccc34)cc21
"CO[C@H]1[C@H]2C[C@H]3CN(C(=O)CC4=CN=CC5=CC=CC=C45)[C@H]1[C@H]3C2 |&1:2,&2:3,&3:5,&4:21,&5:22|",ASAP-0029396,Train,,4.23,CO[C@H]1[C@H]2C[C@H]3CN(C(=O)CC4=CN=CC5=CC=CC=C45)[C@H]1[C@H]3C2,CO[C@H]1[C@H]2C[C@H]3CN(C(=O)Cc4cncc5ccccc45)[C@H]1[C@H]3C2
O=C(CN1CC2=CC=C(Cl)C=C2[C@H](C(=O)NC2=CN=CC3=CC=CC=C23)C1)NCC1=CC=CC(F)=C1 |&1:12|,ASAP-0000168,Train,5.36,7.14,O=C(CN1CC2=CC=C(Cl)C=C2[C@H](C(=O)NC2=CN=CC3=CC=CC=C23)C1)NCC1=CC=CC(F)=C1,O=C(CN1Cc2ccc(Cl)cc2[C@H](C(=O)Nc2cncc3ccccc23)C1)NCc1cccc(F)c1
O=C(N[C@H]1C2=CC=CC=C2C[C@@H]1O)C1=CN=CC2=CC=CC=C12,ASAP-0000843,Train,4.35,,O=C(N[C@H]1C2=CC=CC=C2C[C@@H]1O)C1=CN=CC2=CC=CC=C12,O=C(N[C@H]1c2ccccc2C[C@@H]1O)c1cncc2ccccc12
CC(C)C[C@H]1CN(C(=O)COS(=O)(=O)N2CCCCC2)CCN1CC1=CC=CC(Cl)=C1 |&1:4|,ASAP-0008285,Train,4.86,6.41,CC(C)C[C@H]1CN(C(=O)COS(=O)(=O)N2CCCCC2)CCN1CC1=CC=CC(Cl)=C1,CC(C)C[C@H]1CN(C(=O)COS(=O)(=O)N2CCCCC2)CCN1Cc1cccc(Cl)c1
O=C(CC1=CN=CC2=CC=CC=C12)N1CCC(C2=CC=CC(F)=C2)CC1,ASAP-0011214,Train,4.31,4.71,O=C(CC1=CN=CC2=CC=CC=C12)N1CCC(C2=CC=CC(F)=C2)CC1,O=C(Cc1cncc2ccccc12)N1CCC(c2cccc(F)c2)CC1
O=C(NCC1=CC(=O)NC2=CC=CC=C12)C1=CN=CC2=CC=CC=C12,ASAP-0000860,Train,4.15,,O=C(NCC1=CC(=O)NC2=CC=CC=C12)C1=CN=CC2=CC=CC=C12,O=C(NCc1cc(=O)[nH]c2ccccc12)c1cncc2ccccc12
"CO[C@H]1CCN(C(=O)CC2=CN=CC3=CC=CC=C23)[C@@H](C)C1 |&1:2,19|",ASAP-0029708,Train,,4.55,CO[C@H]1CCN(C(=O)CC2=CN=CC3=CC=CC=C23)[C@@H](C)C1,CO[C@H]1CCN(C(=O)Cc2cncc3ccccc23)[C@@H](C)C1
O=C(NCCN1CCC2=CC=CC=C2C1=O)C1=CN=CC2=CC=CC=C12,ASAP-0000841,Train,4.17,,O=C(NCCN1CCC2=CC=CC=C2C1=O)C1=CN=CC2=CC=CC=C12,O=C(NCCN1CCc2ccccc2C1=O)c1cncc2ccccc12
CC1(C2=CC=CC=C2)CCN(C(=O)CC2=CN=CC3=CC=CC=C23)CC1,ASAP-0029407,Train,,5.16,CC1(C2=CC=CC=C2)CCN(C(=O)CC2=CN=CC3=CC=CC=C23)CC1,CC1(c2ccccc2)CCN(C(=O)Cc2cncc3ccccc23)CC1
O=C(NCCC1=CNC2=CC=C(Cl)C=C12)C1=CN=CC2=CC=CC=C12,ASAP-0000821,Train,4.08,4.91,O=C(NCCC1=CNC2=CC=C(Cl)C=C12)C1=CN=CC2=CC=CC=C12,O=C(NCCc1c[nH]c2ccc(Cl)cc12)c1cncc2ccccc12
C=CC[C@H](NC1=CC=CC(C(=O)O)=C1)C1=CC(Cl)=CC2=C1C=NN2 |&1:3|,ASAP-0028005,Train,4.39,4.42,C=CC[C@H](NC1=CC=CC(C(=O)O)=C1)C1=CC(Cl)=CC2=C1C=NN2,C=CC[C@H](Nc1cccc(C(=O)O)c1)c1cc(Cl)cc2[nH]ncc12
CNC(=O)CN1C[C@@]2(C(=O)N(C3=CN=CC4=CC=CC=C34)C[C@@H]2COC)C2=CC(Cl)=CC=C2C1=O,ASAP-0013267,Train,5.89,7.54,CNC(=O)CN1C[C@@]2(C(=O)N(C3=CN=CC4=CC=CC=C34)C[C@@H]2COC)C2=CC(Cl)=CC=C2C1=O,CNC(=O)CN1C[C@@]2(C(=O)N(c3cncc4ccccc34)C[C@@H]2COC)c2cc(Cl)ccc2C1=O
O=C(CC1=CN=CC2=CC=CC=C12)N1CCC[C@@H](CCO)C1 |a:17|,ASAP-0031894,Train,4.27,,O=C(CC1=CN=CC2=CC=CC=C12)N1CCC[C@@H](CCO)C1,O=C(Cc1cncc2ccccc12)N1CCC[C@@H](CCO)C1
CN1C[C@H](C(=O)NC2=CN=CC3=CC=CC=C23)C2=CC(Cl)=CC=C2C1=O |o1:3|,ASAP-0008314,Train,5.69,6.65,CN1C[C@H](C(=O)NC2=CN=CC3=CC=CC=C23)C2=CC(Cl)=CC=C2C1=O,CN1C[C@H](C(=O)Nc2cncc3ccccc23)c2cc(Cl)ccc2C1=O
CC(C)(NC(=O)CN1CC2=CC=C(Cl)C=C2[C@H](C(=O)NC2=CN=CC3=CC=CC=C23)C1)C1=CC=CC=C1 |&1:16|,ASAP-0000163,Train,5.22,6.74,CC(C)(NC(=O)CN1CC2=CC=C(Cl)C=C2[C@H](C(=O)NC2=CN=CC3=CC=CC=C23)C1)C1=CC=CC=C1,CC(C)(NC(=O)CN1Cc2ccc(Cl)cc2[C@H](C(=O)Nc2cncc3ccccc23)C1)c1ccccc1
CNC(=O)CN1C[C@@]2(C(=O)N(C3=CN=CC4=CC=CC=C34)C[C@@H]2C)C2=CC=CC(F)=C2C1=O,ASAP-0000801,Train,5.25,5.89,CNC(=O)CN1C[C@@]2(C(=O)N(C3=CN=CC4=CC=CC=C34)C[C@@H]2C)C2=CC=CC(F)=C2C1=O,CNC(=O)CN1C[C@@]2(C(=O)N(c3cncc4ccccc34)C[C@@H]2C)c2cccc(F)c2C1=O
O=C(CN1CC2=C(C=C(Cl)C=C2)[C@H](C(=O)NC2=CN=CC3=CC=CC=C23)C1)NC1=NC=C(C(F)(F)F)C=C1 |&1:12|,ASAP-0000362,Train,5.01,6.39,O=C(CN1CC2=C(C=C(Cl)C=C2)[C@H](C(=O)NC2=CN=CC3=CC=CC=C23)C1)NC1=NC=C(C(F)(F)F)C=C1,O=C(CN1Cc2ccc(Cl)cc2[C@H](C(=O)Nc2cncc3ccccc23)C1)Nc1ccc(C(F)(F)F)cn1
CN1C[C@H](C(=O)NC2=CN=CC3=CC=CC=C23)C2=CC(CC#N)=CC=C2C1=O |o1:3|,ASAP-0013402,Train,4.31,4.02,CN1C[C@H](C(=O)NC2=CN=CC3=CC=CC=C23)C2=CC(CC#N)=CC=C2C1=O,CN1C[C@H](C(=O)Nc2cncc3ccccc23)c2cc(CC#N)ccc2C1=O
COC1=CC=CC(CNC(=O)CN2C[C@]3(C(=O)N(C4=CN=CC5=CC=CC=C45)C[C@@H]3C)C3=CC=CC=C3C2=O)=C1,ASAP-0000576,Train,4.3,4.59,COC1=CC=CC(CNC(=O)CN2C[C@]3(C(=O)N(C4=CN=CC5=CC=CC=C45)C[C@@H]3C)C3=CC=CC=C3C2=O)=C1,COc1cccc(CNC(=O)CN2C[C@]3(C(=O)N(c4cncc5ccccc45)C[C@@H]3C)c3ccccc3C2=O)c1
O=C(CC1=CN=CC2=CC=CC=C12)N1CCC[C@H](C2=CC=CC=C2)C1 |&1:17|,ASAP-0011226,Train,4.92,4.74,O=C(CC1=CN=CC2=CC=CC=C12)N1CCC[C@H](C2=CC=CC=C2)C1,O=C(Cc1cncc2ccccc12)N1CCC[C@H](c2ccccc2)C1
O=C(CC1=CC(F)=CC(F)=C1)NC1=CN=CC2=CC=CC=C12,ASAP-0000731,Train,4.88,6.19,O=C(CC1=CC(F)=CC(F)=C1)NC1=CN=CC2=CC=CC=C12,O=C(Cc1cc(F)cc(F)c1)Nc1cncc2ccccc12
C=C(CN(C(=O)[C@H]1CN(CC(=O)NC)C(=O)C2=CC=C(Cl)C=C21)C1=CN=CC2=CC=CC=C12)C(=O)NCC1=CC=C(OC)C=C1Cl |&1:6|,ASAP-0014649,Train,4.42,7.64,C=C(CN(C(=O)[C@H]1CN(CC(=O)NC)C(=O)C2=CC=C(Cl)C=C21)C1=CN=CC2=CC=CC=C12)C(=O)NCC1=CC=C(OC)C=C1Cl,C=C(CN(C(=O)[C@H]1CN(CC(=O)NC)C(=O)c2ccc(Cl)cc21)c1cncc2ccccc12)C(=O)NCc1ccc(OC)cc1Cl
"CCC1=CC=C([C@H]2C[C@H](C)CCN2C(=O)CC2=CN=CC3=CC=CC=C23)O1 |o1:6,8|",ASAP-0031188,Train,5.22,5.93,CCC1=CC=C([C@H]2C[C@H](C)CCN2C(=O)CC2=CN=CC3=CC=CC=C23)O1,CCc1ccc([C@H]2C[C@H](C)CCN2C(=O)Cc2cncc3ccccc23)o1
"C[C@H]1CC[C@@]2(CN1S(C)(=O)=O)NC(=O)N(C1=CN=CC3=CC=CC=C13)C2=O |&1:1,4|",ASAP-0000533,Train,4.31,4.12,C[C@H]1CC[C@@]2(CN1S(C)(=O)=O)NC(=O)N(C1=CN=CC3=CC=CC=C13)C2=O,C[C@H]1CC[C@@]2(CN1S(C)(=O)=O)NC(=O)N(c1cncc3ccccc13)C2=O
O=C(CC1=CN=CC2=CC=CC=C12)N1CC[C@H](CC2=CC=C(O)C=C2)C1 |&1:16|,ASAP-0011304,Train,4.31,4.06,O=C(CC1=CN=CC2=CC=CC=C12)N1CC[C@H](CC2=CC=C(O)C=C2)C1,O=C(Cc1cncc2ccccc12)N1CC[C@H](Cc2ccc(O)cc2)C1
CN1C=C([C@H]2CCCN2C(=O)CC2=CN=CC3=CC=CC=C23)C(C(F)F)=N1 |&1:4|,ASAP-0029300,Train,,4.31,CN1C=C([C@H]2CCCN2C(=O)CC2=CN=CC3=CC=CC=C23)C(C(F)F)=N1,Cn1cc([C@H]2CCCN2C(=O)Cc2cncc3ccccc23)c(C(F)F)n1
CCN1CCN(C2=CC=C(NC(=O)CN3CC4=CC=C(Cl)C=C4[C@H](C(=O)NC4=CN=CC5=CC=CC=C45)C3)C=C2F)CC1 |&1:23|,ASAP-0000226,Train,5.45,7.43,CCN1CCN(C2=CC=C(NC(=O)CN3CC4=CC=C(Cl)C=C4[C@H](C(=O)NC4=CN=CC5=CC=CC=C45)C3)C=C2F)CC1,CCN1CCN(c2ccc(NC(=O)CN3Cc4ccc(Cl)cc4[C@H](C(=O)Nc4cncc5ccccc45)C3)cc2F)CC1
O=C([C@H]1CCCN1C(=O)CC1=CN=CC2=CC=CC=C12)N1CCSCC1 |&1:2|,ASAP-0011239,Train,4.35,,O=C([C@H]1CCCN1C(=O)CC1=CN=CC2=CC=CC=C12)N1CCSCC1,O=C([C@H]1CCCN1C(=O)Cc1cncc2ccccc12)N1CCSCC1
CCN1C=CN=C1[C@H]1CCCCN1C(=O)CC1=CN=CC2=CC=CC=C12 |&1:7|,ASAP-0029887,Train,4.22,4.14,CCN1C=CN=C1[C@H]1CCCCN1C(=O)CC1=CN=CC2=CC=CC=C12,CCn1ccnc1[C@H]1CCCCN1C(=O)Cc1cncc2ccccc12
C=CC(=O)NC1=CC=CC(N(CC2=CC=CC3=C2SC=C3)C(=O)CC2=CN=CC3=CC=CC=C23)=C1,ASAP-0011246,Train,5.29,4.55,C=CC(=O)NC1=CC=CC(N(CC2=CC=CC3=C2SC=C3)C(=O)CC2=CN=CC3=CC=CC=C23)=C1,C=CC(=O)Nc1cccc(N(Cc2cccc3ccsc23)C(=O)Cc2cncc3ccccc23)c1
C=CC(=O)N1CCCC2=C1C=CC=C2N(CC1=CC=CC([C@H]2CCCN2)=C1)C(=O)CC1=CN=CC2=CC=CC=C12 |&1:21|,ASAP-0021055,Train,4.27,4.26,C=CC(=O)N1CCCC2=C1C=CC=C2N(CC1=CC=CC([C@H]2CCCN2)=C1)C(=O)CC1=CN=CC2=CC=CC=C12,C=CC(=O)N1CCCc2c1cccc2N(Cc1cccc([C@H]2CCCN2)c1)C(=O)Cc1cncc2ccccc12
O=C(CC1=CC=CN=C1)N1CCC2=C(C=CS2)C1,ASAP-0031116,Train,4.4,4.47,O=C(CC1=CC=CN=C1)N1CCC2=C(C=CS2)C1,O=C(Cc1cccnc1)N1CCc2sccc2C1
O=C(CC1=CN=CC2=CC=CC=C12)N1C[C@H](CF)C2(CCCC2)C1 |&1:15|,ASAP-0011294,Train,4.39,5.43,O=C(CC1=CN=CC2=CC=CC=C12)N1C[C@H](CF)C2(CCCC2)C1,O=C(Cc1cncc2ccccc12)N1C[C@H](CF)C2(CCCC2)C1
CCC(=O)[C@H]1CCCCN1C(=O)CC1=CN=CC2=CC=CC=C12 |&1:4|,ASAP-0029510,Train,,4.34,CCC(=O)[C@H]1CCCCN1C(=O)CC1=CN=CC2=CC=CC=C12,CCC(=O)[C@H]1CCCCN1C(=O)Cc1cncc2ccccc12
O=C(CC1=CN=CC2=CC=CC=C12)N1CCCC2=CC=CC=C2CC1,ASAP-0011505,Train,4.04,5.01,O=C(CC1=CN=CC2=CC=CC=C12)N1CCCC2=CC=CC=C2CC1,O=C(Cc1cncc2ccccc12)N1CCCc2ccccc2CC1
O=C(CC1=CN=CC2=CC=CC=C12)N1CCC2=NC=C(Cl)C=C2C1,ASAP-0031722,Train,4.29,4.48,O=C(CC1=CN=CC2=CC=CC=C12)N1CCC2=NC=C(Cl)C=C2C1,O=C(Cc1cncc2ccccc12)N1CCc2ncc(Cl)cc2C1
O=C(CC1=CN=CC2=CC=CC=C12)N1CCC[C@H](C2=CN=CO2)C1 |&1:17|,ASAP-0011329,Train,4.29,4.06,O=C(CC1=CN=CC2=CC=CC=C12)N1CCC[C@H](C2=CN=CO2)C1,O=C(Cc1cncc2ccccc12)N1CCC[C@H](c2cnco2)C1
O=C(CC1=CN=CC2=CC=CC=C12)N1CCCC[C@H]1C1CCCC1 |&1:18|,ASAP-0011482,Train,4.78,5.34,O=C(CC1=CN=CC2=CC=CC=C12)N1CCCC[C@H]1C1CCCC1,O=C(Cc1cncc2ccccc12)N1CCCC[C@H]1C1CCCC1
CNC(=O)CN1C[C@@]2(C(=O)N(C3=CN=CC4=CC=CC=C34)C[C@@H]2C)C2=C(F)C=CC=C2C1=O,ASAP-0008448,Train,4.27,4.38,CNC(=O)CN1C[C@@]2(C(=O)N(C3=CN=CC4=CC=CC=C34)C[C@@H]2C)C2=C(F)C=CC=C2C1=O,CNC(=O)CN1C[C@@]2(C(=O)N(c3cncc4ccccc34)C[C@@H]2C)c2c(F)cccc2C1=O
"C[C@H]1CCN(C(=O)CC2=CN=CC3=CC=CC=C23)[C@@H](C2CCOCC2)C1 |&1:1,18|",ASAP-0029353,Train,,5.13,C[C@H]1CCN(C(=O)CC2=CN=CC3=CC=CC=C23)[C@@H](C2CCOCC2)C1,C[C@H]1CCN(C(=O)Cc2cncc3ccccc23)[C@@H](C2CCOCC2)C1
O=C(CC1=CN=CC2=CC=CC=C12)N1CCC[C@H]1C1=CC=CC=C1 |&1:17|,ASAP-0011230,Train,4.24,4.99,O=C(CC1=CN=CC2=CC=CC=C12)N1CCC[C@H]1C1=CC=CC=C1,O=C(Cc1cncc2ccccc12)N1CCC[C@H]1c1ccccc1
CN(CC1=CC=CC(O)=C1)C(=O)C1=CN=CC2=CC=CC=C12,ASAP-0000827,Train,6.25,,CN(CC1=CC=CC(O)=C1)C(=O)C1=CN=CC2=CC=CC=C12,CN(Cc1cccc(O)c1)C(=O)c1cncc2ccccc12
CN1C(=O)N(C2=CN=CC3=CC=CC=C23)C(=O)C12CN(S(=O)(=O)C1=CC=CC=C1)C2,ASAP-0000445,Train,4.55,5.12,CN1C(=O)N(C2=CN=CC3=CC=CC=C23)C(=O)C12CN(S(=O)(=O)C1=CC=CC=C1)C2,CN1C(=O)N(c2cncc3ccccc23)C(=O)C12CN(S(=O)(=O)c1ccccc1)C2
"CC1(C)[C@H]2CN(C(=O)CC3=CN=CC4=CC=CC=C34)C[C@H]21 |&1:3,&2:20|",ASAP-0031259,Train,5.2,5.46,CC1(C)[C@H]2CN(C(=O)CC3=CN=CC4=CC=CC=C34)C[C@H]21,CC1(C)[C@@H]2CN(C(=O)Cc3cncc4ccccc34)C[C@@H]21
CNCCN1C[C@H](C(=O)NC2=CN=CC3=CC=CC=C23)C2=CC(Cl)=CC=C2C1=O |&1:6|,ASAP-0008675,Train,5.48,6.96,CNCCN1C[C@H](C(=O)NC2=CN=CC3=CC=CC=C23)C2=CC(Cl)=CC=C2C1=O,CNCCN1C[C@H](C(=O)Nc2cncc3ccccc23)c2cc(Cl)ccc2C1=O
CC(C)C[C@H]1CN(C(=O)COS(=O)(=O)N2CCCC2)CCN1CC1=CC=CC(Cl)=C1 |&1:4|,ASAP-0008284,Train,4.17,5.83,CC(C)C[C@H]1CN(C(=O)COS(=O)(=O)N2CCCC2)CCN1CC1=CC=CC(Cl)=C1,CC(C)C[C@H]1CN(C(=O)COS(=O)(=O)N2CCCC2)CCN1Cc1cccc(Cl)c1
CC1=CC=C(F)C=C1CC(=O)NC1=CN=CC2=CC=CC=C12,ASAP-0000716,Train,4.44,5.73,CC1=CC=C(F)C=C1CC(=O)NC1=CN=CC2=CC=CC=C12,Cc1ccc(F)cc1CC(=O)Nc1cncc2ccccc12
O=C(CC1=CN=CC2=CC=CC=C12)N1CCC[C@H]1CN1CCC(F)(F)CC1,ASAP-0011465,Train,4.12,4.47,O=C(CC1=CN=CC2=CC=CC=C12)N1CCC[C@H]1CN1CCC(F)(F)CC1,O=C(Cc1cncc2ccccc12)N1CCC[C@H]1CN1CCC(F)(F)CC1
O=C(CC1=CN=CC2=CC=CC=C12)N1CCC[C@H]1CCC1=CC=CC=C1 |&1:17|,ASAP-0029798,Train,,4.83,O=C(CC1=CN=CC2=CC=CC=C12)N1CCC[C@H]1CCC1=CC=CC=C1,O=C(Cc1cncc2ccccc12)N1CCC[C@H]1CCc1ccccc1
"CNC(=O)CN1C[C@@]2(C[C@H](CO)N(C3=CN=CC4=CC=CC=C34)C2=O)C2=CC(Cl)=CC=C2C1=O |&1:7,9|",ASAP-0008661,Train,4.73,6.31,CNC(=O)CN1C[C@@]2(C[C@H](CO)N(C3=CN=CC4=CC=CC=C34)C2=O)C2=CC(Cl)=CC=C2C1=O,CNC(=O)CN1C[C@@]2(C[C@H](CO)N(c3cncc4ccccc34)C2=O)c2cc(Cl)ccc2C1=O
O=C(CC1=CN=CC2=CC=CC=C12)N(CC1=CC=CC=C1)C1CCC1,ASAP-0008627,Train,4.81,5.13,O=C(CC1=CN=CC2=CC=CC=C12)N(CC1=CC=CC=C1)C1CCC1,O=C(Cc1cncc2ccccc12)N(Cc1ccccc1)C1CCC1
O=C(CC1=C(F)C(F)=CC(F)=C1F)NC1=CN=CC2=CC=CC=C12,ASAP-0000649,Train,5.01,,O=C(CC1=C(F)C(F)=CC(F)=C1F)NC1=CN=CC2=CC=CC=C12,O=C(Cc1c(F)c(F)cc(F)c1F)Nc1cncc2ccccc12
C[C@H]1CN(C2=CN=CC3=CC=CC=C23)C(=O)[C@@]12CN(CC(=O)NC(C)(C)C)C(=O)C1=CC=C(Cl)C=C12,ASAP-0011133,Train,5.12,6.19,C[C@H]1CN(C2=CN=CC3=CC=CC=C23)C(=O)[C@@]12CN(CC(=O)NC(C)(C)C)C(=O)C1=CC=C(Cl)C=C12,C[C@H]1CN(c2cncc3ccccc23)C(=O)[C@@]12CN(CC(=O)NC(C)(C)C)C(=O)c1ccc(Cl)cc12
"N#C[C@H](C1=CC=CC=C1)[C@H]1CCCN1C(=O)CC1=CN=CC2=CC=CC=C12 |&1:2,&2:9|",ASAP-0029839,Train,,4.46,N#C[C@H](C1=CC=CC=C1)[C@H]1CCCN1C(=O)CC1=CN=CC2=CC=CC=C12,N#C[C@H](c1ccccc1)[C@H]1CCCN1C(=O)Cc1cncc2ccccc12
O=C(C1=CN=CC2=CC=CC=C12)N1CC[C@H]1C1=CC=CC(F)=C1 |&1:15|,ASAP-0000800,Train,4.29,,O=C(C1=CN=CC2=CC=CC=C12)N1CC[C@H]1C1=CC=CC(F)=C1,O=C(c1cncc2ccccc12)N1CC[C@H]1c1cccc(F)c1
CN(C)C1=CC=C(N(CC2=CC=CC(Cl)=C2)C(=O)CC2=CN=CC3=CC=CC=C23)N=C1,ASAP-0008642,Train,5.36,6.5,CN(C)C1=CC=C(N(CC2=CC=CC(Cl)=C2)C(=O)CC2=CN=CC3=CC=CC=C23)N=C1,CN(C)c1ccc(N(Cc2cccc(Cl)c2)C(=O)Cc2cncc3ccccc23)nc1
O=C(CC1=CN=CC2=CC=CC=C12)N1CC2=CC=CC=C2[C@H](CC2CCCCC2)C1 |&1:21|,ASAP-0012341,Train,5.53,4.77,O=C(CC1=CN=CC2=CC=CC=C12)N1CC2=CC=CC=C2[C@H](CC2CCCCC2)C1,O=C(Cc1cncc2ccccc12)N1Cc2ccccc2[C@H](CC2CCCCC2)C1
COC1=CC=C(N(CC2=CC=CC(Cl)=C2)C(=O)CC2=CN=CC3=CC=CC=C23)C=C1,ASAP-0011202,Train,5.65,5.92,COC1=CC=C(N(CC2=CC=CC(Cl)=C2)C(=O)CC2=CN=CC3=CC=CC=C23)C=C1,COc1ccc(N(Cc2cccc(Cl)c2)C(=O)Cc2cncc3ccccc23)cc1
O=C1N[C@]2(C[C@@H](C3=C(F)C=CC=C3F)C2)C(=O)N1C1=CN=CC2=CC=CC=C12,ASAP-0000577,Train,5.4,7.06,O=C1N[C@]2(C[C@@H](C3=C(F)C=CC=C3F)C2)C(=O)N1C1=CN=CC2=CC=CC=C12,O=C1N[C@]2(C[C@@H](c3c(F)cccc3F)C2)C(=O)N1c1cncc2ccccc12
CC(C)(F)C1CCN(C(=O)CC2=CN=CC3=CC=CC=C23)CC1,ASAP-0031748,Train,4.6,6.02,CC(C)(F)C1CCN(C(=O)CC2=CN=CC3=CC=CC=C23)CC1,CC(C)(F)C1CCN(C(=O)Cc2cncc3ccccc23)CC1
"CO[C@H]1CC[C@@H]2C(=O)N(C3=CN=CC4=CC=CC=C34)C(=O)N2C1 |o1:2,5|",ASAP-0000229,Train,3.95,4.43,CO[C@H]1CC[C@@H]2C(=O)N(C3=CN=CC4=CC=CC=C34)C(=O)N2C1,CO[C@H]1CC[C@@H]2C(=O)N(c3cncc4ccccc34)C(=O)N2C1
O=C(NCC(=O)N1CCCC2=CC=CC=C21)C1=CN=CC2=CC=CC=C12,ASAP-0000849,Train,4.24,,O=C(NCC(=O)N1CCCC2=CC=CC=C21)C1=CN=CC2=CC=CC=C12,O=C(NCC(=O)N1CCCc2ccccc21)c1cncc2ccccc12
"C[C@H]1CC[C@@H]2C(=O)N(C3=CN=CC4=CC=CC=C34)C(=O)N2C1 |o1:1,4|",ASAP-0000180,Train,4.57,4.65,C[C@H]1CC[C@@H]2C(=O)N(C3=CN=CC4=CC=CC=C34)C(=O)N2C1,C[C@H]1CC[C@@H]2C(=O)N(c3cncc4ccccc34)C(=O)N2C1
"O=C1CC[C@H](N2C(=O)C3=CC=C(N4CCN(C5=CC=C(NC(=O)CN6CC7=CC=C(Cl)C=C7[C@H](C(=O)NC7=CN=CC8=CC=CC=C78)C6)C=C5)CC4)C=C3C2=O)C(=O)N1 |&1:4,&2:33|",ASAP-0010748,Train,4.89,7.09,O=C1CC[C@H](N2C(=O)C3=CC=C(N4CCN(C5=CC=C(NC(=O)CN6CC7=CC=C(Cl)C=C7[C@H](C(=O)NC7=CN=CC8=CC=CC=C78)C6)C=C5)CC4)C=C3C2=O)C(=O)N1,O=C1CC[C@H](N2C(=O)c3ccc(N4CCN(c5ccc(NC(=O)CN6Cc7ccc(Cl)cc7[C@H](C(=O)Nc7cncc8ccccc78)C6)cc5)CC4)cc3C2=O)C(=O)N1
C[C@H]1CC(F)(F)CCN1C(=O)CC1=CN=CC2=CC=CC=C12 |o1:1|,ASAP-0030817,Train,5.77,5.49,C[C@H]1CC(F)(F)CCN1C(=O)CC1=CN=CC2=CC=CC=C12,C[C@H]1CC(F)(F)CCN1C(=O)Cc1cncc2ccccc12
O=C(CC1=CN=CC2=CC=CC=C12)N1CCC[C@H](C(=O)N2CCCCC2)C1 |&1:17|,ASAP-0011394,Train,4.28,,O=C(CC1=CN=CC2=CC=CC=C12)N1CCC[C@H](C(=O)N2CCCCC2)C1,O=C(Cc1cncc2ccccc12)N1CCC[C@H](C(=O)N2CCCCC2)C1
CN(CCC1=CC=CC=C1Cl)C(=O)CC1=CN=CC2=CC=CC=C12,ASAP-0008372,Train,3.61,4.56,CN(CCC1=CC=CC=C1Cl)C(=O)CC1=CN=CC2=CC=CC=C12,CN(CCc1ccccc1Cl)C(=O)Cc1cncc2ccccc12
"CNC(=O)CN1C[C@@]2(C(=O)N(C3=CN=CC4=CC=CC=C34)C[C@@H]2CNC2=CNN=C2)C2=CC(Cl)=CC=C2C1=O |a:7,22|",ASAP-0014646,Train,5.41,7.21,CNC(=O)CN1C[C@@]2(C(=O)N(C3=CN=CC4=CC=CC=C34)C[C@@H]2CNC2=CNN=C2)C2=CC(Cl)=CC=C2C1=O,CNC(=O)CN1C[C@@]2(C(=O)N(c3cncc4ccccc34)C[C@@H]2CNc2cn[nH]c2)c2cc(Cl)ccc2C1=O
CC1=NN=C([C@H]2CCCCN2C(=O)CC2=CN=CC3=CC=CC=C23)O1 |&1:5|,ASAP-0029509,Train,,4.01,CC1=NN=C([C@H]2CCCCN2C(=O)CC2=CN=CC3=CC=CC=C23)O1,Cc1nnc([C@H]2CCCCN2C(=O)Cc2cncc3ccccc23)o1
O=C(CC1=CN=CC2=CC=CC=C12)N(CC1=CC=CC(F)=C1)C1CC1,ASAP-0008376,Train,4.76,5.52,O=C(CC1=CN=CC2=CC=CC=C12)N(CC1=CC=CC(F)=C1)C1CC1,O=C(Cc1cncc2ccccc12)N(Cc1cccc(F)c1)C1CC1
"CC(C)CNS(=O)(=O)OCC(=O)N1CCN(CC2=CC=CC(Cl)=C2)[C@H]2CS(=O)(=O)C[C@@H]21 |&1:24,30|",ASAP-0028899,Train,6.0,7.26,CC(C)CNS(=O)(=O)OCC(=O)N1CCN(CC2=CC=CC(Cl)=C2)[C@H]2CS(=O)(=O)C[C@@H]21,CC(C)CNS(=O)(=O)OCC(=O)N1CCN(Cc2cccc(Cl)c2)[C@H]2CS(=O)(=O)C[C@@H]21
O=C(CC1=CN=CC2=CC=CC=C12)N1CCC2=NC=CC=C2C1,ASAP-0031444,Train,4.28,4.26,O=C(CC1=CN=CC2=CC=CC=C12)N1CCC2=NC=CC=C2C1,O=C(Cc1cncc2ccccc12)N1CCc2ncccc2C1
O=C(CC1=CN=CC2=CC=CC=C12)N1CCC2=C(C=CS2)[C@H]1C1=CC=CC=C1 |&1:21|,ASAP-0031522,Train,5.56,6.88,O=C(CC1=CN=CC2=CC=CC=C12)N1CCC2=C(C=CS2)[C@H]1C1=CC=CC=C1,O=C(Cc1cncc2ccccc12)N1CCc2sccc2[C@H]1c1ccccc1
CC1=CC=C(CC(=O)NC2=CN=CC3=CC=CC=C23)C(F)=C1F,ASAP-0000642,Train,5.06,,CC1=CC=C(CC(=O)NC2=CN=CC3=CC=CC=C23)C(F)=C1F,Cc1ccc(CC(=O)Nc2cncc3ccccc23)c(F)c1F
C=C(CNC1=CC=CC(N(CC2=CC=CC(Cl)=C2)C(=O)CC2=CN=CC3=CC=CC=C23)=C1)C(=O)NC1=CC=CC=C1,ASAP-0012326,Train,4.79,4.99,C=C(CNC1=CC=CC(N(CC2=CC=CC(Cl)=C2)C(=O)CC2=CN=CC3=CC=CC=C23)=C1)C(=O)NC1=CC=CC=C1,C=C(CNc1cccc(N(Cc2cccc(Cl)c2)C(=O)Cc2cncc3ccccc23)c1)C(=O)Nc1ccccc1
"CNC(=O)CN1C[C@]2(C(=O)N(C3=CN=CC4=CC=CC=C34)C[C@H]2COC)C2=CC(Cl)=CC=C2C1=O |o1:7,22|",ASAP-0000431,Train,4.36,5.73,CNC(=O)CN1C[C@]2(C(=O)N(C3=CN=CC4=CC=CC=C34)C[C@H]2COC)C2=CC(Cl)=CC=C2C1=O,CNC(=O)CN1C[C@]2(C(=O)N(c3cncc4ccccc34)C[C@H]2COC)c2cc(Cl)ccc2C1=O
O=C(CC1=CC(F)=C(F)C(F)=C1)NC1=CN=CC2=CC=CC=C12,ASAP-0008428,Train,3.58,6.33,O=C(CC1=CC(F)=C(F)C(F)=C1)NC1=CN=CC2=CC=CC=C12,O=C(Cc1cc(F)c(F)c(F)c1)Nc1cncc2ccccc12
O=C(CC1=CN=CC2=CC=CC=C12)N1CCC(C2CCCC2)CC1,ASAP-0011228,Train,4.89,5.35,O=C(CC1=CN=CC2=CC=CC=C12)N1CCC(C2CCCC2)CC1,O=C(Cc1cncc2ccccc12)N1CCC(C2CCCC2)CC1
O=C(CC1=CC(F)=CC=C1F)NC1=CN=CC2=CC=CC=C12,ASAP-0000710,Train,4.58,5.69,O=C(CC1=CC(F)=CC=C1F)NC1=CN=CC2=CC=CC=C12,O=C(Cc1cc(F)ccc1F)Nc1cncc2ccccc12
CN1C[C@]2(CCN(C3=CN=CC4=CC=CC=C34)C2=O)C2=CC(Cl)=CC=C2C1=O |o1:3|,ASAP-0008411,Train,5.4,6.31,CN1C[C@]2(CCN(C3=CN=CC4=CC=CC=C34)C2=O)C2=CC(Cl)=CC=C2C1=O,CN1C[C@]2(CCN(c3cncc4ccccc34)C2=O)c2cc(Cl)ccc2C1=O
O=C(CC1=CN=CC2=CC=CC=C12)N1CCC2(CCCO2)CC1,ASAP-0029656,Train,,4.95,O=C(CC1=CN=CC2=CC=CC=C12)N1CCC2(CCCO2)CC1,O=C(Cc1cncc2ccccc12)N1CCC2(CCCO2)CC1
CC1=CC=CC(CC(=O)NC2=CN=CC3=CC=CC=C23)=C1F,ASAP-0000721,Train,4.27,4.2,CC1=CC=CC(CC(=O)NC2=CN=CC3=CC=CC=C23)=C1F,Cc1cccc(CC(=O)Nc2cncc3ccccc23)c1F
O=C(CC1=CN=CC2=CC=CC=C12)N1CC[C@H](OC(F)(F)F)C1 |o1:16|,ASAP-0031217,Train,4.5,5.18,O=C(CC1=CN=CC2=CC=CC=C12)N1CC[C@H](OC(F)(F)F)C1,O=C(Cc1cncc2ccccc12)N1CC[C@H](OC(F)(F)F)C1
O=C(NCCOC1=CC(Cl)=CC=N1)C1=CN=CC2=CC=CC=C12,ASAP-0000858,Train,3.65,4.8,O=C(NCCOC1=CC(Cl)=CC=N1)C1=CN=CC2=CC=CC=C12,O=C(NCCOc1cc(Cl)ccn1)c1cncc2ccccc12
CNC(=O)[C@H](C)N1C[C@H](C(=O)NC2=CN=CC3=CC=CC=C23)C2=CC(Cl)=CC=C2C1=O |o1:8|,ASAP-0008672,Train,5.68,7.11,CNC(=O)[C@H](C)N1C[C@H](C(=O)NC2=CN=CC3=CC=CC=C23)C2=CC(Cl)=CC=C2C1=O,CNC(=O)[C@H](C)N1C[C@H](C(=O)Nc2cncc3ccccc23)c2cc(Cl)ccc2C1=O
O=C(C1=CN=CC2=CC=CC=C12)N1CC[C@H]1C1=CC=CC=C1F |&1:15|,ASAP-0000851,Train,4.21,,O=C(C1=CN=CC2=CC=CC=C12)N1CC[C@H]1C1=CC=CC=C1F,O=C(c1cncc2ccccc12)N1CC[C@H]1c1ccccc1F
"O=C(CC1=CN=CC2=CC=CC=C12)N1CC[C@H]2CCC[C@H]2C1 |&1:16,20|",ASAP-0029674,Train,5.35,5.67,O=C(CC1=CN=CC2=CC=CC=C12)N1CC[C@H]2CCC[C@H]2C1,O=C(Cc1cncc2ccccc12)N1CC[C@H]2CCC[C@H]2C1
O=C(CC1=CN=CC2=CC=CC=C12)N1CCC2=CC=C(Cl)C=C2CC1,ASAP-0008370,Train,3.9,5.43,O=C(CC1=CN=CC2=CC=CC=C12)N1CCC2=CC=C(Cl)C=C2CC1,O=C(Cc1cncc2ccccc12)N1CCc2ccc(Cl)cc2CC1
O=C(NCC1=CC=NN1C1=CC=CC=C1)C1=CN=CC2=CC=CC=C12,ASAP-0000845,Train,4.21,,O=C(NCC1=CC=NN1C1=CC=CC=C1)C1=CN=CC2=CC=CC=C12,O=C(NCc1ccnn1-c1ccccc1)c1cncc2ccccc12
O=C(CC1=CN=CC2=CC=CC=C12)N1CCC2=NC(C(F)(F)F)=CC=C2C1,ASAP-0031433,Train,4.26,4.13,O=C(CC1=CN=CC2=CC=CC=C12)N1CCC2=NC(C(F)(F)F)=CC=C2C1,O=C(Cc1cncc2ccccc12)N1CCc2nc(C(F)(F)F)ccc2C1
O=C(CC1=CN=CC2=CC=CC=C12)N1CC[C@H](C2CCC(F)(F)CC2)C1 |&1:16|,ASAP-0011478,Train,4.29,4.42,O=C(CC1=CN=CC2=CC=CC=C12)N1CC[C@H](C2CCC(F)(F)CC2)C1,O=C(Cc1cncc2ccccc12)N1CC[C@H](C2CCC(F)(F)CC2)C1
O=C(CC1=CN=CC2=CC=CC=C12)N1CC[C@H](CC2CCC2)C1 |&1:16|,ASAP-0011268,Train,4.05,5.03,O=C(CC1=CN=CC2=CC=CC=C12)N1CC[C@H](CC2CCC2)C1,O=C(Cc1cncc2ccccc12)N1CC[C@H](CC2CCC2)C1
"C[C@H]1CCN2C(=O)N(C3=CN=CC4=CC=CC=C34)C(=O)[C@@H]2C1 |o1:1,20|",ASAP-0000237,Train,4.27,4.12,C[C@H]1CCN2C(=O)N(C3=CN=CC4=CC=CC=C34)C(=O)[C@@H]2C1,C[C@H]1CCN2C(=O)N(c3cncc4ccccc34)C(=O)[C@@H]2C1
O=C(NCCC1=NC=CN1C1=CC=CC=C1)C1=CN=CC2=CC=CC=C12,ASAP-0000834,Train,4.26,,O=C(NCCC1=NC=CN1C1=CC=CC=C1)C1=CN=CC2=CC=CC=C12,O=C(NCCc1nccn1-c1ccccc1)c1cncc2ccccc12
CS(=O)(=O)CC[C@H]1CCCCN1C(=O)CC1=CN=CC2=CC=CC=C12 |&1:6|,ASAP-0029405,Train,,4.06,CS(=O)(=O)CC[C@H]1CCCCN1C(=O)CC1=CN=CC2=CC=CC=C12,CS(=O)(=O)CC[C@H]1CCCCN1C(=O)Cc1cncc2ccccc12
CCN1C=CC(CN(C(=O)CC2=CN=CC3=CC=CC=C23)C2=CC=C(C(C)C)C=C2)=N1,ASAP-0008591,Train,4.43,5.38,CCN1C=CC(CN(C(=O)CC2=CN=CC3=CC=CC=C23)C2=CC=C(C(C)C)C=C2)=N1,CCn1ccc(CN(C(=O)Cc2cncc3ccccc23)c2ccc(C(C)C)cc2)n1
O=C(NCC1=CC=CC=C1N1C=CN=C1)C1=CN=CC2=CC=CC=C12,ASAP-0000806,Train,4.24,,O=C(NCC1=CC=CC=C1N1C=CN=C1)C1=CN=CC2=CC=CC=C12,O=C(NCc1ccccc1-n1ccnc1)c1cncc2ccccc12
"C[C@H]1CCN(C(=O)CC2=CN=CC3=CC=CC=C23)C[C@H]1N1C=CN=C1 |&1:1,&2:19|",ASAP-0011356,Train,4.32,,C[C@H]1CCN(C(=O)CC2=CN=CC3=CC=CC=C23)C[C@H]1N1C=CN=C1,C[C@H]1CCN(C(=O)Cc2cncc3ccccc23)C[C@H]1n1ccnc1
"O=C(COS(=O)(=O)N1CCOCC1)N1CCN(CC2=CC=CC(Cl)=C2)[C@H]2CCCC[C@H]21 |&1:25,&2:30|",ASAP-0010721,Train,4.79,5.88,O=C(COS(=O)(=O)N1CCOCC1)N1CCN(CC2=CC=CC(Cl)=C2)[C@H]2CCCC[C@H]21,O=C(COS(=O)(=O)N1CCOCC1)N1CCN(Cc2cccc(Cl)c2)[C@H]2CCCC[C@H]21
"O=C(CC1=CN=CC2=CC=CC=C12)N1CC[C@H]2CCC(F)(F)C[C@H]2C1 |o1:16,23|",ASAP-0030810,Train,5.23,6.28,O=C(CC1=CN=CC2=CC=CC=C12)N1CC[C@H]2CCC(F)(F)C[C@H]2C1,O=C(Cc1cncc2ccccc12)N1CC[C@H]2CCC(F)(F)C[C@H]2C1
C[C@H](C1=CC=C(F)C=C1)N(C)C(=O)C1=CN=CC2=CC=CC=C12,ASAP-0008244,Train,4.18,,C[C@H](C1=CC=C(F)C=C1)N(C)C(=O)C1=CN=CC2=CC=CC=C12,C[C@H](c1ccc(F)cc1)N(C)C(=O)c1cncc2ccccc12
CN1CCN(C2=CC=CC=C2NC(=O)CN2CC3=CC=C(Cl)C=C3[C@H](C(=O)NC3=CN=CC4=CC=CC=C34)C2)CC1 |&1:24|,ASAP-0000154,Train,4.99,5.78,CN1CCN(C2=CC=CC=C2NC(=O)CN2CC3=CC=C(Cl)C=C3[C@H](C(=O)NC3=CN=CC4=CC=CC=C34)C2)CC1,CN1CCN(c2ccccc2NC(=O)CN2Cc3ccc(Cl)cc3[C@H](C(=O)Nc3cncc4ccccc34)C2)CC1
CN1C=C([C@H]2CCCCN2C(=O)CC2=CN=CC3=CC=CC=C23)C=N1 |&1:4|,ASAP-0029483,Train,,4.27,CN1C=C([C@H]2CCCCN2C(=O)CC2=CN=CC3=CC=CC=C23)C=N1,Cn1cc([C@H]2CCCCN2C(=O)Cc2cncc3ccccc23)cn1
CC(C)NC(=O)CN1C[C@@]2(C(=O)N(C3=CN=CC4=CC=CC=C34)C[C@@H]2C)C2=CC(F)=CC=C2C1=O,ASAP-0011233,Train,5.28,6.65,CC(C)NC(=O)CN1C[C@@]2(C(=O)N(C3=CN=CC4=CC=CC=C34)C[C@@H]2C)C2=CC(F)=CC=C2C1=O,CC(C)NC(=O)CN1C[C@@]2(C(=O)N(c3cncc4ccccc34)C[C@@H]2C)c2cc(F)ccc2C1=O
CC1=CC=CC(CC(=O)NC2=CN=CC3=CC=CC=C23)=C1Cl,ASAP-0000645,Train,4.38,,CC1=CC=CC(CC(=O)NC2=CN=CC3=CC=CC=C23)=C1Cl,Cc1cccc(CC(=O)Nc2cncc3ccccc23)c1Cl
"C[C@H](C(=O)N1CCC[C@H]2CCC(F)(F)C[C@@H]21)C1=CN=CC2=CC=CC=C12 |&1:1,&2:8,15|",ASAP-0008628,Train,4.0,,C[C@H](C(=O)N1CCC[C@H]2CCC(F)(F)C[C@@H]21)C1=CN=CC2=CC=CC=C12,C[C@H](C(=O)N1CCC[C@H]2CCC(F)(F)C[C@@H]21)c1cncc2ccccc12
O=C(NCC1=CNC2=CC=C(F)C=C12)C1=CN=CC2=CC=CC=C12,ASAP-0000808,Train,3.42,4.72,O=C(NCC1=CNC2=CC=C(F)C=C12)C1=CN=CC2=CC=CC=C12,O=C(NCc1c[nH]c2ccc(F)cc12)c1cncc2ccccc12
CC(C)(NC(=O)C1=CN=CC2=CC=CC=C12)C1=CC=CC(C#N)=C1,ASAP-0000798,Train,4.3,4.23,CC(C)(NC(=O)C1=CN=CC2=CC=CC=C12)C1=CC=CC(C#N)=C1,CC(C)(NC(=O)c1cncc2ccccc12)c1cccc(C#N)c1
O=C(CC1=CN=CC2=CC=CC=C12)N1CCN(CC2=CC=CC=C2)C[C@H]1C1CC1 |&1:25|,ASAP-0011484,Train,4.32,4.51,O=C(CC1=CN=CC2=CC=CC=C12)N1CCN(CC2=CC=CC=C2)C[C@H]1C1CC1,O=C(Cc1cncc2ccccc12)N1CCN(Cc2ccccc2)C[C@H]1C1CC1
"CNC(=O)CN1C[C@@]2(C(=O)N(C3=CN=CC4=CC=CC=C34)C[C@@H]2CNC2=CC=NC(C)=N2)C2=CC(Cl)=CC=C2C1=O |a:7,22|",ASAP-0014887,Train,6.76,7.5,CNC(=O)CN1C[C@@]2(C(=O)N(C3=CN=CC4=CC=CC=C34)C[C@@H]2CNC2=CC=NC(C)=N2)C2=CC(Cl)=CC=C2C1=O,CNC(=O)CN1C[C@@]2(C(=O)N(c3cncc4ccccc34)C[C@@H]2CNc2ccnc(C)n2)c2cc(Cl)ccc2C1=O
NS(=O)(=O)OCC(=O)N1CCN(S(=O)(=O)C2=CSC=C2)[C@H](C(=O)NCC2=CC=CC=N2)C1 |&1:20|,ASAP-0000483,Train,3.87,4.09,NS(=O)(=O)OCC(=O)N1CCN(S(=O)(=O)C2=CSC=C2)[C@H](C(=O)NCC2=CC=CC=N2)C1,NS(=O)(=O)OCC(=O)N1CCN(S(=O)(=O)c2ccsc2)[C@H](C(=O)NCc2ccccn2)C1
O=C(CC1=CN=CC2=CC=CC=C12)N1CCO[C@H](C2=CSC=C2)C1 |&1:17|,ASAP-0011269,Train,4.32,4.56,O=C(CC1=CN=CC2=CC=CC=C12)N1CCO[C@H](C2=CSC=C2)C1,O=C(Cc1cncc2ccccc12)N1CCO[C@H](c2ccsc2)C1
O=C(CN1CC2=CC=C(Cl)C=C2[C@H](C(=O)NC2=CN=CC3=CC=CC=C23)C1)NCC1=CC(Cl)=CC(Cl)=C1 |&1:12|,ASAP-0000159,Train,5.31,7.16,O=C(CN1CC2=CC=C(Cl)C=C2[C@H](C(=O)NC2=CN=CC3=CC=CC=C23)C1)NCC1=CC(Cl)=CC(Cl)=C1,O=C(CN1Cc2ccc(Cl)cc2[C@H](C(=O)Nc2cncc3ccccc23)C1)NCc1cc(Cl)cc(Cl)c1
CN1N=C(C2=CC=C(C(F)(F)F)C=C2)N=C2C1=NC(=O)N(C)C2=O,ASAP-0013629,Train,6.9,,CN1N=C(C2=CC=C(C(F)(F)F)C=C2)N=C2C1=NC(=O)N(C)C2=O,Cn1nc(-c2ccc(C(F)(F)F)cc2)nc2c(=O)n(C)c(=O)nc1-2
O=C(CC1=CN=CC2=CC=CC=C12)N1CCC[C@@H]1CCC1=CC=CC=N1,ASAP-0011302,Train,4.29,,O=C(CC1=CN=CC2=CC=CC=C12)N1CCC[C@@H]1CCC1=CC=CC=N1,O=C(Cc1cncc2ccccc12)N1CCC[C@@H]1CCc1ccccn1
O=C(C[C@H]1CCCC(F)(F)C1)NC1=CN=CC2=CC=CC=C12 |&1:3|,ASAP-0000641,Train,4.74,5.23,O=C(C[C@H]1CCCC(F)(F)C1)NC1=CN=CC2=CC=CC=C12,O=C(C[C@H]1CCCC(F)(F)C1)Nc1cncc2ccccc12
O=C(NCCC1=CNC2=NC=C(F)C=C12)C1=CN=CC2=CC=CC=C12,ASAP-0000795,Train,3.85,4.42,O=C(NCCC1=CNC2=NC=C(F)C=C12)C1=CN=CC2=CC=CC=C12,O=C(NCCc1c[nH]c2ncc(F)cc12)c1cncc2ccccc12
CN1C[C@H](C(=O)NC2=CN=CC3=CC=CC=C23)C2=CC(C3CC3)=CC=C2C1=O |o1:3|,ASAP-0008402,Train,4.31,4.09,CN1C[C@H](C(=O)NC2=CN=CC3=CC=CC=C23)C2=CC(C3CC3)=CC=C2C1=O,CN1C[C@H](C(=O)Nc2cncc3ccccc23)c2cc(C3CC3)ccc2C1=O
O=C(CC1=CN=CC2=CC=CC=C12)N1CC[C@H](COC2=CC=CC=C2)C1 |&1:16|,ASAP-0011151,Train,4.28,4.1,O=C(CC1=CN=CC2=CC=CC=C12)N1CC[C@H](COC2=CC=CC=C2)C1,O=C(Cc1cncc2ccccc12)N1CC[C@H](COc2ccccc2)C1
CC1=NN(C2=CC=C(Cl)C=C2)C(NC(=O)C2=CN=CC3=CC=CC=C23)=C1C,ASAP-0000816,Train,7.88,,CC1=NN(C2=CC=C(Cl)C=C2)C(NC(=O)C2=CN=CC3=CC=CC=C23)=C1C,Cc1nn(-c2ccc(Cl)cc2)c(NC(=O)c2cncc3ccccc23)c1C
CC1(O)CCN(C(=O)CC2=CN=CC3=CC=CC=C23)CC1,ASAP-0031241,Train,4.38,4.62,CC1(O)CCN(C(=O)CC2=CN=CC3=CC=CC=C23)CC1,CC1(O)CCN(C(=O)Cc2cncc3ccccc23)CC1
O=C(CC1=CN=CC2=CC=CC=C12)N1CCSC[C@H]1C1=CC=CC=C1 |&1:18|,ASAP-0011443,Train,4.63,4.94,O=C(CC1=CN=CC2=CC=CC=C12)N1CCSC[C@H]1C1=CC=CC=C1,O=C(Cc1cncc2ccccc12)N1CCSC[C@H]1c1ccccc1
O=C(CC1=CN=CC2=CC=CC=C12)N1CCC[C@H]1CC1=CC=CC=N1 |&1:17|,ASAP-0011298,Train,4.03,4.11,O=C(CC1=CN=CC2=CC=CC=C12)N1CCC[C@H]1CC1=CC=CC=N1,O=C(Cc1cncc2ccccc12)N1CCC[C@H]1Cc1ccccn1
C=C(CN(C(=O)[C@H]1CN(CC(=O)NC)CC2=CC=C(Cl)C=C21)C1=CN=CC2=CC=CC=C12)C(=O)NC1=CC=CC=C1 |&1:6|,ASAP-0008466,Train,4.77,7.1,C=C(CN(C(=O)[C@H]1CN(CC(=O)NC)CC2=CC=C(Cl)C=C21)C1=CN=CC2=CC=CC=C12)C(=O)NC1=CC=CC=C1,C=C(CN(C(=O)[C@H]1CN(CC(=O)NC)Cc2ccc(Cl)cc21)c1cncc2ccccc12)C(=O)Nc1ccccc1
"CC[C@H]1C[C@@H](C(F)(F)F)CCN1C(=O)CC1=CN=CC2=CC=CC=C12 |o1:2,4|",ASAP-0030922,Train,5.87,5.92,CC[C@H]1C[C@@H](C(F)(F)F)CCN1C(=O)CC1=CN=CC2=CC=CC=C12,CC[C@H]1C[C@@H](C(F)(F)F)CCN1C(=O)Cc1cncc2ccccc12
O=C(CC1=CN=CC2=CC=CC=C12)N1CCC[C@H](N2C=CC=N2)C1 |&1:17|,ASAP-0011276,Train,4.35,4.2,O=C(CC1=CN=CC2=CC=CC=C12)N1CCC[C@H](N2C=CC=N2)C1,O=C(Cc1cncc2ccccc12)N1CCC[C@H](n2cccn2)C1
O=C(CC1=CN=CC2=CC=CC=C12)N1CC[C@H](C2=NC=CS2)C1 |&1:16|,ASAP-0011404,Train,4.3,4.29,O=C(CC1=CN=CC2=CC=CC=C12)N1CC[C@H](C2=NC=CS2)C1,O=C(Cc1cncc2ccccc12)N1CC[C@H](c2nccs2)C1
N#CC1CCN(C(=O)CC2=CN=CC3=CC=CC=C23)CC1,ASAP-0031195,Train,4.01,4.74,N#CC1CCN(C(=O)CC2=CN=CC3=CC=CC=C23)CC1,N#CC1CCN(C(=O)Cc2cncc3ccccc23)CC1
CNC(=O)[C@@H](C)N1C[C@H](C(=O)NC2=CN=CC3=CC=CC=C23)C2=CC(Cl)=CC=C2C1=O |o1:8|,ASAP-0008665,Train,5.96,7.43,CNC(=O)[C@@H](C)N1C[C@H](C(=O)NC2=CN=CC3=CC=CC=C23)C2=CC(Cl)=CC=C2C1=O,CNC(=O)[C@@H](C)N1C[C@H](C(=O)Nc2cncc3ccccc23)c2cc(Cl)ccc2C1=O
"O=C(CC1=CN=CC2=CC=CC=C12)N1CC[C@H]2COC[C@H]1C2 |&1:16,&2:20|",ASAP-0031239,Train,4.07,4.14,O=C(CC1=CN=CC2=CC=CC=C12)N1CC[C@H]2COC[C@H]1C2,O=C(Cc1cncc2ccccc12)N1CC[C@H]2COC[C@H]1C2
C[C@H]1CCCN(C(=O)CC2=CN=CC3=CC=CC=C23)CC1 |o1:1|,ASAP-0030718,Train,5.13,5.55,C[C@H]1CCCN(C(=O)CC2=CN=CC3=CC=CC=C23)CC1,C[C@H]1CCCN(C(=O)Cc2cncc3ccccc23)CC1
C=C(CN1CCC2=C(C=C(Cl)C=C2)C1C(=O)NC1=CN=CC2=CC=CC=C12)C(=O)O,ASAP-0000145,Train,4.81,5.62,C=C(CN1CCC2=C(C=C(Cl)C=C2)C1C(=O)NC1=CN=CC2=CC=CC=C12)C(=O)O,C=C(CN1CCc2ccc(Cl)cc2C1C(=O)Nc1cncc2ccccc12)C(=O)O
CC(=O)N1C[C@@H]2C[C@H]1[C@H]1C(=O)N(C3=CN=CC4=CC=CC=C34)C(=O)N21 |o1:8|,ASAP-0000379,Train,4.02,,CC(=O)N1C[C@@H]2C[C@H]1[C@H]1C(=O)N(C3=CN=CC4=CC=CC=C34)C(=O)N21,CC(=O)N1C[C@@H]2C[C@H]1[C@H]1C(=O)N(c3cncc4ccccc34)C(=O)N21
CC1=CSC([C@H]2CCCN2C(=O)CC2=CN=CC3=CC=CC=C23)=N1 |&1:5|,ASAP-0011382,Train,4.97,4.32,CC1=CSC([C@H]2CCCN2C(=O)CC2=CN=CC3=CC=CC=C23)=N1,Cc1csc([C@H]2CCCN2C(=O)Cc2cncc3ccccc23)n1
O=C(CC1=CN=CC2=CC=CC=C12)N1CC2=CC=CC=C2[C@H](C2=CC=CS2)C1 |&1:21|,ASAP-0011222,Train,3.7,4.56,O=C(CC1=CN=CC2=CC=CC=C12)N1CC2=CC=CC=C2[C@H](C2=CC=CS2)C1,O=C(Cc1cncc2ccccc12)N1Cc2ccccc2[C@H](c2cccs2)C1
O=C(CC1=CN=CC2=CC=CC=C12)N1CCC[C@H]1CC1CC1 |&1:17|,ASAP-0011254,Train,4.6,4.88,O=C(CC1=CN=CC2=CC=CC=C12)N1CCC[C@H]1CC1CC1,O=C(Cc1cncc2ccccc12)N1CCC[C@H]1CC1CC1
CC1=NN(C)C(CN(C)C(=O)CC2=CN=CC3=CC=CC=C23)=C1,ASAP-0008381,Train,4.18,,CC1=NN(C)C(CN(C)C(=O)CC2=CN=CC3=CC=CC=C23)=C1,Cc1cc(CN(C)C(=O)Cc2cncc3ccccc23)n(C)n1
"C[C@H]1OCCC[C@]12NC(=O)N(C1=CN=CC3=CC=CC=C13)C2=O |&1:1,&2:6|",ASAP-0000378,Train,4.3,4.02,C[C@H]1OCCC[C@]12NC(=O)N(C1=CN=CC3=CC=CC=C13)C2=O,C[C@H]1OCCC[C@]12NC(=O)N(c1cncc3ccccc13)C2=O
"COC1=CC=CC([C@H](C)[C@H]2CCN(C(=O)CC3=CN=CC4=CC=CC=C34)C2)=C1 |&1:7,&2:9|",ASAP-0029819,Train,,4.79,COC1=CC=CC([C@H](C)[C@H]2CCN(C(=O)CC3=CN=CC4=CC=CC=C34)C2)=C1,COc1cccc([C@H](C)[C@H]2CCN(C(=O)Cc3cncc4ccccc34)C2)c1
"C[C@H]1C[C@H](C2=CC=CS2)CN1C(=O)CC1=CN=CC2=CC=CC=C12 |&1:1,&2:3|",ASAP-0029861,Train,,5.11,C[C@H]1C[C@H](C2=CC=CS2)CN1C(=O)CC1=CN=CC2=CC=CC=C12,C[C@H]1C[C@H](c2cccs2)CN1C(=O)Cc1cncc2ccccc12
"CCO[C@H]1C[C@H](C)N(C(=O)CC2=CN=CC3=CC=CC=C23)[C@H](C)C1 |&1:3,&2:5,&3:21|",ASAP-0029411,Train,,4.57,CCO[C@H]1C[C@H](C)N(C(=O)CC2=CN=CC3=CC=CC=C23)[C@H](C)C1,CCO[C@@H]1C[C@@H](C)N(C(=O)Cc2cncc3ccccc23)[C@@H](C)C1
N#CC1=CC=CC(NC(=O)CC2=CN=CC3=CC=CC=C23)=C1,ASAP-0008625,Train,4.25,4.5,N#CC1=CC=CC(NC(=O)CC2=CN=CC3=CC=CC=C23)=C1,N#Cc1cccc(NC(=O)Cc2cncc3ccccc23)c1
CN(C)CCN(CC1=CC=CC(Cl)=C1)C(=O)CC1=CN=CC2=CC=CC=C12,ASAP-0008635,Train,4.21,4.67,CN(C)CCN(CC1=CC=CC(Cl)=C1)C(=O)CC1=CN=CC2=CC=CC=C12,CN(C)CCN(Cc1cccc(Cl)c1)C(=O)Cc1cncc2ccccc12
CC1=CSC([C@H]2CCCN(C(=O)CC3=CN=CC4=CC=CC=C34)C2)=N1 |&1:5|,ASAP-0011390,Train,4.25,4.19,CC1=CSC([C@H]2CCCN(C(=O)CC3=CN=CC4=CC=CC=C34)C2)=N1,Cc1csc([C@H]2CCCN(C(=O)Cc3cncc4ccccc34)C2)n1
C=CC(=O)NC1=C(N(CC2=CC=CC(Cl)=C2)C(=O)CC2=CN=CC3=CC=CC=C23)C=CC=C1,ASAP-0000173,Train,5.18,5.16,C=CC(=O)NC1=C(N(CC2=CC=CC(Cl)=C2)C(=O)CC2=CN=CC3=CC=CC=C23)C=CC=C1,C=CC(=O)Nc1ccccc1N(Cc1cccc(Cl)c1)C(=O)Cc1cncc2ccccc12
O=C(CC1=CN=CC2=CC=CC=C12)N1CCC[C@H](C2=CC=NC=C2)CC1 |&1:17|,ASAP-0008611,Train,4.25,,O=C(CC1=CN=CC2=CC=CC=C12)N1CCC[C@H](C2=CC=NC=C2)CC1,O=C(Cc1cncc2ccccc12)N1CCC[C@H](c2ccncc2)CC1
CNC(=O)C1=CC=C2C(=O)N(C)C[C@H](C(=O)NC3=CN=CC4=CC=CC=C34)C2=C1 |o1:13|,ASAP-0008472,Train,4.28,,CNC(=O)C1=CC=C2C(=O)N(C)C[C@H](C(=O)NC3=CN=CC4=CC=CC=C34)C2=C1,CNC(=O)c1ccc2c(c1)[C@@H](C(=O)Nc1cncc3ccccc13)CN(C)C2=O
C=C(CN(C)C1=CC=CC(N(CC2=CC=CC(Cl)=C2)C(=O)CC2=CN=CC3=CC=CC=C23)=C1)C(=O)NC1=CC=CC=C1,ASAP-0013713,Train,4.84,4.46,C=C(CN(C)C1=CC=CC(N(CC2=CC=CC(Cl)=C2)C(=O)CC2=CN=CC3=CC=CC=C23)=C1)C(=O)NC1=CC=CC=C1,C=C(CN(C)c1cccc(N(Cc2cccc(Cl)c2)C(=O)Cc2cncc3ccccc23)c1)C(=O)Nc1ccccc1
C[C@H]1CN(C2=CN=CC3=CC=CC=C23)C(=O)[C@@]12CN(CC(=O)NCC1CC1)C(=O)C1=CC=C(Cl)C=C12,ASAP-0011141,Train,6.16,7.23,C[C@H]1CN(C2=CN=CC3=CC=CC=C23)C(=O)[C@@]12CN(CC(=O)NCC1CC1)C(=O)C1=CC=C(Cl)C=C12,C[C@H]1CN(c2cncc3ccccc23)C(=O)[C@@]12CN(CC(=O)NCC1CC1)C(=O)c1ccc(Cl)cc12
C=CC(=O)NC1=CC=CC(N(CC2=CC(Cl)=CC=C2Cl)C(=O)CC2=CN=CC3=CC=CC=C23)=C1,ASAP-0011043,Train,5.05,4.79,C=CC(=O)NC1=CC=CC(N(CC2=CC(Cl)=CC=C2Cl)C(=O)CC2=CN=CC3=CC=CC=C23)=C1,C=CC(=O)Nc1cccc(N(Cc2cc(Cl)ccc2Cl)C(=O)Cc2cncc3ccccc23)c1
CC1(C)CN(C(=O)CC2=CN=CC3=CC=CC=C23)[C@H]1C1=CC=CS1 |&1:18|,ASAP-0011533,Train,4.6,4.86,CC1(C)CN(C(=O)CC2=CN=CC3=CC=CC=C23)[C@H]1C1=CC=CS1,CC1(C)CN(C(=O)Cc2cncc3ccccc23)[C@H]1c1cccs1
O=C(CC1=CN=CC2=CC=CC=C12)N1CC[C@](F)(C2=CC=CC=C2)C1 |&1:16|,ASAP-0011515,Train,4.4,4.73,O=C(CC1=CN=CC2=CC=CC=C12)N1CC[C@](F)(C2=CC=CC=C2)C1,O=C(Cc1cncc2ccccc12)N1CC[C@](F)(c2ccccc2)C1
NC(=O)C1(NC(=O)C2=CN=CC3=CC=CC=C23)CC2=CC=CC=C2C1,ASAP-0000820,Train,4.25,,NC(=O)C1(NC(=O)C2=CN=CC3=CC=CC=C23)CC2=CC=CC=C2C1,NC(=O)C1(NC(=O)c2cncc3ccccc23)Cc2ccccc2C1
O=C(CC1=CN=CC2=CC=CC=C12)N(CC1=CC=CC(Cl)=C1)C1=CC=CC=N1,ASAP-0008488,Train,5.55,5.88,O=C(CC1=CN=CC2=CC=CC=C12)N(CC1=CC=CC(Cl)=C1)C1=CC=CC=N1,O=C(Cc1cncc2ccccc12)N(Cc1cccc(Cl)c1)c1ccccn1
C=C(CN(C(=O)[C@H]1CN(CC(=O)NC)CC2=CC=C(Cl)C=C21)C1=CN=CC2=CC=CC=C12)C(=O)NCC1=CC=C(Br)C=C1C,ASAP-0011676,Train,,6.84,C=C(CN(C(=O)[C@H]1CN(CC(=O)NC)CC2=CC=C(Cl)C=C21)C1=CN=CC2=CC=CC=C12)C(=O)NCC1=CC=C(Br)C=C1C,C=C(CN(C(=O)[C@H]1CN(CC(=O)NC)Cc2ccc(Cl)cc21)c1cncc2ccccc12)C(=O)NCc1ccc(Br)cc1C
CO[C@H](C)CN1C[C@H](C(=O)NC2=CN=CC3=CC=CC=C23)C2=CC(Cl)=CC=C2C1=O |o1:7|,ASAP-0010714,Train,5.4,6.44,CO[C@H](C)CN1C[C@H](C(=O)NC2=CN=CC3=CC=CC=C23)C2=CC(Cl)=CC=C2C1=O,CO[C@H](C)CN1C[C@H](C(=O)Nc2cncc3ccccc23)c2cc(Cl)ccc2C1=O
CC(C)NC(=O)CN1C[C@@]2(C(=O)N(C3=CN=CC4=CC=CC=C34)C[C@@H]2C)C2=CC(Cl)=CC=C2C1=O,ASAP-0011140,Train,5.44,6.53,CC(C)NC(=O)CN1C[C@@]2(C(=O)N(C3=CN=CC4=CC=CC=C34)C[C@@H]2C)C2=CC(Cl)=CC=C2C1=O,CC(C)NC(=O)CN1C[C@@]2(C(=O)N(c3cncc4ccccc34)C[C@@H]2C)c2cc(Cl)ccc2C1=O
CNC(=O)CN1C[C@@]2(C(=O)N(C3=CN=CC4=CC=CC=C34)C[C@H]2C)C2=CC(Cl)=CC=C2C1=O,ASAP-0000240,Train,4.23,5.62,CNC(=O)CN1C[C@@]2(C(=O)N(C3=CN=CC4=CC=CC=C34)C[C@H]2C)C2=CC(Cl)=CC=C2C1=O,CNC(=O)CN1C[C@@]2(C(=O)N(c3cncc4ccccc34)C[C@H]2C)c2cc(Cl)ccc2C1=O
COC(C)(C)C1CCN(C(=O)CC2=CN=CC3=CC=CC=C23)CC1,ASAP-0029742,Train,,5.08,COC(C)(C)C1CCN(C(=O)CC2=CN=CC3=CC=CC=C23)CC1,COC(C)(C)C1CCN(C(=O)Cc2cncc3ccccc23)CC1
"C[C@H]1CCN(C(=O)CC2=CN=CC3=CC=CC=C23)[C@@H](C(F)(F)F)C1 |&1:1,18|",ASAP-0029582,Train,5.18,5.43,C[C@H]1CCN(C(=O)CC2=CN=CC3=CC=CC=C23)[C@@H](C(F)(F)F)C1,C[C@H]1CCN(C(=O)Cc2cncc3ccccc23)[C@@H](C(F)(F)F)C1
"CCC1=CC=C([C@H]2C[C@H](C)CCN2C(=O)CC2=CN=CC3=CC=CC=C23)O1 |&1:6,8|",ASAP-0029903,Train,6.01,6.27,CCC1=CC=C([C@H]2C[C@H](C)CCN2C(=O)CC2=CN=CC3=CC=CC=C23)O1,CCc1ccc([C@H]2C[C@H](C)CCN2C(=O)Cc2cncc3ccccc23)o1
C=C(CN(C(=O)[C@H]1CN(CC(=O)NC)CC2=CC=C(Cl)C=C21)C1=CN=CC2=CC=CC=C12)C(=O)N1CCOCC1 |&1:6|,ASAP-0008499,Train,5.59,5.25,C=C(CN(C(=O)[C@H]1CN(CC(=O)NC)CC2=CC=C(Cl)C=C21)C1=CN=CC2=CC=CC=C12)C(=O)N1CCOCC1,C=C(CN(C(=O)[C@H]1CN(CC(=O)NC)Cc2ccc(Cl)cc21)c1cncc2ccccc12)C(=O)N1CCOCC1
O=C(CC1=CN=CC2=CC=CC=C12)N1CC2=CC=CC=C2OCC12CC2,ASAP-0008365,Train,4.68,4.45,O=C(CC1=CN=CC2=CC=CC=C12)N1CC2=CC=CC=C2OCC12CC2,O=C(Cc1cncc2ccccc12)N1Cc2ccccc2OCC12CC2
O=C(CC1=CN=CC2=CC=CC=C12)N1CC2=CC=CC(F)=C2OC2=CC=CC=C21,ASAP-0011135,Train,4.61,5.26,O=C(CC1=CN=CC2=CC=CC=C12)N1CC2=CC=CC(F)=C2OC2=CC=CC=C21,O=C(Cc1cncc2ccccc12)N1Cc2cccc(F)c2Oc2ccccc21
O=C(CN1CC2=CC=C(Cl)C=C2[C@H](C(=O)NC2=CN=CC3=CC=CC=C23)C1)NCCC1=CC=C(C(F)F)C=C1 |&1:12|,ASAP-0000211,Train,5.99,7.3,O=C(CN1CC2=CC=C(Cl)C=C2[C@H](C(=O)NC2=CN=CC3=CC=CC=C23)C1)NCCC1=CC=C(C(F)F)C=C1,O=C(CN1Cc2ccc(Cl)cc2[C@H](C(=O)Nc2cncc3ccccc23)C1)NCCc1ccc(C(F)F)cc1
C[C@H]1CN(C(=O)CC2=CN=CC3=CC=CC=C23)CCC12COC2 |&1:1|,ASAP-0031151,Train,4.29,4.03,C[C@H]1CN(C(=O)CC2=CN=CC3=CC=CC=C23)CCC12COC2,C[C@H]1CN(C(=O)Cc2cncc3ccccc23)CCC12COC2
CN1C[C@]2(CCN(C3=CN=CC4=CC=CC=C34)C2=O)C2=CC(Cl)=CC=C2C1=O |o1:3|,ASAP-0008412,Train,4.28,,CN1C[C@]2(CCN(C3=CN=CC4=CC=CC=C34)C2=O)C2=CC(Cl)=CC=C2C1=O,CN1C[C@]2(CCN(c3cncc4ccccc34)C2=O)c2cc(Cl)ccc2C1=O
O=C(CC1=CN=CC2=CC=CC=C12)N1CCC(C2=CC=CS2)CC1,ASAP-0011336,Train,4.49,4.86,O=C(CC1=CN=CC2=CC=CC=C12)N1CCC(C2=CC=CS2)CC1,O=C(Cc1cncc2ccccc12)N1CCC(c2cccs2)CC1
O=C(NCCC1=CNC2=CN=CC=C12)C1=CN=CC2=CC=CC=C12,ASAP-0000862,Train,3.92,,O=C(NCCC1=CNC2=CN=CC=C12)C1=CN=CC2=CC=CC=C12,O=C(NCCc1c[nH]c2cnccc12)c1cncc2ccccc12
C=CC[C@H](NC1=CC=CC(C2=NNN=N2)=C1)C1=CC(Cl)=CC(NC(=O)OCC2=CC=CC=C2)=C1 |&1:3|,ASAP-0027823,Train,4.54,4.11,C=CC[C@H](NC1=CC=CC(C2=NNN=N2)=C1)C1=CC(Cl)=CC(NC(=O)OCC2=CC=CC=C2)=C1,C=CC[C@H](Nc1cccc(-c2nn[nH]n2)c1)c1cc(Cl)cc(NC(=O)OCc2ccccc2)c1
"C[C@H]1COC[C@@]2(C1)NC(=O)N(C1=CN=CC3=CC=CC=C13)C2=O |&1:1,5|",ASAP-0000442,Train,4.28,4.24,C[C@H]1COC[C@@]2(C1)NC(=O)N(C1=CN=CC3=CC=CC=C13)C2=O,C[C@H]1COC[C@@]2(C1)NC(=O)N(c1cncc3ccccc13)C2=O
C=C(CN(C(=O)NC1=CN=CC2=CC=CC=C12)C1=CC=CC(Cl)=C1)C(N)=O,ASAP-0000520,Train,4.39,5.19,C=C(CN(C(=O)NC1=CN=CC2=CC=CC=C12)C1=CC=CC(Cl)=C1)C(N)=O,C=C(CN(C(=O)Nc1cncc2ccccc12)c1cccc(Cl)c1)C(N)=O
O=C(CC1=CN=CC2=CC=CC=C12)N(CC1=CC(F)=CC=C1F)C1CCCC1,ASAP-0008634,Train,5.14,5.95,O=C(CC1=CN=CC2=CC=CC=C12)N(CC1=CC(F)=CC=C1F)C1CCCC1,O=C(Cc1cncc2ccccc12)N(Cc1cc(F)ccc1F)C1CCCC1
O=C(CC1=CN=CC2=CC=CC=C12)N1CCC(F)(C2=CC=CC=C2)CC1,ASAP-0011308,Train,3.84,4.63,O=C(CC1=CN=CC2=CC=CC=C12)N1CCC(F)(C2=CC=CC=C2)CC1,O=C(Cc1cncc2ccccc12)N1CCC(F)(c2ccccc2)CC1
CC1=CC=NC([C@H]2CCN(C(=O)CC3=CN=CC4=CC=CC=C34)C2)=C1 |&1:6|,ASAP-0011322,Train,4.28,4.06,CC1=CC=NC([C@H]2CCN(C(=O)CC3=CN=CC4=CC=CC=C34)C2)=C1,Cc1ccnc([C@H]2CCN(C(=O)Cc3cncc4ccccc34)C2)c1
"O=C1C2=CC=C(Cl)C=C2[C@@]2(CN1CC1CNC1)C(=O)N(C1=CN=CC3=CC=CC=C13)C[C@@H]2CNC1=NN=CS1 |a:9,31|",ASAP-0028932,Train,6.58,7.56,O=C1C2=CC=C(Cl)C=C2[C@@]2(CN1CC1CNC1)C(=O)N(C1=CN=CC3=CC=CC=C13)C[C@@H]2CNC1=NN=CS1,O=C1c2ccc(Cl)cc2[C@@]2(CN1CC1CNC1)C(=O)N(c1cncc3ccccc13)C[C@@H]2CNc1nncs1
CC(C)CCN(CC1=CC=CC=C1)C(=O)CC1=CN=CC2=CC=CC=C12,ASAP-0008606,Train,5.24,5.13,CC(C)CCN(CC1=CC=CC=C1)C(=O)CC1=CN=CC2=CC=CC=C12,CC(C)CCN(Cc1ccccc1)C(=O)Cc1cncc2ccccc12
NS(=O)(=O)C1=CC=C2OCC[C@]3(NC(=O)N(C4=CN=CC5=CC=CC=C45)C3=O)C2=C1 |&1:11|,ASAP-0000441,Train,4.28,4.65,NS(=O)(=O)C1=CC=C2OCC[C@]3(NC(=O)N(C4=CN=CC5=CC=CC=C45)C3=O)C2=C1,NS(=O)(=O)c1ccc2c(c1)[C@]1(CCO2)NC(=O)N(c2cncc3ccccc23)C1=O
CN(CC1=CC=CC(C#N)=C1)C(=O)C1=CN=CC2=CC=CC=C12,ASAP-0000861,Train,4.18,,CN(CC1=CC=CC(C#N)=C1)C(=O)C1=CN=CC2=CC=CC=C12,CN(Cc1cccc(C#N)c1)C(=O)c1cncc2ccccc12
N=C(N)NC1=CC=C(OC(=O)NC2=CC=CC=C2)C=C1,ASAP-0008427,Train,4.49,5.68,N=C(N)NC1=CC=C(OC(=O)NC2=CC=CC=C2)C=C1,N=C(N)Nc1ccc(OC(=O)Nc2ccccc2)cc1
CC[C@H](C(=O)NC1=CN=CC2=CC=CC=C12)C1=CC(F)=C(F)C(F)=C1 |&1:2|,ASAP-0000725,Train,4.53,6.11,CC[C@H](C(=O)NC1=CN=CC2=CC=CC=C12)C1=CC(F)=C(F)C(F)=C1,CC[C@H](C(=O)Nc1cncc2ccccc12)c1cc(F)c(F)c(F)c1
"O=C(CC1=CN=CC2=CC=CC=C12)N1[C@H]2CC[C@H]1CS(=O)(=O)C2 |&1:14,&2:17|",ASAP-0029904,Train,,4.31,O=C(CC1=CN=CC2=CC=CC=C12)N1[C@H]2CC[C@H]1CS(=O)(=O)C2,O=C(Cc1cncc2ccccc12)N1[C@H]2CC[C@H]1CS(=O)(=O)C2
O=C(CC1=CN=CC2=CC=CC=C12)N1CC(F)(F)CC2(CCC2)C1,ASAP-0029855,Train,,4.22,O=C(CC1=CN=CC2=CC=CC=C12)N1CC(F)(F)CC2(CCC2)C1,O=C(Cc1cncc2ccccc12)N1CC(F)(F)CC2(CCC2)C1
"C[C@H]1CC[C@@H]2C(=O)N(C3=CN=CC4=CC=CC=C34)C(=O)N2C1 |o1:1,4|",ASAP-0000182,Train,4.34,4.21,C[C@H]1CC[C@@H]2C(=O)N(C3=CN=CC4=CC=CC=C34)C(=O)N2C1,C[C@H]1CC[C@@H]2C(=O)N(c3cncc4ccccc34)C(=O)N2C1
O=C(CC1=CN=CC2=CC=CC=C12)N(CC1=CC=CC=C1O)C1=CC=C(F)C=C1,ASAP-0008409,Train,4.89,4.78,O=C(CC1=CN=CC2=CC=CC=C12)N(CC1=CC=CC=C1O)C1=CC=C(F)C=C1,O=C(Cc1cncc2ccccc12)N(Cc1ccccc1O)c1ccc(F)cc1
O=C(CC1=CC=C(F)C(F)=C1F)NC1=CN=CC2=CC=CC=C12,ASAP-0000723,Train,5.34,4.8,O=C(CC1=CC=C(F)C(F)=C1F)NC1=CN=CC2=CC=CC=C12,O=C(Cc1ccc(F)c(F)c1F)Nc1cncc2ccccc12
CNC(=O)CN1C[C@]2(C(=O)N(C3=CN=CC4=CC=CC=C34)C3=CC=CC=C32)C2=CC(F)=CC=C2C1=O |o1:7|,ASAP-0008653,Train,5.67,6.87,CNC(=O)CN1C[C@]2(C(=O)N(C3=CN=CC4=CC=CC=C34)C3=CC=CC=C32)C2=CC(F)=CC=C2C1=O,CNC(=O)CN1C[C@]2(C(=O)N(c3cncc4ccccc34)c3ccccc32)c2cc(F)ccc2C1=O
O=C(CC1=CN=CC2=CC=CC=C12)N1CCC[C@](F)(C2=CC=CC=C2)C1 |&1:17|,ASAP-0011306,Train,4.85,4.55,O=C(CC1=CN=CC2=CC=CC=C12)N1CCC[C@](F)(C2=CC=CC=C2)C1,O=C(Cc1cncc2ccccc12)N1CCC[C@](F)(c2ccccc2)C1
O=C(CC1=C(F)C=CC=C1F)NC1=CN=CC2=CC=CC=C12,ASAP-0000724,Train,4.35,,O=C(CC1=C(F)C=CC=C1F)NC1=CN=CC2=CC=CC=C12,O=C(Cc1c(F)cccc1F)Nc1cncc2ccccc12
COC[C@H]1CC12CCN(C(=O)CC1=CN=CC3=CC=CC=C13)CC2 |&1:3|,ASAP-0029557,Train,,4.59,COC[C@H]1CC12CCN(C(=O)CC1=CN=CC3=CC=CC=C13)CC2,COC[C@H]1CC12CCN(C(=O)Cc1cncc3ccccc13)CC2
CNC(=O)CN1C[C@]2(C(=O)N(C3=CN=CC4=CC=CC=C34)CC2(C)C)C2=C(C=CC(Cl)=C2)C1=O |o1:7|,ASAP-0000274,Train,4.26,,CNC(=O)CN1C[C@]2(C(=O)N(C3=CN=CC4=CC=CC=C34)CC2(C)C)C2=C(C=CC(Cl)=C2)C1=O,CNC(=O)CN1C[C@]2(C(=O)N(c3cncc4ccccc34)CC2(C)C)c2cc(Cl)ccc2C1=O
C=CC[C@H](NC1=CC=CC(Cl)=C1)C1=CC=CC(C2=NNN=N2)=C1 |&1:3|,ASAP-0028977,Train,4.87,4.62,C=CC[C@H](NC1=CC=CC(Cl)=C1)C1=CC=CC(C2=NNN=N2)=C1,C=CC[C@H](Nc1cccc(Cl)c1)c1cccc(-c2nn[nH]n2)c1
O=C(CC1=CN=CC2=CC=CC=C12)N1CCC([C@H](F)C2=CC=CC=C2F)CC1 |&1:17|,ASAP-0011224,Train,4.28,4.5,O=C(CC1=CN=CC2=CC=CC=C12)N1CCC([C@H](F)C2=CC=CC=C2F)CC1,O=C(Cc1cncc2ccccc12)N1CCC([C@H](F)c2ccccc2F)CC1
C=C(CN(C(=O)C1CCOC2=C1C=C(Cl)C=C2)C1=CN=CC2=CC=CC=C12)C(=O)NC1=CC=CC=C1,ASAP-0000146,Train,4.88,6.45,C=C(CN(C(=O)C1CCOC2=C1C=C(Cl)C=C2)C1=CN=CC2=CC=CC=C12)C(=O)NC1=CC=CC=C1,C=C(CN(C(=O)C1CCOc2ccc(Cl)cc21)c1cncc2ccccc12)C(=O)Nc1ccccc1
O=C(CC1=CN=CC2=CC=CC=C12)N1CC[C@H](C2=CC=CC=C2F)C1 |&1:16|,ASAP-0011475,Train,4.07,4.84,O=C(CC1=CN=CC2=CC=CC=C12)N1CC[C@H](C2=CC=CC=C2F)C1,O=C(Cc1cncc2ccccc12)N1CC[C@H](c2ccccc2F)C1
C=CC(=O)N1CCCC2=C1C=CC=C2N(CC1=CC=CC(C(=O)NC)=C1)C(=O)CC1=CN=CC2=CC=CC=C12,ASAP-0016440,Train,4.45,4.2,C=CC(=O)N1CCCC2=C1C=CC=C2N(CC1=CC=CC(C(=O)NC)=C1)C(=O)CC1=CN=CC2=CC=CC=C12,C=CC(=O)N1CCCc2c1cccc2N(Cc1cccc(C(=O)NC)c1)C(=O)Cc1cncc2ccccc12
"O=C(COS(=O)(=O)NCC1=CC=CC=C1)N1CCN(CC2=CC=CC(Cl)=C2)[C@H]2CS(=O)(=O)C[C@H]21 |&1:27,33|",ASAP-0031617,Train,5.1,5.55,O=C(COS(=O)(=O)NCC1=CC=CC=C1)N1CCN(CC2=CC=CC(Cl)=C2)[C@H]2CS(=O)(=O)C[C@H]21,O=C(COS(=O)(=O)NCc1ccccc1)N1CCN(Cc2cccc(Cl)c2)[C@H]2CS(=O)(=O)C[C@H]21
CN1C(=O)[C@]2(CCN(C3=CN=CC4=CC=CC=C34)C2=O)C2=CC(Cl)=CC=C21 |o1:4|,ASAP-0011065,Train,4.34,4.04,CN1C(=O)[C@]2(CCN(C3=CN=CC4=CC=CC=C34)C2=O)C2=CC(Cl)=CC=C21,CN1C(=O)[C@]2(CCN(c3cncc4ccccc34)C2=O)c2cc(Cl)ccc21
"C[C@H]1CCN(C(=O)CC2=CN=CC3=CC=CC=C23)[C@@H](C2CCOCC2)C1 |o1:1,18|",ASAP-0030907,Train,5.27,5.34,C[C@H]1CCN(C(=O)CC2=CN=CC3=CC=CC=C23)[C@@H](C2CCOCC2)C1,C[C@H]1CCN(C(=O)Cc2cncc3ccccc23)[C@@H](C2CCOCC2)C1
O=C(CC1=CN=CC2=CC=CC=C12)N1CCC[C@H](C2=CNC3=CC=CC=C23)C1 |&1:17|,ASAP-0029765,Train,,4.57,O=C(CC1=CN=CC2=CC=CC=C12)N1CCC[C@H](C2=CNC3=CC=CC=C23)C1,O=C(Cc1cncc2ccccc12)N1CCC[C@H](c2c[nH]c3ccccc23)C1
O=C(CC1=CN=CC2=CC=CC=C12)N(CC1=CC=C(F)C=C1)CC1CC1,ASAP-0008609,Train,4.65,4.99,O=C(CC1=CN=CC2=CC=CC=C12)N(CC1=CC=C(F)C=C1)CC1CC1,O=C(Cc1cncc2ccccc12)N(Cc1ccc(F)cc1)CC1CC1
O=C(CC1=CN=CC2=CC=CC=C12)N(CC1=CC=CC=C1)C1=CC=CC=C1,ASAP-0008393,Train,5.36,5.11,O=C(CC1=CN=CC2=CC=CC=C12)N(CC1=CC=CC=C1)C1=CC=CC=C1,O=C(Cc1cncc2ccccc12)N(Cc1ccccc1)c1ccccc1
"O=C(CC1=CN=CC2=CC=CC=C12)N1C[C@H]2[C@@](C3=CC=CC=C3)(C1)CS2(=O)=O |&1:15,16|",ASAP-0029487,Train,,4.75,O=C(CC1=CN=CC2=CC=CC=C12)N1C[C@H]2[C@@](C3=CC=CC=C3)(C1)CS2(=O)=O,O=C(Cc1cncc2ccccc12)N1C[C@H]2[C@@](c3ccccc3)(C1)CS2(=O)=O
COC1=CC=C2C=NC=C(CC(=O)N(CC3=CC=CC(Cl)=C3)C3=CC=C(N(C)C)C=N3)C2=C1,ASAP-0008451,Train,5.69,6.69,COC1=CC=C2C=NC=C(CC(=O)N(CC3=CC=CC(Cl)=C3)C3=CC=C(N(C)C)C=N3)C2=C1,COc1ccc2cncc(CC(=O)N(Cc3cccc(Cl)c3)c3ccc(N(C)C)cn3)c2c1
O=C(CC1=CN=CC2=CC=CC=C12)N1CC[C@](F)(C2=CC=CC(Cl)=C2)C1 |&1:16|,ASAP-0011468,Train,4.88,4.78,O=C(CC1=CN=CC2=CC=CC=C12)N1CC[C@](F)(C2=CC=CC(Cl)=C2)C1,O=C(Cc1cncc2ccccc12)N1CC[C@](F)(c2cccc(Cl)c2)C1
CN1C=CC([C@H]2CCN(C(=O)CC3=CN=CC4=CC=CC=C34)C2)=N1 |&1:5|,ASAP-0011263,Train,4.26,,CN1C=CC([C@H]2CCN(C(=O)CC3=CN=CC4=CC=CC=C34)C2)=N1,Cn1ccc([C@H]2CCN(C(=O)Cc3cncc4ccccc34)C2)n1
"C[C@H]1CCN(C(=O)CC2=CN=CC3=CC=CC=C23)C[C@H]1C |o1:1,19|",ASAP-0031756,Train,4.57,4.9,C[C@H]1CCN(C(=O)CC2=CN=CC3=CC=CC=C23)C[C@H]1C,C[C@@H]1CN(C(=O)Cc2cncc3ccccc23)CC[C@@H]1C
C[C@H](N(CC1=CC=CC=C1)C(=O)CC1=CN=CC2=CC=CC=C12)C(F)(F)F |&1:1|,ASAP-0008588,Train,4.48,4.33,C[C@H](N(CC1=CC=CC=C1)C(=O)CC1=CN=CC2=CC=CC=C12)C(F)(F)F,C[C@H](N(Cc1ccccc1)C(=O)Cc1cncc2ccccc12)C(F)(F)F
"O=C1C[C@H]2COC[C@H](C1)N2C(=O)CC1=CN=CC2=CC=CC=C12 |&1:3,&2:7|",ASAP-0029846,Train,,4.27,O=C1C[C@H]2COC[C@H](C1)N2C(=O)CC1=CN=CC2=CC=CC=C12,O=C1C[C@H]2COC[C@H](C1)N2C(=O)Cc1cncc2ccccc12
"O=C1[C@H](C2=CC=C(Cl)C(Cl)=C2)C[C@H](O)CN1C1=CN=CC2=CC=CC=C12 |&1:2,&2:12|",ASAP-0000485,Train,4.31,5.47,O=C1[C@H](C2=CC=C(Cl)C(Cl)=C2)C[C@H](O)CN1C1=CN=CC2=CC=CC=C12,O=C1[C@H](c2ccc(Cl)c(Cl)c2)C[C@H](O)CN1c1cncc2ccccc12
COC1=CC=CC(CNC(=O)CN2C[C@@]3(C(=O)N(C4=CN=CC5=CC=CC=C45)C[C@@H]3C)C3=CC(Cl)=CC=C3C2=O)=C1,ASAP-0000654,Train,6.6,7.16,COC1=CC=CC(CNC(=O)CN2C[C@@]3(C(=O)N(C4=CN=CC5=CC=CC=C45)C[C@@H]3C)C3=CC(Cl)=CC=C3C2=O)=C1,COc1cccc(CNC(=O)CN2C[C@@]3(C(=O)N(c4cncc5ccccc45)C[C@@H]3C)c3cc(Cl)ccc3C2=O)c1
O=C(CC1=CN=CC2=CC=CC=C12)N1CCC2(CC1)CC2,ASAP-0029710,Train,4.66,5.15,O=C(CC1=CN=CC2=CC=CC=C12)N1CCC2(CC1)CC2,O=C(Cc1cncc2ccccc12)N1CCC2(CC1)CC2
"C[C@H]1CC[C@]2(CN1S(C)(=O)=O)NC(=O)N(C1=CN=CC3=CC=CC=C13)C2=O |&1:1,4|",ASAP-0000521,Train,4.72,4.45,C[C@H]1CC[C@]2(CN1S(C)(=O)=O)NC(=O)N(C1=CN=CC3=CC=CC=C13)C2=O,C[C@H]1CC[C@]2(CN1S(C)(=O)=O)NC(=O)N(c1cncc3ccccc13)C2=O
C=C(CN(C(=O)[C@H]1CN(CC(=O)NC)CC2=CC=C(Cl)C=C21)C1=CN=CC2=CC=CC=C12)C(=O)O |&1:6|,ASAP-0008333,Train,4.68,4.88,C=C(CN(C(=O)[C@H]1CN(CC(=O)NC)CC2=CC=C(Cl)C=C21)C1=CN=CC2=CC=CC=C12)C(=O)O,C=C(CN(C(=O)[C@H]1CN(CC(=O)NC)Cc2ccc(Cl)cc21)c1cncc2ccccc12)C(=O)O
"C[C@H](C1=CC=CC=C1)[C@H]1CCCN(C(=O)CC2=CN=CC3=CC=CC=C23)C1 |&1:1,&2:8|",ASAP-0011494,Train,3.69,4.77,C[C@H](C1=CC=CC=C1)[C@H]1CCCN(C(=O)CC2=CN=CC3=CC=CC=C23)C1,C[C@H](c1ccccc1)[C@H]1CCCN(C(=O)Cc2cncc3ccccc23)C1
CCC[C@]1(CC2=CC=CC=C2)CCCN1C(=O)CC1=CN=CC2=CC=CC=C12 |&1:3|,ASAP-0011480,Train,5.01,5.1,CCC[C@]1(CC2=CC=CC=C2)CCCN1C(=O)CC1=CN=CC2=CC=CC=C12,CCC[C@]1(Cc2ccccc2)CCCN1C(=O)Cc1cncc2ccccc12
"CNCCN1C[C@@]2(C(=O)N(C3=CN=CC4=CC=CC=C34)C[C@@H]2CNC2=NC=NC=N2)C2=CC(Cl)=CC=C2C1=O |a:6,21|",ASAP-0017450,Train,6.75,7.4,CNCCN1C[C@@]2(C(=O)N(C3=CN=CC4=CC=CC=C34)C[C@@H]2CNC2=NC=NC=N2)C2=CC(Cl)=CC=C2C1=O,CNCCN1C[C@@]2(C(=O)N(c3cncc4ccccc34)C[C@@H]2CNc2ncncn2)c2cc(Cl)ccc2C1=O
COC1=CC=CC(C[C@H]2CCCN2C(=O)CC2=CN=CC3=CC=CC=C23)=C1 |&1:8|,ASAP-0029476,Train,4.26,5.23,COC1=CC=CC(C[C@H]2CCCN2C(=O)CC2=CN=CC3=CC=CC=C23)=C1,COc1cccc(C[C@H]2CCCN2C(=O)Cc2cncc3ccccc23)c1
CN1CCN(C(=O)CC2=CN=CC3=CC=CC=C23)CC1,ASAP-0031198,Train,4.34,,CN1CCN(C(=O)CC2=CN=CC3=CC=CC=C23)CC1,CN1CCN(C(=O)Cc2cncc3ccccc23)CC1
O=C(CC1=CN=CC2=CC=CC=C12)N1CC(CCC2=CC=CC=C2)C1,ASAP-0011272,Train,4.29,4.54,O=C(CC1=CN=CC2=CC=CC=C12)N1CC(CCC2=CC=CC=C2)C1,O=C(Cc1cncc2ccccc12)N1CC(CCc2ccccc2)C1
C=CC(=O)N1CCCC2=CC=C(N(CC3=CC=CC(C4=CC=CC=C4)=C3)C(=O)CC3=CN=CC4=CC=CC=C34)C=C21,ASAP-0022457,Train,5.03,5.88,C=CC(=O)N1CCCC2=CC=C(N(CC3=CC=CC(C4=CC=CC=C4)=C3)C(=O)CC3=CN=CC4=CC=CC=C34)C=C21,C=CC(=O)N1CCCc2ccc(N(Cc3cccc(-c4ccccc4)c3)C(=O)Cc3cncc4ccccc34)cc21
O=C(CC1=CN=CC2=CC=CC=C12)N1CCC[C@H]1C1=CC2=CC=CC=C2S1 |&1:17|,ASAP-0011477,Train,5.08,4.56,O=C(CC1=CN=CC2=CC=CC=C12)N1CCC[C@H]1C1=CC2=CC=CC=C2S1,O=C(Cc1cncc2ccccc12)N1CCC[C@H]1c1cc2ccccc2s1
CN(CC(=O)NC(C1=CC=CC=C1)C1=CC=CC=C1)C(=O)C1=CC=CN=C1,ASAP-0000813,Train,4.3,,CN(CC(=O)NC(C1=CC=CC=C1)C1=CC=CC=C1)C(=O)C1=CC=CN=C1,CN(CC(=O)NC(c1ccccc1)c1ccccc1)C(=O)c1cccnc1
C=CC(=O)NC1=CC=CC(N(CC2=CC=CC(C(=N)N)=C2)C(=O)CC2=CN=CC3=CC=CC=C23)=C1,ASAP-0013251,Train,4.27,5.18,C=CC(=O)NC1=CC=CC(N(CC2=CC=CC(C(=N)N)=C2)C(=O)CC2=CN=CC3=CC=CC=C23)=C1,C=CC(=O)Nc1cccc(N(Cc2cccc(C(=N)N)c2)C(=O)Cc2cncc3ccccc23)c1
"C[C@H]1COC[C@]2(C1)NC(=O)N(C1=CN=CC3=CC=CC=C13)C2=O |&1:1,5|",ASAP-0000447,Train,4.85,5.21,C[C@H]1COC[C@]2(C1)NC(=O)N(C1=CN=CC3=CC=CC=C13)C2=O,C[C@H]1COC[C@]2(C1)NC(=O)N(c1cncc3ccccc13)C2=O
CC1=NN(C2CCN(C(=O)CC3=CN=CC4=CC=CC=C34)CC2)C=C1,ASAP-0011209,Train,4.28,,CC1=NN(C2CCN(C(=O)CC3=CN=CC4=CC=CC=C34)CC2)C=C1,Cc1ccn(C2CCN(C(=O)Cc3cncc4ccccc34)CC2)n1
O=C(CC1=CN=CC2=CC=CC=C12)N1CC[C@H](C2CCCCC2)C1 |&1:16|,ASAP-0011225,Train,3.7,5.26,O=C(CC1=CN=CC2=CC=CC=C12)N1CC[C@H](C2CCCCC2)C1,O=C(Cc1cncc2ccccc12)N1CC[C@H](C2CCCCC2)C1
CCCN(CCC1=CC=CS1)C(=O)CC1=CN=CC2=CC=CC=C12,ASAP-0008387,Train,4.75,4.68,CCCN(CCC1=CC=CS1)C(=O)CC1=CN=CC2=CC=CC=C12,CCCN(CCc1cccs1)C(=O)Cc1cncc2ccccc12
CN(C(=O)C1=CN=CC2=CC=CC=C12)[C@H](C1=CC=CC(Cl)=C1)C1=CC=CC=N1 |&1:14|,ASAP-0008253,Train,3.84,,CN(C(=O)C1=CN=CC2=CC=CC=C12)[C@H](C1=CC=CC(Cl)=C1)C1=CC=CC=N1,CN(C(=O)c1cncc2ccccc12)[C@H](c1cccc(Cl)c1)c1ccccn1
CN(CCC1=CC=NC=C1)C(=O)C1=CN=CC2=CC=CC=C12,ASAP-0008251,Train,4.37,,CN(CCC1=CC=NC=C1)C(=O)C1=CN=CC2=CC=CC=C12,CN(CCc1ccncc1)C(=O)c1cncc2ccccc12
C[C@H]1CC(F)(F)CCN1C(=O)CC1=CN=CC2=CC=CC=C12 |o1:1|,ASAP-0030818,Train,5.59,5.29,C[C@H]1CC(F)(F)CCN1C(=O)CC1=CN=CC2=CC=CC=C12,C[C@H]1CC(F)(F)CCN1C(=O)Cc1cncc2ccccc12
N=C(N)NCCC1=CC=C(OC(=O)NC2=CC=CC=C2)C=C1,ASAP-0008429,Train,4.27,4.8,N=C(N)NCCC1=CC=C(OC(=O)NC2=CC=CC=C2)C=C1,N=C(N)NCCc1ccc(OC(=O)Nc2ccccc2)cc1
C[C@H](C(=O)N1CCC2=C(C=CS2)C1)C1=CN=CC2=CC=CC=C12 |&1:1|,ASAP-0031702,Train,4.27,4.09,C[C@H](C(=O)N1CCC2=C(C=CS2)C1)C1=CN=CC2=CC=CC=C12,C[C@H](C(=O)N1CCc2sccc2C1)c1cncc2ccccc12
O=C(CC1=C(F)C(F)=CC=C1F)NC1=CN=CC2=CC=CC=C12,ASAP-0000722,Train,1.0,4.51,O=C(CC1=C(F)C(F)=CC=C1F)NC1=CN=CC2=CC=CC=C12,O=C(Cc1c(F)ccc(F)c1F)Nc1cncc2ccccc12
O=C(CN1CC2=CC=C(Cl)C=C2[C@H](C(=O)NC2=CN=CC3=CC=CC=C23)C1)NCCC1=CC=C(Cl)C=C1Cl |&1:12|,ASAP-0000224,Train,5.69,6.97,O=C(CN1CC2=CC=C(Cl)C=C2[C@H](C(=O)NC2=CN=CC3=CC=CC=C23)C1)NCCC1=CC=C(Cl)C=C1Cl,O=C(CN1Cc2ccc(Cl)cc2[C@H](C(=O)Nc2cncc3ccccc23)C1)NCCc1ccc(Cl)cc1Cl
O=C(CC1=CN=CC2=CC=CC=C12)N1CCC[C@H](C(F)(F)F)C1 |a:17|,ASAP-0031839,Train,4.62,5.43,O=C(CC1=CN=CC2=CC=CC=C12)N1CCC[C@H](C(F)(F)F)C1,O=C(Cc1cncc2ccccc12)N1CCC[C@H](C(F)(F)F)C1
O=C(CC1=CN=CC2=CC=CC=C12)N1CC[C@H](CC2=CC=CC=N2)C1 |&1:16|,ASAP-0011490,Train,4.26,4.15,O=C(CC1=CN=CC2=CC=CC=C12)N1CC[C@H](CC2=CC=CC=N2)C1,O=C(Cc1cncc2ccccc12)N1CC[C@H](Cc2ccccn2)C1
O=C(CC1=CN=CC2=CC=CC=C12)N1CCC[C@H]1CC1=CC=CS1 |&1:17|,ASAP-0011458,Train,4.75,4.86,O=C(CC1=CN=CC2=CC=CC=C12)N1CCC[C@H]1CC1=CC=CS1,O=C(Cc1cncc2ccccc12)N1CCC[C@H]1Cc1cccs1
C[C@H]1CN(C(=O)CC2=CN=CC3=CC=CC=C23)CC2=C1SC=C2 |&1:1|,ASAP-0031506,Train,4.48,5.7,C[C@H]1CN(C(=O)CC2=CN=CC3=CC=CC=C23)CC2=C1SC=C2,C[C@H]1CN(C(=O)Cc2cncc3ccccc23)Cc2ccsc21
"CO[C@H]1CC[C@@H]2C(=O)N(C3=CN=CC4=CC=CC=C34)C(=O)N2C1 |o1:2,5|",ASAP-0000228,Train,4.23,4.22,CO[C@H]1CC[C@@H]2C(=O)N(C3=CN=CC4=CC=CC=C34)C(=O)N2C1,CO[C@H]1CC[C@@H]2C(=O)N(c3cncc4ccccc34)C(=O)N2C1
CNC(=O)[C@H](C)N1C[C@H](C(=O)NC2=CN=CC3=CC=CC=C23)C2=CC(Cl)=CC=C2C1=O |o1:8|,ASAP-0008671,Train,5.11,6.69,CNC(=O)[C@H](C)N1C[C@H](C(=O)NC2=CN=CC3=CC=CC=C23)C2=CC(Cl)=CC=C2C1=O,CNC(=O)[C@H](C)N1C[C@H](C(=O)Nc2cncc3ccccc23)c2cc(Cl)ccc2C1=O
"C[C@H]1CN(C2=CN=CC3=CC=CC=C23)C(=O)[C@@]12CN(CCN(C)C)C(=O)C1=CC=C(Cl)C=C12 |a:1,16|",ASAP-0015235,Train,6.36,7.38,C[C@H]1CN(C2=CN=CC3=CC=CC=C23)C(=O)[C@@]12CN(CCN(C)C)C(=O)C1=CC=C(Cl)C=C12,C[C@H]1CN(c2cncc3ccccc23)C(=O)[C@@]12CN(CCN(C)C)C(=O)c1ccc(Cl)cc12
CC1=CC=CC=C1C[C@H]1CCCN1C(=O)CC1=CN=CC2=CC=CC=C12 |&1:8|,ASAP-0011526,Train,4.09,4.43,CC1=CC=CC=C1C[C@H]1CCCN1C(=O)CC1=CN=CC2=CC=CC=C12,Cc1ccccc1C[C@H]1CCCN1C(=O)Cc1cncc2ccccc12
O=C(CC1=CC=CC=C1F)NC1=CN=CC2=CC=CC=C12,ASAP-0000712,Train,1.3,4.44,O=C(CC1=CC=CC=C1F)NC1=CN=CC2=CC=CC=C12,O=C(Cc1ccccc1F)Nc1cncc2ccccc12
"C[C@H](F)[C@H]1CCCN1C(=O)CC1=CN=CC2=CC=CC=C12 |&1:1,&2:3|",ASAP-0029276,Train,,4.07,C[C@H](F)[C@H]1CCCN1C(=O)CC1=CN=CC2=CC=CC=C12,C[C@H](F)[C@H]1CCCN1C(=O)Cc1cncc2ccccc12
NC(=O)CN(CC1=CC=CC(Cl)=C1)C(=O)CC1=CN=CC2=CC=CC=C12,ASAP-0031877,Train,4.74,5.48,NC(=O)CN(CC1=CC=CC(Cl)=C1)C(=O)CC1=CN=CC2=CC=CC=C12,NC(=O)CN(Cc1cccc(Cl)c1)C(=O)Cc1cncc2ccccc12
C=C(CN(C(=O)[C@H]1CCOC2=CC=C(Cl)C=C21)C1=CN=CC2=CC=CC=C12)C(=O)N1CCCCC1 |&1:6|,ASAP-0000515,Train,4.25,,C=C(CN(C(=O)[C@H]1CCOC2=CC=C(Cl)C=C21)C1=CN=CC2=CC=CC=C12)C(=O)N1CCCCC1,C=C(CN(C(=O)[C@H]1CCOc2ccc(Cl)cc21)c1cncc2ccccc12)C(=O)N1CCCCC1
O=C(CC1=CN=CC2=CC=CC=C12)N1CC[C@](F)(C2=CC=CC(C(F)(F)F)=C2)C1 |&1:16|,ASAP-0011464,Train,4.36,4.38,O=C(CC1=CN=CC2=CC=CC=C12)N1CC[C@](F)(C2=CC=CC(C(F)(F)F)=C2)C1,O=C(Cc1cncc2ccccc12)N1CC[C@](F)(c2cccc(C(F)(F)F)c2)C1
CNC(=O)C1=CC(Br)=CC([N+](=O)[O-])=C1N[C@@H]1CCCC[C@@H]1NC(=O)C1=CN=CC2=CC=CC=C12,ASAP-0008502,Train,6.2,8.22,CNC(=O)C1=CC(Br)=CC([N+](=O)[O-])=C1N[C@@H]1CCCC[C@@H]1NC(=O)C1=CN=CC2=CC=CC=C12,CNC(=O)c1cc(Br)cc([N+](=O)[O-])c1N[C@@H]1CCCC[C@@H]1NC(=O)c1cncc2ccccc12
CN1C(=O)N(C2=CN=CC3=CC=CC=C23)C(=O)C12CN(S(C)(=O)=O)C2,ASAP-0000151,Train,4.69,,CN1C(=O)N(C2=CN=CC3=CC=CC=C23)C(=O)C12CN(S(C)(=O)=O)C2,CN1C(=O)N(c2cncc3ccccc23)C(=O)C12CN(S(C)(=O)=O)C2
"C[C@H]1CC[C@H](C2=CC=CC=C2)N(C(=O)CC2=CN=CC3=CC=CC=C23)C1 |&1:1,&2:4|",ASAP-0011509,Train,4.82,5.02,C[C@H]1CC[C@H](C2=CC=CC=C2)N(C(=O)CC2=CN=CC3=CC=CC=C23)C1,C[C@H]1CC[C@H](c2ccccc2)N(C(=O)Cc2cncc3ccccc23)C1
"O=C(CC1=CN=CC2=CC=CC=C12)N1CC[C@H]2CCC[C@H]1C2 |&1:16,&2:20|",ASAP-0031240,Train,5.06,4.97,O=C(CC1=CN=CC2=CC=CC=C12)N1CC[C@H]2CCC[C@H]1C2,O=C(Cc1cncc2ccccc12)N1CC[C@H]2CCC[C@H]1C2
"C[C@H]1CN(C2=CN=CC3=CC=CC=C23)C(=O)[C@@]12CN(CC1=NN=CN1C)C(=O)C1=CC=C(F)C=C12 |a:1,16|",ASAP-0013735,Train,5.47,6.37,C[C@H]1CN(C2=CN=CC3=CC=CC=C23)C(=O)[C@@]12CN(CC1=NN=CN1C)C(=O)C1=CC=C(F)C=C12,C[C@H]1CN(c2cncc3ccccc23)C(=O)[C@@]12CN(Cc1nncn1C)C(=O)c1ccc(F)cc12
COC1=CC=CC(CNC(=O)CN2CC3=CC=C(Cl)C=C3[C@H](C(=O)NC3=CN=CC4=CC=CC=C34)C2)=C1 |&1:21|,ASAP-0000222,Train,5.96,7.08,COC1=CC=CC(CNC(=O)CN2CC3=CC=C(Cl)C=C3[C@H](C(=O)NC3=CN=CC4=CC=CC=C34)C2)=C1,COc1cccc(CNC(=O)CN2Cc3ccc(Cl)cc3[C@H](C(=O)Nc3cncc4ccccc34)C2)c1
O=C(CC1=CN=CC2=CC=CC=C12)N1CC[C@]2(CC=CCO2)C1 |&1:16|,ASAP-0029271,Train,,5.16,O=C(CC1=CN=CC2=CC=CC=C12)N1CC[C@]2(CC=CCO2)C1,O=C(Cc1cncc2ccccc12)N1CC[C@]2(CC=CCO2)C1
C[C@@H](O)C1CCN(C(=O)CC2=CN=CC3=CC=CC=C23)CC1 |a:1|,ASAP-0031192,Train,4.35,4.32,C[C@@H](O)C1CCN(C(=O)CC2=CN=CC3=CC=CC=C23)CC1,C[C@@H](O)C1CCN(C(=O)Cc2cncc3ccccc23)CC1
C[C@]1(C2=CC=CN=C2)CCCN(C(=O)CC2=CN=CC3=CC=CC=C23)C1 |&1:1|,ASAP-0011255,Train,4.26,,C[C@]1(C2=CC=CN=C2)CCCN(C(=O)CC2=CN=CC3=CC=CC=C23)C1,C[C@]1(c2cccnc2)CCCN(C(=O)Cc2cncc3ccccc23)C1
C=C(CN1CCC2=C(C=C(Cl)C=C2)C1C(=O)NC1=CN=CC2=CC=CC=C12)C(N)=O,ASAP-0000142,Train,4.92,5.29,C=C(CN1CCC2=C(C=C(Cl)C=C2)C1C(=O)NC1=CN=CC2=CC=CC=C12)C(N)=O,C=C(CN1CCc2ccc(Cl)cc2C1C(=O)Nc1cncc2ccccc12)C(N)=O
O=C1N[C@]2(C[C@@H](C3=CC=CC=C3)C2)C(=O)N1C1=CN=CC2=CC=CC=C12,ASAP-0000185,Train,5.02,6.87,O=C1N[C@]2(C[C@@H](C3=CC=CC=C3)C2)C(=O)N1C1=CN=CC2=CC=CC=C12,O=C1N[C@]2(C[C@@H](c3ccccc3)C2)C(=O)N1c1cncc2ccccc12
O=C(CC1=CN=CC2=CC=CC=C12)N1CCN(CC2=CC=CC=C2)C[C@H]1C1=CC=CC=C1 |&1:25|,ASAP-0011516,Train,4.18,5.15,O=C(CC1=CN=CC2=CC=CC=C12)N1CCN(CC2=CC=CC=C2)C[C@H]1C1=CC=CC=C1,O=C(Cc1cncc2ccccc12)N1CCN(Cc2ccccc2)C[C@H]1c1ccccc1
O=C(CC1=CN=CC2=CC=CC=C12)N1CCC[C@H](CCC(F)(F)F)C1 |&1:17|,ASAP-0011314,Train,4.64,4.76,O=C(CC1=CN=CC2=CC=CC=C12)N1CCC[C@H](CCC(F)(F)F)C1,O=C(Cc1cncc2ccccc12)N1CCC[C@H](CCC(F)(F)F)C1
C[C@H]1CN(C2=CN=CC3=CC=CC=C23)C(=O)[C@@]12CN(CC(=O)NCC1=CC=NN1C)C(=O)C1=CC=CC=C12,ASAP-0000651,Train,5.02,5.82,C[C@H]1CN(C2=CN=CC3=CC=CC=C23)C(=O)[C@@]12CN(CC(=O)NCC1=CC=NN1C)C(=O)C1=CC=CC=C12,C[C@H]1CN(c2cncc3ccccc23)C(=O)[C@@]12CN(CC(=O)NCc1ccnn1C)C(=O)c1ccccc12
"O=C(CC1=CN=CC2=CC=CC=C12)N1CC[C@H]2CC[C@H]2C1 |&1:16,19|",ASAP-0029550,Train,5.22,4.99,O=C(CC1=CN=CC2=CC=CC=C12)N1CC[C@H]2CC[C@H]2C1,O=C(Cc1cncc2ccccc12)N1CC[C@H]2CC[C@H]2C1
O=C(CC1=CN=CC2=CC=CC=C12)N1CCC([C@H]2CCCO2)CC1 |&1:17|,ASAP-0029583,Train,,4.52,O=C(CC1=CN=CC2=CC=CC=C12)N1CCC([C@H]2CCCO2)CC1,O=C(Cc1cncc2ccccc12)N1CCC([C@H]2CCCO2)CC1
O=C1[C@@H]2CN(CC3=CC=CC=C3)CCN2C(=O)N1C1=CN=CC2=CC=CC=C12,ASAP-0000235,Train,4.3,5.54,O=C1[C@@H]2CN(CC3=CC=CC=C3)CCN2C(=O)N1C1=CN=CC2=CC=CC=C12,O=C1[C@@H]2CN(Cc3ccccc3)CCN2C(=O)N1c1cncc2ccccc12
CN(C(=O)CC1=CN=CC2=CC=CC=C12)[C@H](C1=CC=C(Cl)C=C1)C1CC1 |&1:15|,ASAP-0008367,Train,4.4,4.8,CN(C(=O)CC1=CN=CC2=CC=CC=C12)[C@H](C1=CC=C(Cl)C=C1)C1CC1,CN(C(=O)Cc1cncc2ccccc12)[C@H](c1ccc(Cl)cc1)C1CC1
"CNC(=O)CN1C[C@]2(C[C@H](COC)N(C3=CN=CC4=CC=CC=C34)C2=O)C2=CC(Cl)=CC=C2C1=O |&1:7,9|",ASAP-0008316,Train,4.28,4.27,CNC(=O)CN1C[C@]2(C[C@H](COC)N(C3=CN=CC4=CC=CC=C34)C2=O)C2=CC(Cl)=CC=C2C1=O,CNC(=O)CN1C[C@]2(C[C@H](COC)N(c3cncc4ccccc34)C2=O)c2cc(Cl)ccc2C1=O
O=C(CC1=CN=CC2=CC=CC=C12)N1CCCC2(CCCC2)C1,ASAP-0011260,Train,4.0,4.98,O=C(CC1=CN=CC2=CC=CC=C12)N1CCCC2(CCCC2)C1,O=C(Cc1cncc2ccccc12)N1CCCC2(CCCC2)C1
CN(C)C1=CC=CC([C@H]2CCCN2C(=O)CC2=CN=CC3=CC=CC=C23)=C1 |&1:8|,ASAP-0011231,Train,4.21,4.34,CN(C)C1=CC=CC([C@H]2CCCN2C(=O)CC2=CN=CC3=CC=CC=C23)=C1,CN(C)c1cccc([C@H]2CCCN2C(=O)Cc2cncc3ccccc23)c1
C=CC(=O)N1CCCC2=CC=C(N(C(=O)CC3=CN=CC4=CC=CC=C34)N(C)C3=CC=CC(Cl)=C3)C=C21,ASAP-0022459,Train,5.79,8.19,C=CC(=O)N1CCCC2=CC=C(N(C(=O)CC3=CN=CC4=CC=CC=C34)N(C)C3=CC=CC(Cl)=C3)C=C21,C=CC(=O)N1CCCc2ccc(N(C(=O)Cc3cncc4ccccc34)N(C)c3cccc(Cl)c3)cc21
"O=C1NC[C@H]2CN(C(=O)CC3=CN=CC4=CC=CC=C34)CC[C@@H]12 |&1:4,22|",ASAP-0029663,Train,,4.06,O=C1NC[C@H]2CN(C(=O)CC3=CN=CC4=CC=CC=C34)CC[C@@H]12,O=C1NC[C@H]2CN(C(=O)Cc3cncc4ccccc34)CC[C@@H]12
O=C(CC1=CN=CC2=CC=CC=C12)N1CC[C@H](OCC2=CC=CC=C2)C1 |&1:16|,ASAP-0011342,Train,4.27,,O=C(CC1=CN=CC2=CC=CC=C12)N1CC[C@H](OCC2=CC=CC=C2)C1,O=C(Cc1cncc2ccccc12)N1CC[C@H](OCc2ccccc2)C1
C=C(CN(C(=O)[C@H]1CN(CC(=O)NC)CC2=CC=C(Cl)C=C21)C1=CN=CC2=CC=CC=C12)C(=O)NCC1=CC=C(OC)C=C1Cl,ASAP-0011656,Train,,7.48,C=C(CN(C(=O)[C@H]1CN(CC(=O)NC)CC2=CC=C(Cl)C=C21)C1=CN=CC2=CC=CC=C12)C(=O)NCC1=CC=C(OC)C=C1Cl,C=C(CN(C(=O)[C@H]1CN(CC(=O)NC)Cc2ccc(Cl)cc21)c1cncc2ccccc12)C(=O)NCc1ccc(OC)cc1Cl
O=C(O)C[C@H]1CCCN(C(=O)CC2=CN=CC3=CC=CC=C23)C1 |a:4|,ASAP-0031932,Train,4.22,,O=C(O)C[C@H]1CCCN(C(=O)CC2=CN=CC3=CC=CC=C23)C1,O=C(O)C[C@H]1CCCN(C(=O)Cc2cncc3ccccc23)C1
O=C(CC1=CN=CC2=CC=CC=C12)N1CCC[C@H]1CC1=CC=NC=C1 |&1:17|,ASAP-0011497,Train,3.95,,O=C(CC1=CN=CC2=CC=CC=C12)N1CCC[C@H]1CC1=CC=NC=C1,O=C(Cc1cncc2ccccc12)N1CCC[C@H]1Cc1ccncc1
CC(C)C[C@H]1CN(C(=O)COS(=O)(=O)N2CCN(C)CC2)CCN1CC1=CC=CC(Cl)=C1 |&1:4|,ASAP-0008283,Train,3.99,,CC(C)C[C@H]1CN(C(=O)COS(=O)(=O)N2CCN(C)CC2)CCN1CC1=CC=CC(Cl)=C1,CC(C)C[C@H]1CN(C(=O)COS(=O)(=O)N2CCN(C)CC2)CCN1Cc1cccc(Cl)c1
"CO[C@@H]1CN(C(=O)CC2=CN=CC3=CC=CC=C23)CC[C@H]1C |&1:2,20|",ASAP-0031251,Train,4.45,5.07,CO[C@@H]1CN(C(=O)CC2=CN=CC3=CC=CC=C23)CC[C@H]1C,CO[C@@H]1CN(C(=O)Cc2cncc3ccccc23)CC[C@H]1C
O=C(CC1=CN=CC2=CC=CC=C12)N1CCC2(C=CC3=CC=CC=C3O2)CC1,ASAP-0029460,Train,4.23,5.79,O=C(CC1=CN=CC2=CC=CC=C12)N1CCC2(C=CC3=CC=CC=C3O2)CC1,O=C(Cc1cncc2ccccc12)N1CCC2(C=Cc3ccccc3O2)CC1
"O=C(CC1=CN=CC2=CC=CC=C12)N1C[C@H]2CCCCCC[C@@H]2C1 |o1:15,22|",ASAP-0030750,Train,4.09,5.76,O=C(CC1=CN=CC2=CC=CC=C12)N1C[C@H]2CCCCCC[C@@H]2C1,O=C(Cc1cncc2ccccc12)N1C[C@H]2CCCCCC[C@@H]2C1
CN(C(=O)C1=CN=CC2=CC=CC=C12)[C@H]1C2=CC=CC=C2C[C@H]1O,ASAP-0000803,Train,4.19,,CN(C(=O)C1=CN=CC2=CC=CC=C12)[C@H]1C2=CC=CC=C2C[C@H]1O,CN(C(=O)c1cncc2ccccc12)[C@H]1c2ccccc2C[C@H]1O
O=C([C@H]1CCCN1C(=O)CC1=CN=CC2=CC=CC=C12)N1CCCCCC1 |&1:2|,ASAP-0011371,Train,4.34,,O=C([C@H]1CCCN1C(=O)CC1=CN=CC2=CC=CC=C12)N1CCCCCC1,O=C([C@H]1CCCN1C(=O)Cc1cncc2ccccc12)N1CCCCCC1
O=C(CC1=CN=CC2=CC=CC=C12)N1CCC[C@H](CCO)C1 |a:17|,ASAP-0031785,Train,4.26,4.1,O=C(CC1=CN=CC2=CC=CC=C12)N1CCC[C@H](CCO)C1,O=C(Cc1cncc2ccccc12)N1CCC[C@H](CCO)C1
"CNC(=O)CN1C[C@@]2(C(=O)N(C3=CN=CC4=CC=CC=C34)C[C@@H]2COC(C)C)C2=CC(F)=CC=C2C1=O |a:7,22|",ASAP-0013834,Train,5.27,6.73,CNC(=O)CN1C[C@@]2(C(=O)N(C3=CN=CC4=CC=CC=C34)C[C@@H]2COC(C)C)C2=CC(F)=CC=C2C1=O,CNC(=O)CN1C[C@@]2(C(=O)N(c3cncc4ccccc34)C[C@@H]2COC(C)C)c2cc(F)ccc2C1=O
CN(CC1=CC=CC(Cl)=C1)C(=O)CC1=CN=CC2=CC=CC=C12,ASAP-0008371,Train,4.44,5.23,CN(CC1=CC=CC(Cl)=C1)C(=O)CC1=CN=CC2=CC=CC=C12,CN(Cc1cccc(Cl)c1)C(=O)Cc1cncc2ccccc12
CCOC1=CC=CC(CNC(=O)CN2CC3=CC=C(Cl)C=C3[C@H](C(=O)NC3=CN=CC4=CC=CC=C34)C2)=C1 |&1:22|,ASAP-0000216,Train,6.04,7.05,CCOC1=CC=CC(CNC(=O)CN2CC3=CC=C(Cl)C=C3[C@H](C(=O)NC3=CN=CC4=CC=CC=C34)C2)=C1,CCOc1cccc(CNC(=O)CN2Cc3ccc(Cl)cc3[C@H](C(=O)Nc3cncc4ccccc34)C2)c1
O=C(C1=CC=CS1)C1CCN(C(=O)CC2=CN=CC3=CC=CC=C23)CC1,ASAP-0029488,Train,,4.78,O=C(C1=CC=CS1)C1CCN(C(=O)CC2=CN=CC3=CC=CC=C23)CC1,O=C(c1cccs1)C1CCN(C(=O)Cc2cncc3ccccc23)CC1
O=C(CC1=CN=CC2=CC=CC=C12)N1CCC(C2=CN=CO2)CC1,ASAP-0011325,Train,4.29,4.4,O=C(CC1=CN=CC2=CC=CC=C12)N1CCC(C2=CN=CO2)CC1,O=C(Cc1cncc2ccccc12)N1CCC(c2cnco2)CC1
CC(C)[C@]1(C#N)CCN(C(=O)CC2=CN=CC3=CC=CC=C23)C1 |o1:3|,ASAP-0030982,Train,4.46,5.1,CC(C)[C@]1(C#N)CCN(C(=O)CC2=CN=CC3=CC=CC=C23)C1,CC(C)[C@]1(C#N)CCN(C(=O)Cc2cncc3ccccc23)C1
O=C(C1=CN=CC2=CC=CC=C12)N1CCOC[C@H]1C1=CC=CC(Cl)=C1 |&1:17|,ASAP-0008246,Train,4.2,,O=C(C1=CN=CC2=CC=CC=C12)N1CCOC[C@H]1C1=CC=CC(Cl)=C1,O=C(c1cncc2ccccc12)N1CCOC[C@H]1c1cccc(Cl)c1
O=C(CN1CC2=CC=C(Cl)C=C2[C@H](C(=O)NC2=CN=CC3=CC=CC=C23)C1)NC1=CC=C(N2CCOCC2=O)C=C1 |&1:12|,ASAP-0000156,Train,5.05,7.17,O=C(CN1CC2=CC=C(Cl)C=C2[C@H](C(=O)NC2=CN=CC3=CC=CC=C23)C1)NC1=CC=C(N2CCOCC2=O)C=C1,O=C(CN1Cc2ccc(Cl)cc2[C@H](C(=O)Nc2cncc3ccccc23)C1)Nc1ccc(N2CCOCC2=O)cc1
CN1C(=O)C2=CC=C(Cl)C=C2[C@]12CCN(C1=CN=CC3=CC=CC=C13)C2=O |&1:11|,ASAP-0010910,Train,3.43,4.73,CN1C(=O)C2=CC=C(Cl)C=C2[C@]12CCN(C1=CN=CC3=CC=CC=C13)C2=O,CN1C(=O)c2ccc(Cl)cc2[C@]12CCN(c1cncc3ccccc13)C2=O
CC1=CC=C([C@H]2CCCN2C(=O)CC2=CN=CC3=CC=CC=C23)C=C1 |&1:5|,ASAP-0011262,Train,4.66,4.32,CC1=CC=C([C@H]2CCCN2C(=O)CC2=CN=CC3=CC=CC=C23)C=C1,Cc1ccc([C@H]2CCCN2C(=O)Cc2cncc3ccccc23)cc1
"O=C(CC1=CN=CC2=CC=CC=C12)N1C[C@@H]2[C@H](C1)[C@H]2C(F)(F)F |a:15,16,18|",ASAP-0029609,Train,4.65,5.32,O=C(CC1=CN=CC2=CC=CC=C12)N1C[C@@H]2[C@H](C1)[C@H]2C(F)(F)F,O=C(Cc1cncc2ccccc12)N1C[C@@H]2[C@H](C1)[C@H]2C(F)(F)F
CC1=CC([C@H]2CCN(C(=O)CC3=CN=CC4=CC=CC=C34)C2)=CS1 |&1:4|,ASAP-0011501,Train,3.11,5.09,CC1=CC([C@H]2CCN(C(=O)CC3=CN=CC4=CC=CC=C34)C2)=CS1,Cc1cc([C@H]2CCN(C(=O)Cc3cncc4ccccc34)C2)cs1
CN1C(CC2=CC=CC=C2)=NN(C2=CN=CC3=CC=CC=C23)C1=O,ASAP-0000536,Train,4.43,5.04,CN1C(CC2=CC=CC=C2)=NN(C2=CN=CC3=CC=CC=C23)C1=O,Cn1c(Cc2ccccc2)nn(-c2cncc3ccccc23)c1=O
CCC(=O)N1CCCC2=C1C=CC=C2N(CC1=CC=CC(Cl)=C1)C(=O)CC1=CN=CC2=CC=CC=C12,ASAP-0016547,Train,5.69,5.89,CCC(=O)N1CCCC2=C1C=CC=C2N(CC1=CC=CC(Cl)=C1)C(=O)CC1=CN=CC2=CC=CC=C12,CCC(=O)N1CCCc2c1cccc2N(Cc1cccc(Cl)c1)C(=O)Cc1cncc2ccccc12
CN(CCC1=CC=CC=C1)C(=O)C1=CN=CC2=CC=CC=C12,ASAP-0008267,Train,4.25,,CN(CCC1=CC=CC=C1)C(=O)C1=CN=CC2=CC=CC=C12,CN(CCc1ccccc1)C(=O)c1cncc2ccccc12
CNC(=O)CN1C[C@@]2(C(=O)N(C3=CN=CC4=CC=CC=C34)C[C@@H]2CC#N)C2=CC(F)=CC=C2C1=O,ASAP-0011139,Train,5.58,6.77,CNC(=O)CN1C[C@@]2(C(=O)N(C3=CN=CC4=CC=CC=C34)C[C@@H]2CC#N)C2=CC(F)=CC=C2C1=O,CNC(=O)CN1C[C@@]2(C(=O)N(c3cncc4ccccc34)C[C@@H]2CC#N)c2cc(F)ccc2C1=O
O=C(CC1=CN=CC2=CC=CC=C12)N1CC[C@H](CC2=CC=CC(Cl)=C2)C1 |&1:16|,ASAP-0011312,Train,4.04,4.98,O=C(CC1=CN=CC2=CC=CC=C12)N1CC[C@H](CC2=CC=CC(Cl)=C2)C1,O=C(Cc1cncc2ccccc12)N1CC[C@H](Cc2cccc(Cl)c2)C1
CN1C[C@H](C(=O)NC2=CN=CC3=CC=CC=C23)C2=CC=CC=C2C1=O |o1:3|,ASAP-0008332,Train,4.5,5.22,CN1C[C@H](C(=O)NC2=CN=CC3=CC=CC=C23)C2=CC=CC=C2C1=O,CN1C[C@H](C(=O)Nc2cncc3ccccc23)c2ccccc2C1=O
CN1N=CC=C1[C@H]1CCCN1C(=O)CC1=CN=CC2=CC=CC=C12 |&1:6|,ASAP-0029358,Train,,4.26,CN1N=CC=C1[C@H]1CCCN1C(=O)CC1=CN=CC2=CC=CC=C12,Cn1nccc1[C@H]1CCCN1C(=O)Cc1cncc2ccccc12
O=C(CC1=CN=CC2=CC=CC=C12)N1CCC(C2=NC=CS2)CC1,ASAP-0011502,Train,4.23,4.44,O=C(CC1=CN=CC2=CC=CC=C12)N1CCC(C2=NC=CS2)CC1,O=C(Cc1cncc2ccccc12)N1CCC(c2nccs2)CC1
O=C(CC1=CN=CC2=CC=CC=C12)N1CCC[C@@H](C(F)(F)F)C1 |a:17|,ASAP-0031750,Train,4.0,4.74,O=C(CC1=CN=CC2=CC=CC=C12)N1CCC[C@@H](C(F)(F)F)C1,O=C(Cc1cncc2ccccc12)N1CCC[C@@H](C(F)(F)F)C1
"C[C@H]1CCN(C(=O)CC2=CN=CC3=CC=CC=C23)[C@H]2C(=O)NC[C@@H]12 |o1:1,18,23|",ASAP-0031127,Train,4.41,5.49,C[C@H]1CCN(C(=O)CC2=CN=CC3=CC=CC=C23)[C@H]2C(=O)NC[C@@H]12,C[C@H]1CCN(C(=O)Cc2cncc3ccccc23)[C@H]2C(=O)NC[C@@H]12
O=C(CC1=CC(Cl)=CC=C1F)NC1=CN=CC2=CC=CC=C12,ASAP-0000730,Train,4.81,5.97,O=C(CC1=CC(Cl)=CC=C1F)NC1=CN=CC2=CC=CC=C12,O=C(Cc1cc(Cl)ccc1F)Nc1cncc2ccccc12
C=CC(=O)NC(C(=O)NC1=CN=CC2=CC=CC=C12)C1=CC(Cl)=C(Cl)C=C1,ASAP-0000176,Train,5.16,5.5,C=CC(=O)NC(C(=O)NC1=CN=CC2=CC=CC=C12)C1=CC(Cl)=C(Cl)C=C1,C=CC(=O)NC(C(=O)Nc1cncc2ccccc12)c1ccc(Cl)c(Cl)c1
O=C(C1=CN=CC2=CC=CC=C12)N1CCCC[C@H]1C1=CC=C(Cl)C=C1 |&1:17|,ASAP-0008266,Train,4.44,,O=C(C1=CN=CC2=CC=CC=C12)N1CCCC[C@H]1C1=CC=C(Cl)C=C1,O=C(c1cncc2ccccc12)N1CCCC[C@H]1c1ccc(Cl)cc1
"O=C(CC1=CN=CC2=CC=CC=C12)N1CC[C@H]2CCCC[C@H]21 |&1:16,21|",ASAP-0008368,Train,3.96,4.5,O=C(CC1=CN=CC2=CC=CC=C12)N1CC[C@H]2CCCC[C@H]21,O=C(Cc1cncc2ccccc12)N1CC[C@H]2CCCC[C@H]21
CC1=CC=C2CN(C(=O)CC3=CN=CC4=CC=CC=C34)CCC2=N1,ASAP-0031322,Train,4.35,4.44,CC1=CC=C2CN(C(=O)CC3=CN=CC4=CC=CC=C34)CCC2=N1,Cc1ccc2c(n1)CCN(C(=O)Cc1cncc3ccccc13)C2
CC1=CC(O[C@H]2CCN(C(=O)CC3=CN=CC4=CC=CC=C34)C2)=CC=N1 |&1:5|,ASAP-0011351,Train,4.25,,CC1=CC(O[C@H]2CCN(C(=O)CC3=CN=CC4=CC=CC=C34)C2)=CC=N1,Cc1cc(O[C@H]2CCN(C(=O)Cc3cncc4ccccc34)C2)ccn1
CC(C)N(CC1=CC=CC(Cl)=C1)C(=O)CC1=CN=CC2=CC=CC=C12,ASAP-0008394,Train,4.62,5.82,CC(C)N(CC1=CC=CC(Cl)=C1)C(=O)CC1=CN=CC2=CC=CC=C12,CC(C)N(Cc1cccc(Cl)c1)C(=O)Cc1cncc2ccccc12
O=C(CC1=CC(F)=CC=C1Cl)NC1=CN=CC2=CC=CC=C12,ASAP-0000717,Train,4.54,5.56,O=C(CC1=CC(F)=CC=C1Cl)NC1=CN=CC2=CC=CC=C12,O=C(Cc1cc(F)ccc1Cl)Nc1cncc2ccccc12
O=C(CN1CC2=CC=C(Cl)C=C2[C@H](C(=O)NC2=CN=CC3=CC=CC=C23)C1)NC1=CC=CC=C1 |&1:12|,ASAP-0000208,Train,5.65,7.01,O=C(CN1CC2=CC=C(Cl)C=C2[C@H](C(=O)NC2=CN=CC3=CC=CC=C23)C1)NC1=CC=CC=C1,O=C(CN1Cc2ccc(Cl)cc2[C@H](C(=O)Nc2cncc3ccccc23)C1)Nc1ccccc1
O=C(CC1=CN=CC2=CC=CC=C12)N1CCC[C@H](CC(F)(F)F)C1 |&1:17|,ASAP-0011292,Train,4.07,4.99,O=C(CC1=CN=CC2=CC=CC=C12)N1CCC[C@H](CC(F)(F)F)C1,O=C(Cc1cncc2ccccc12)N1CCC[C@H](CC(F)(F)F)C1
O=C1C[C@H](CC2=CC=CC=C2)CN1C1=CN=CC2=CC=CC=C12 |&1:3|,ASAP-0000438,Train,4.38,4.91,O=C1C[C@H](CC2=CC=CC=C2)CN1C1=CN=CC2=CC=CC=C12,O=C1C[C@H](Cc2ccccc2)CN1c1cncc2ccccc12
"C=C(C(=O)OC)[C@H]1C[C@]2(CN(CC(=O)OC(C)(C)C)C(=O)C3=CC=C(Cl)C=C32)C(=O)N1C1=CN=CC2=CC=CC=C12 |&1:6,&2:8|",ASAP-0014946,Train,4.24,6.17,C=C(C(=O)OC)[C@H]1C[C@]2(CN(CC(=O)OC(C)(C)C)C(=O)C3=CC=C(Cl)C=C32)C(=O)N1C1=CN=CC2=CC=CC=C12,C=C(C(=O)OC)[C@H]1C[C@]2(CN(CC(=O)OC(C)(C)C)C(=O)c3ccc(Cl)cc32)C(=O)N1c1cncc2ccccc12
O=C(CC1=CN=CC2=CC=CC=C12)N1CCC[C@H](N2CCCC2)C1 |&1:17|,ASAP-0012345,Train,9.0,,O=C(CC1=CN=CC2=CC=CC=C12)N1CCC[C@H](N2CCCC2)C1,O=C(Cc1cncc2ccccc12)N1CCC[C@H](N2CCCC2)C1
O=C1N[C@]2(C[C@@H](C3=CC=C(Cl)C=C3)C2)C(=O)N1C1=CN=CC2=CC=CC=C12,ASAP-0000184,Train,5.11,7.04,O=C1N[C@]2(C[C@@H](C3=CC=C(Cl)C=C3)C2)C(=O)N1C1=CN=CC2=CC=CC=C12,O=C1N[C@]2(C[C@@H](c3ccc(Cl)cc3)C2)C(=O)N1c1cncc2ccccc12
C[C@H]1CN(C2=CN=CC3=CC=CC=C23)C(=O)[C@@]12CN(CC(=O)NCC1(F)CC1)C(=O)C1=CC=C(Cl)C=C12,ASAP-0011368,Train,5.76,7.03,C[C@H]1CN(C2=CN=CC3=CC=CC=C23)C(=O)[C@@]12CN(CC(=O)NCC1(F)CC1)C(=O)C1=CC=C(Cl)C=C12,C[C@H]1CN(c2cncc3ccccc23)C(=O)[C@@]12CN(CC(=O)NCC1(F)CC1)C(=O)c1ccc(Cl)cc12
C=C(CN(C(=O)[C@H]1CN(CC(=O)NC)CC2=CC=C(Cl)C=C21)C1=CN=CC2=CC=CC=C12)C(=O)NC |&1:6|,ASAP-0008475,Train,5.01,6.72,C=C(CN(C(=O)[C@H]1CN(CC(=O)NC)CC2=CC=C(Cl)C=C21)C1=CN=CC2=CC=CC=C12)C(=O)NC,C=C(CN(C(=O)[C@H]1CN(CC(=O)NC)Cc2ccc(Cl)cc21)c1cncc2ccccc12)C(=O)NC
O=C(CC1=CN=CC2=CC=CC=C12)N1CCC2(CCCCC2)CC1,ASAP-0011324,Train,4.59,5.99,O=C(CC1=CN=CC2=CC=CC=C12)N1CCC2(CCCCC2)CC1,O=C(Cc1cncc2ccccc12)N1CCC2(CCCCC2)CC1
"CN(C(=O)C1=CN=CC2=CC=CC=C12)[C@H]1CC2=CC=CC=C2[C@H]1O |&1:14,22|",ASAP-0008249,Train,4.21,,CN(C(=O)C1=CN=CC2=CC=CC=C12)[C@H]1CC2=CC=CC=C2[C@H]1O,CN(C(=O)c1cncc2ccccc12)[C@H]1Cc2ccccc2[C@H]1O
CNC(=O)C1(N2C[C@@]3(CCN(C4=CN=CC5=CC=CC=C45)C3=O)C3=CC(Cl)=CC=C3C2=O)CC1 |a:7|,ASAP-0014213,Train,9.0,4.4,CNC(=O)C1(N2C[C@@]3(CCN(C4=CN=CC5=CC=CC=C45)C3=O)C3=CC(Cl)=CC=C3C2=O)CC1,CNC(=O)C1(N2C[C@@]3(CCN(c4cncc5ccccc45)C3=O)c3cc(Cl)ccc3C2=O)CC1
COC1CC2(CCN(C(=O)CC3=CN=CC4=CC=CC=C34)CC2)C1,ASAP-0029639,Train,4.27,5.36,COC1CC2(CCN(C(=O)CC3=CN=CC4=CC=CC=C34)CC2)C1,COC1CC2(CCN(C(=O)Cc3cncc4ccccc34)CC2)C1
CN1C[C@H](C(=O)NC2=CN=CC3=CC=CC=C23)C2=CC=CC=C2C1=O |o1:3|,ASAP-0008357,Train,4.27,,CN1C[C@H](C(=O)NC2=CN=CC3=CC=CC=C23)C2=CC=CC=C2C1=O,CN1C[C@H](C(=O)Nc2cncc3ccccc23)c2ccccc2C1=O
C=C(CN(C(=O)NC1=CN=CC2=CC=CC=C12)C1=CC=CC(Cl)=C1)C(=O)O,ASAP-0000484,Train,4.54,5.49,C=C(CN(C(=O)NC1=CN=CC2=CC=CC=C12)C1=CC=CC(Cl)=C1)C(=O)O,C=C(CN(C(=O)Nc1cncc2ccccc12)c1cccc(Cl)c1)C(=O)O
"O=C(CC1=CN=CC2=CC=CC=C12)N1CC[C@H]2CCC(F)(F)C[C@H]2C1 |&1:16,&2:23|",ASAP-0029343,Train,5.17,6.05,O=C(CC1=CN=CC2=CC=CC=C12)N1CC[C@H]2CCC(F)(F)C[C@H]2C1,O=C(Cc1cncc2ccccc12)N1CC[C@H]2CCC(F)(F)C[C@H]2C1
C[C@H]1CCCN(C(=O)CC2=CN=CC3=CC=CC=C23)CC1 |o1:1|,ASAP-0030717,Train,5.22,5.79,C[C@H]1CCCN(C(=O)CC2=CN=CC3=CC=CC=C23)CC1,C[C@H]1CCCN(C(=O)Cc2cncc3ccccc23)CC1
C=CC(=O)N1CCC2=C1C=CC=C2N(CC1=CC=CC(Cl)=C1)C(=O)CC1=CN=CC2=CC=CC=C12,ASAP-0011040,Train,5.42,5.08,C=CC(=O)N1CCC2=C1C=CC=C2N(CC1=CC=CC(Cl)=C1)C(=O)CC1=CN=CC2=CC=CC=C12,C=CC(=O)N1CCc2c1cccc2N(Cc1cccc(Cl)c1)C(=O)Cc1cncc2ccccc12
O=C(CC1=CN=CC2=CC=CC=C12)N1CCC[C@H]1C1=CC(F)=CC(F)=C1 |&1:17|,ASAP-0011232,Train,3.6,5.73,O=C(CC1=CN=CC2=CC=CC=C12)N1CCC[C@H]1C1=CC(F)=CC(F)=C1,O=C(Cc1cncc2ccccc12)N1CCC[C@H]1c1cc(F)cc(F)c1
CNC(=O)CN1C[C@]2(C(=O)N(C3=CN=CC4=CC=CC=C34)CC23CC3)C2=CC(Cl)=CC=C2C1=O |&1:7|,ASAP-0000542,Train,4.74,6.1,CNC(=O)CN1C[C@]2(C(=O)N(C3=CN=CC4=CC=CC=C34)CC23CC3)C2=CC(Cl)=CC=C2C1=O,CNC(=O)CN1C[C@]2(C(=O)N(c3cncc4ccccc34)CC23CC3)c2cc(Cl)ccc2C1=O
"C=C(C(=O)NC1=CC=CC=C1)[C@H]1C[C@]2(CN(CC(=O)NC)C(=O)C3=CC=C(Cl)C=C32)C(=O)N1C1=CN=CC2=CC=CC=C12 |&1:11,&2:13|",ASAP-0017393,Train,4.59,5.59,C=C(C(=O)NC1=CC=CC=C1)[C@H]1C[C@]2(CN(CC(=O)NC)C(=O)C3=CC=C(Cl)C=C32)C(=O)N1C1=CN=CC2=CC=CC=C12,C=C(C(=O)Nc1ccccc1)[C@H]1C[C@]2(CN(CC(=O)NC)C(=O)c3ccc(Cl)cc32)C(=O)N1c1cncc2ccccc12
"O=C(CC1=CN=CC2=CC=CC=C12)N1CC[C@H]2[C@H](F)[C@H]2C1 |&1:16,&2:17,&3:19|",ASAP-0031367,Train,5.15,5.2,O=C(CC1=CN=CC2=CC=CC=C12)N1CC[C@H]2[C@H](F)[C@H]2C1,O=C(Cc1cncc2ccccc12)N1CC[C@H]2[C@H](F)[C@H]2C1
